,mean_fit_time,std_fit_time,mean_score_time,std_score_time,param_NN__alpha,param_NN__hidden_layer_sizes,param_ica__n_components,params,split0_test_score,split1_test_score,split2_test_score,split3_test_score,split4_test_score,mean_test_score,std_test_score,rank_test_score,split0_train_score,split1_train_score,split2_train_score,split3_train_score,split4_train_score,mean_train_score,std_train_score
0,0.463800048828125,0.015816389724202,0.002400112152099609,0.0004899208705145337,0.1,"(25,)",2,"{'NN__alpha': 0.1, 'NN__hidden_layer_sizes': (25,), 'ica__n_components': 2}",0.7307030319078511,0.730667372881356,0.7307641372003708,0.7307641372003708,0.7307641372003708,0.7307325599872875,4.028095447578355e-05,139,0.7307399437179275,0.7307488578428127,0.7307246664680372,0.7307246664680372,0.7307246664680372,0.7307325601929703,1.0070377462007993e-05
1,0.49359993934631347,0.013965648775218338,0.0019999980926513673,1.1680077279964343e-07,0.1,"(25,)",3,"{'NN__alpha': 0.1, 'NN__hidden_layer_sizes': (25,), 'ica__n_components': 3}",0.7307030319078511,0.730667372881356,0.7307641372003708,0.7307641372003708,0.7307641372003708,0.7307325599872875,4.028095447578355e-05,139,0.7307399437179275,0.7307488578428127,0.7307246664680372,0.7307246664680372,0.7307246664680372,0.7307325601929703,1.0070377462007993e-05
2,0.48059978485107424,0.010632159748691307,0.0024001598358154297,0.0004898819214545809,0.1,"(25,)",4,"{'NN__alpha': 0.1, 'NN__hidden_layer_sizes': (25,), 'ica__n_components': 4}",0.7307030319078511,0.730667372881356,0.7307641372003708,0.7307641372003708,0.7307641372003708,0.7307325599872875,4.028095447578355e-05,139,0.7307399437179275,0.7307488578428127,0.7307246664680372,0.7307246664680372,0.7307246664680372,0.7307325601929703,1.0070377462007993e-05
3,0.49540004730224607,0.010229366439508631,0.0027999401092529295,0.00040004254453151935,0.1,"(25,)",5,"{'NN__alpha': 0.1, 'NN__hidden_layer_sizes': (25,), 'ica__n_components': 5}",0.7307030319078511,0.730667372881356,0.7307641372003708,0.7307641372003708,0.7307641372003708,0.7307325599872875,4.028095447578355e-05,139,0.7307399437179275,0.7307488578428127,0.7307246664680372,0.7307246664680372,0.7307246664680372,0.7307325601929703,1.0070377462007993e-05
4,0.5139999866485596,0.009899528847413326,0.002200031280517578,0.00039999486081696955,0.1,"(25,)",6,"{'NN__alpha': 0.1, 'NN__hidden_layer_sizes': (25,), 'ica__n_components': 6}",0.7307030319078511,0.730667372881356,0.7307641372003708,0.7307641372003708,0.7307641372003708,0.7307325599872875,4.028095447578355e-05,139,0.7307399437179275,0.7307488578428127,0.7307246664680372,0.7307246664680372,0.7307246664680372,0.7307325601929703,1.0070377462007993e-05
5,0.5389999389648438,0.013725907515263206,0.0023999691009521486,0.0004899403160383116,0.1,"(25,)",7,"{'NN__alpha': 0.1, 'NN__hidden_layer_sizes': (25,), 'ica__n_components': 7}",0.7307030319078511,0.730667372881356,0.7307641372003708,0.7307641372003708,0.7307641372003708,0.7307325599872875,4.028095447578355e-05,139,0.7307399437179275,0.7307488578428127,0.7307246664680372,0.7307246664680372,0.7307246664680372,0.7307325601929703,1.0070377462007993e-05
6,0.5788000106811524,0.010008048054529924,0.0024000167846679687,0.0004899013824479931,0.1,"(25,)",8,"{'NN__alpha': 0.1, 'NN__hidden_layer_sizes': (25,), 'ica__n_components': 8}",0.7307030319078511,0.730667372881356,0.7307641372003708,0.7307641372003708,0.7307641372003708,0.7307325599872875,4.028095447578355e-05,139,0.7307399437179275,0.7307488578428127,0.7307246664680372,0.7307246664680372,0.7307246664680372,0.7307325601929703,1.0070377462007993e-05
7,0.5714001178741455,0.012563502340251756,0.0033998966217041017,0.0004899403160383116,0.1,"(50,)",2,"{'NN__alpha': 0.1, 'NN__hidden_layer_sizes': (50,), 'ica__n_components': 2}",0.7307030319078511,0.730667372881356,0.7307641372003708,0.7307641372003708,0.7307641372003708,0.7307325599872875,4.028095447578355e-05,139,0.7307399437179275,0.7307488578428127,0.7307246664680372,0.7307246664680372,0.7307246664680372,0.7307325601929703,1.0070377462007993e-05
8,0.5793999671936035,0.012626893556322372,0.003200054168701172,0.0004000663757324219,0.1,"(50,)",3,"{'NN__alpha': 0.1, 'NN__hidden_layer_sizes': (50,), 'ica__n_components': 3}",0.7307030319078511,0.730667372881356,0.7307641372003708,0.7307641372003708,0.7307641372003708,0.7307325599872875,4.028095447578355e-05,139,0.7307399437179275,0.7307488578428127,0.7307246664680372,0.7307246664680372,0.7307246664680372,0.7307325601929703,1.0070377462007993e-05
9,0.6278000354766846,0.004354244486323165,0.0034000396728515623,0.0004898235152673564,0.1,"(50,)",4,"{'NN__alpha': 0.1, 'NN__hidden_layer_sizes': (50,), 'ica__n_components': 4}",0.7307030319078511,0.730667372881356,0.7307641372003708,0.7307641372003708,0.7307641372003708,0.7307325599872875,4.028095447578355e-05,139,0.7307399437179275,0.7307488578428127,0.7307246664680372,0.7307246664680372,0.7307246664680372,0.7307325601929703,1.0070377462007993e-05
10,0.6363998889923096,0.01347000982115023,0.0032001018524169924,0.00040004254453151935,0.1,"(50,)",5,"{'NN__alpha': 0.1, 'NN__hidden_layer_sizes': (50,), 'ica__n_components': 5}",0.7307030319078511,0.730667372881356,0.7307641372003708,0.7307641372003708,0.7307641372003708,0.7307325599872875,4.028095447578355e-05,139,0.7307399437179275,0.7307488578428127,0.7307246664680372,0.7307246664680372,0.7307246664680372,0.7307325601929703,1.0070377462007993e-05
11,0.6663999557495117,0.013047709063516391,0.0036000728607177733,0.0004899403160383115,0.1,"(50,)",6,"{'NN__alpha': 0.1, 'NN__hidden_layer_sizes': (50,), 'ica__n_components': 6}",0.7307030319078511,0.730667372881356,0.7307641372003708,0.7307641372003708,0.7307641372003708,0.7307325599872875,4.028095447578355e-05,139,0.7307399437179275,0.7307488578428127,0.7307246664680372,0.7307246664680372,0.7307246664680372,0.7307325601929703,1.0070377462007993e-05
12,0.6872000217437744,0.018082016879342522,0.003199911117553711,0.000400018706226792,0.1,"(50,)",7,"{'NN__alpha': 0.1, 'NN__hidden_layer_sizes': (50,), 'ica__n_components': 7}",0.7307030319078511,0.730667372881356,0.7307641372003708,0.7307641372003708,0.7307641372003708,0.7307325599872875,4.028095447578355e-05,139,0.7307399437179275,0.7307488578428127,0.7307246664680372,0.7307246664680372,0.7307246664680372,0.7307325601929703,1.0070377462007993e-05
13,0.7001999378204345,0.018258161122885763,0.003800058364868164,0.00039989949338787065,0.1,"(50,)",8,"{'NN__alpha': 0.1, 'NN__hidden_layer_sizes': (50,), 'ica__n_components': 8}",0.7307030319078511,0.730667372881356,0.7307641372003708,0.7307641372003708,0.7307641372003708,0.7307325599872875,4.028095447578355e-05,139,0.7307399437179275,0.7307488578428127,0.7307246664680372,0.7307246664680372,0.7307246664680372,0.7307325601929703,1.0070377462007993e-05
14,1.0950000286102295,0.6425261872591692,0.003200054168701172,0.0003999471771024199,0.1,"(25, 25)",2,"{'NN__alpha': 0.1, 'NN__hidden_layer_sizes': (25, 25), 'ica__n_components': 2}",0.927710843373494,0.730667372881356,0.7307641372003708,0.7307641372003708,0.7307641372003708,0.7701414269823613,0.07879384574603354,138,0.9331236550240026,0.7307488578428127,0.7307246664680372,0.7307246664680372,0.7307246664680372,0.7712093024541853,0.08095717682706803
15,1.0197999954223633,0.4571783680355041,0.003800106048583984,0.00039992333879854,0.1,"(25, 25)",3,"{'NN__alpha': 0.1, 'NN__hidden_layer_sizes': (25, 25), 'ica__n_components': 3}",0.9322123659473057,0.730667372881356,0.7307641372003708,0.7307641372003708,0.7307641372003708,0.7710418984056359,0.08059457974571901,137,0.9355073663300778,0.7307488578428127,0.7307246664680372,0.7307246664680372,0.7307246664680372,0.7716860447154004,0.08191066134318707
16,0.7618000984191895,0.005741162271038459,0.003399944305419922,0.0004899013824479931,0.1,"(25, 25)",4,"{'NN__alpha': 0.1, 'NN__hidden_layer_sizes': (25, 25), 'ica__n_components': 4}",0.7307030319078511,0.730667372881356,0.7307641372003708,0.7307641372003708,0.7307641372003708,0.7307325599872875,4.028095447578355e-05,139,0.7307399437179275,0.7307488578428127,0.7307246664680372,0.7307246664680372,0.7307246664680372,0.7307325601929703,1.0070377462007993e-05
17,0.8110000133514405,0.019214579824211764,0.004199981689453125,0.0004000663757324219,0.1,"(25, 25)",5,"{'NN__alpha': 0.1, 'NN__hidden_layer_sizes': (25, 25), 'ica__n_components': 5}",0.7307030319078511,0.730667372881356,0.7307641372003708,0.7307641372003708,0.7307641372003708,0.7307325599872875,4.028095447578355e-05,139,0.7307399437179275,0.7307488578428127,0.7307246664680372,0.7307246664680372,0.7307246664680372,0.7307325601929703,1.0070377462007993e-05
18,1.9220000743865966,0.15662445709064088,0.004000043869018555,1.1680077279964342e-07,0.1,"(25, 25)",6,"{'NN__alpha': 0.1, 'NN__hidden_layer_sizes': (25, 25), 'ica__n_components': 6}",0.9463789222825367,0.9455773305084746,0.9502052708250562,0.9459674215335717,0.9462322871142895,0.9468721860268022,0.0016885874139974018,26,0.9462009601059427,0.9468648612858372,0.946204522130632,0.9470321448670838,0.9464693614062966,0.9465543699591585,0.00034035046881711046
19,2.6223999500274657,0.47397529452699805,0.003800058364868164,0.00039989949338787065,0.1,"(25, 25)",7,"{'NN__alpha': 0.1, 'NN__hidden_layer_sizes': (25, 25), 'ica__n_components': 7}",0.9454521382232226,0.943458686440678,0.9491458085021851,0.9427890345649583,0.9434511985167527,0.9448593675512474,0.0023218221500454096,64,0.9461347459029962,0.9443156988677747,0.9437216539212765,0.9433574999172377,0.9449796404806833,0.9445018478179936,0.0009846347597593542
20,2.978000020980835,0.32398576940558615,0.0039999961853027345,0.000632409699322999,0.1,"(25, 25)",8,"{'NN__alpha': 0.1, 'NN__hidden_layer_sizes': (25, 25), 'ica__n_components': 8}",0.9446577518866676,0.9427966101694916,0.9470268838564428,0.9446430936299828,0.943053900145676,0.9444356162932359,0.0015100994713740526,71,0.9444793908293329,0.9443156988677747,0.9439864931969411,0.9448803257523091,0.9446816962955606,0.9444687209883836,0.0003068713805145045
21,2.8435999870300295,0.6431747922228145,0.006000041961669922,0.0006324097280858306,0.1,"(50, 50)",2,"{'NN__alpha': 0.1, 'NN__hidden_layer_sizes': (50, 50), 'ica__n_components': 2}",0.9279756388190123,0.9340572033898306,0.9378890213216793,0.9266322341411733,0.9347106343530658,0.9322527676254039,0.004264896962170859,117,0.9331236550240026,0.9319009468317553,0.9313073128744993,0.9322342503393253,0.9325984043433642,0.9322329138825893,0.0006154582346604844
22,2.249399995803833,0.19990056952263205,0.006599998474121094,0.0008000016332367222,0.1,"(50, 50)",3,"{'NN__alpha': 0.1, 'NN__hidden_layer_sizes': (50, 50), 'ica__n_components': 3}",0.9323447636700649,0.9332627118644068,0.9361673950470136,0.9319295457555291,0.9352403655145014,0.9337888659356958,0.0016482173683043918,108,0.9351762953153452,0.9348142753095412,0.9333267123514417,0.9357433707418811,0.9350812725527196,0.9348283852541858,0.0008096187295860092
23,2.5316000461578367,0.37814950699635375,0.005999898910522461,1.1680077279964342e-07,0.1,"(50, 50)",4,"{'NN__alpha': 0.1, 'NN__hidden_layer_sizes': (50, 50), 'ica__n_components': 4}",0.9331391500066198,0.9361758474576272,0.9353727983048603,0.9344457687723481,0.9347106343530658,0.9347687907198474,0.0010108063803841315,98,0.9365667935772223,0.9358074554724227,0.9335584467176482,0.9351474823716357,0.9341212301784355,0.9350402816634729,0.001092774149273735
24,2.959199905395508,0.7095720954739186,0.006400156021118164,0.0004898429878647236,0.1,"(50, 50)",5,"{'NN__alpha': 0.1, 'NN__hidden_layer_sizes': (50, 50), 'ica__n_components': 5}",0.9441281609956309,0.9459745762711864,0.9499404052443385,0.9463647199046484,0.9453052575817773,0.9463424969542878,0.0019524218274697695,42,0.9468962092368813,0.9465669072369728,0.946667990863045,0.9469659350481676,0.9450127453901414,0.9464219575550417,0.0007194786856325032
25,2.7710000038146974,0.33669979234788766,0.006999969482421875,0.0006325604992540681,0.1,"(50, 50)",6,"{'NN__alpha': 0.1, 'NN__hidden_layer_sizes': (50, 50), 'ica__n_components': 6}",0.9449225473321858,0.9465042372881356,0.9509998675672097,0.9470268838564428,0.9447755264203417,0.9468457015731765,0.002253426057427454,27,0.946863102135408,0.9465669072369728,0.9461714172211739,0.9468997252292515,0.9474956135994969,0.9467993530844605,0.00043525894227714075
26,3.18179988861084,0.26560293114581507,0.006400060653686523,0.0008000373982433937,0.1,"(50, 50)",7,"{'NN__alpha': 0.1, 'NN__hidden_layer_sizes': (50, 50), 'ica__n_components': 7}",0.9442605587183901,0.9422669491525424,0.9475566150178785,0.9433187657263938,0.9429214673553171,0.9440648339424758,0.0018615154797502747,73,0.9460354245985764,0.9432894126994636,0.9449465355712252,0.9438209686496507,0.9444830668388122,0.9445150816715457,0.0009468555696751927
27,3.359200048446655,0.5507134845424837,0.006400108337402344,0.000489979265096882,0.1,"(50, 50)",8,"{'NN__alpha': 0.1, 'NN__hidden_layer_sizes': (50, 50), 'ica__n_components': 8}",0.9437309678273533,0.9417372881355932,0.9471593166468018,0.9445106608396239,0.9423917361938816,0.9439059272207214,0.0018960922355863623,74,0.9445124979308062,0.9438853207971926,0.9437547588307346,0.9456086337603866,0.9442844373820638,0.9444091297402366,0.0006584254183094406
28,4.279199934005737,0.6405182657445933,0.01119999885559082,0.00040004257295020516,0.1,"(100, 100)",2,"{'NN__alpha': 0.1, 'NN__hidden_layer_sizes': (100, 100), 'ica__n_components': 2}",0.928505229710049,0.9339247881355932,0.936961991789167,0.9282214276254801,0.9335187392398357,0.9322262831717781,0.0033724452713824256,119,0.9335540473431551,0.9318678408263259,0.9303141655907571,0.9328963485284868,0.9320687257920349,0.932140225616152,0.0010940214485307168
29,3.3950000762939454,0.6129150653973675,0.012200021743774414,0.0014696911534366982,0.1,"(100, 100)",3,"{'NN__alpha': 0.1, 'NN__hidden_layer_sizes': (100, 100), 'ica__n_components': 3}",0.9323447636700649,0.9355137711864406,0.9409349754999338,0.930870083432658,0.9347106343530658,0.9348747285343504,0.0034524430240132613,96,0.9360039728521768,0.9349466993312587,0.9331611878041514,0.9355447412851325,0.9348495381865131,0.9349012278918465,0.0009656743673825337
30,2.7082000732421876,0.20116404293728818,0.012399959564208984,0.0010196738839680444,0.1,"(100, 100)",4,"{'NN__alpha': 0.1, 'NN__hidden_layer_sizes': (100, 100), 'ica__n_components': 4}",0.933271547729379,0.9361758474576272,0.9392133492252682,0.9328565752880413,0.9366971262084492,0.9356427776894962,0.0023464777862687415,82,0.9362026154610164,0.9350460173475469,0.9346840136392227,0.9358757903797134,0.9356771609229648,0.935497119550093,0.0005546468052580251
31,3.313800001144409,0.6451040684399326,0.011600017547607422,0.0004898819214545809,0.1,"(100, 100)",5,"{'NN__alpha': 0.1, 'NN__hidden_layer_sizes': (100, 100), 'ica__n_components': 5}",0.9455845359459817,0.9467690677966102,0.9457025559528539,0.9464971526950073,0.9402728115481394,0.9449653053657503,0.0023893456254512227,63,0.9457705677867903,0.9465338012315434,0.9436223391929023,0.9453768993941801,0.9450458502995994,0.945269891581003,0.0009616879230978176
32,3.3850000381469725,0.6359371307777016,0.012199926376342773,0.0011661712798998742,0.1,"(100, 100)",6,"{'NN__alpha': 0.1, 'NN__hidden_layer_sizes': (100, 100), 'ica__n_components': 6}",0.9455845359459817,0.9457097457627118,0.9490133757118262,0.9466295854853661,0.945570123162495,0.9465014036760422,0.0013161081753467261,37,0.9466313524250952,0.9465338012315434,0.9452775846658059,0.9465024663157546,0.947164564504916,0.9464219538286229,0.0006203049688144983
33,4.150200033187867,0.923743282931842,0.011399984359741211,0.0004897845816770382,0.1,"(100, 100)",7,"{'NN__alpha': 0.1, 'NN__hidden_layer_sizes': (100, 100), 'ica__n_components': 7}",0.9454521382232226,0.9401483050847458,0.9488809429214674,0.9422593034035227,0.9438484968878295,0.9441178028497272,0.002958056610101744,72,0.946234067207416,0.9409719923194068,0.9441189128347734,0.9426622968186182,0.9448803257523091,0.9437735189865046,0.0018155980858959454
34,3.480800008773804,0.577379715733325,0.011800050735473633,0.0011660976805485772,0.1,"(100, 100)",8,"{'NN__alpha': 0.1, 'NN__hidden_layer_sizes': (100, 100), 'ica__n_components': 8}",0.9420097974314842,0.942134533898305,0.9458349887432128,0.9438484968878295,0.9414647066613694,0.9430584247046984,0.001601626525513308,79,0.9428902499586161,0.9434549427266106,0.942529877180786,0.9442513324726057,0.9435892342834442,0.9433431273244125,0.0005940339409859471
35,2.5555999755859373,0.5819328449938314,0.005200052261352539,0.0003999948608169695,0.1,"(25, 25, 25)",2,"{'NN__alpha': 0.1, 'NN__hidden_layer_sizes': (25, 25, 25), 'ica__n_components': 2}",0.9263868661459023,0.9327330508474576,0.9378890213216793,0.9287511587869156,0.9339160376109125,0.9319349541818952,0.00402323764465581,128,0.9323952987915908,0.9324968549294842,0.931141788327209,0.9323004601582414,0.9312079981461251,0.9319084800705302,0.0006025474233089942
36,2.3618000507354737,0.5885787564046564,0.005199956893920899,0.0009798027532929533,0.1,"(25, 25, 25)",3,"{'NN__alpha': 0.1, 'NN__hidden_layer_sizes': (25, 25, 25), 'ica__n_components': 3}",0.9326095591155832,0.9357786016949152,0.9392133492252682,0.9329890080784002,0.9348430671434247,0.9350866041633561,0.0023707936502543525,88,0.9357391160403906,0.9349798053366881,0.9331942927136094,0.9352467971000099,0.9349157480054292,0.9348151518392254,0.0008607487605761368
37,2.278599977493286,0.3789086679914761,0.005200004577636719,0.0003998995218167223,0.1,"(25, 25, 25)",4,"{'NN__alpha': 0.1, 'NN__hidden_layer_sizes': (25, 25, 25), 'ica__n_components': 4}",0.9327419568383424,0.9363082627118644,0.9392133492252682,0.9306052178519402,0.9355052310952192,0.9348747285343504,0.0029682182000710135,96,0.9361032941565965,0.935741243461564,0.9345846989108485,0.9354454265567583,0.935313006918926,0.9354375340009387,0.0005056427590336782
38,2.1907999992370604,0.7354421986654348,0.005200004577636719,0.00040001873464717136,0.1,"(25, 25, 25)",5,"{'NN__alpha': 0.1, 'NN__hidden_layer_sizes': (25, 25, 25), 'ica__n_components': 5}",0.9466437177280551,0.9461069915254238,0.949278241292544,0.946762018275725,0.9446430936299828,0.9466867948514223,0.001499009520261733,33,0.9487833140208575,0.9466662252532609,0.9456748435793028,0.9469990399576257,0.9469990399576257,0.9470244925537346,0.0010044557168221223
39,2.403200054168701,0.5869321536416154,0.00540003776550293,0.0004899987222241537,0.1,"(25, 25, 25)",6,"{'NN__alpha': 0.1, 'NN__hidden_layer_sizes': (25, 25, 25), 'ica__n_components': 6}",0.9459817291142593,0.9457097457627118,0.9495431068732618,0.9458349887432128,0.9457025559528539,0.9465543725832936,0.0014977478051182872,35,0.9467637808309882,0.9459047871283851,0.9452113748468898,0.9469990399576257,0.9483894461548648,0.9466536857837508,0.001075673233409306
40,2.3655999660491944,0.9377992163773183,0.005200099945068359,0.00040009025666136835,0.1,"(25, 25, 25)",7,"{'NN__alpha': 0.1, 'NN__hidden_layer_sizes': (25, 25, 25), 'ica__n_components': 7}",0.9451873427777042,0.9420021186440678,0.9475566150178785,0.9426566017745994,0.9415971394517283,0.9437999894062186,0.0022551330424661524,75,0.9465651382221486,0.9432232006886049,0.944847220842851,0.9433906048266958,0.9440858079253154,0.9444223945011231,0.0012155471467508701
41,3.0206000328063967,1.0501619994949694,0.005000019073486328,1.1680077279964342e-07,0.1,"(25, 25, 25)",8,"{'NN__alpha': 0.1, 'NN__hidden_layer_sizes': (25, 25, 25), 'ica__n_components': 8}",0.9433337746590759,0.9439883474576272,0.9460998543239306,0.9464971526950073,0.9427890345649583,0.9445415541077388,0.0014891813028971507,69,0.9427247144512498,0.944348804873204,0.9430595557321151,0.9468335154103353,0.9459396828549674,0.9445812546643744,0.0015958914578126711
42,3.134799861907959,0.6413234715615803,0.012400054931640625,0.000800061231219776,0.1,"(100, 25, 100)",2,"{'NN__alpha': 0.1, 'NN__hidden_layer_sizes': (100, 25, 100), 'ica__n_components': 2}",0.9283728319872898,0.9319385593220338,0.938153886902397,0.9279565620447623,0.9336511720301947,0.9320144075427724,0.0037444113864410667,124,0.9332891905313689,0.9327948089783487,0.9313735226934154,0.9338563909027708,0.932101830701493,0.9326831487614793,0.0008728462496915784
43,4.204000043869018,1.0913429504173195,0.01399998664855957,0.000632409699322999,0.1,"(100, 25, 100)",3,"{'NN__alpha': 0.1, 'NN__hidden_layer_sizes': (100, 25, 100), 'ica__n_components': 3}",0.9328743545611016,0.9361758474576272,0.9397430803867037,0.9319295457555291,0.9349754999337836,0.9351395730706076,0.0027468912605158606,87,0.9360701870551233,0.9350129113421175,0.9334922368987321,0.9361075247459199,0.9350150627338034,0.9351395845551392,0.0009537541941046795
44,3.3610000610351562,0.8481572749964774,0.011999988555908203,1.1680077279964342e-07,0.1,"(100, 25, 100)",4,"{'NN__alpha': 0.1, 'NN__hidden_layer_sizes': (100, 25, 100), 'ica__n_components': 4}",0.9286376274328082,0.9360434322033898,0.9400079459674215,0.9321944113362468,0.9353727983048603,0.9344509772763387,0.0038250795546474216,102,0.9334878331402086,0.9350460173475469,0.9344191743635581,0.9360082100175456,0.9356771609229648,0.9349276791583648,0.0009027743308790618
45,3.729000186920166,1.4433470138790159,0.012399959564208984,0.0004899403160383115,0.1,"(100, 25, 100)",5,"{'NN__alpha': 0.1, 'NN__hidden_layer_sizes': (100, 25, 100), 'ica__n_components': 5}",0.9462465245597775,0.9463718220338984,0.9491458085021851,0.9471593166468018,0.9451728247914184,0.9468192171195509,0.0013241494436113273,29,0.9471279589471941,0.9467986492749785,0.9461383123117159,0.946667990863045,0.9467342006819611,0.9466934224157789,0.0003194844432931193
46,3.1878000259399415,0.48399148758804855,0.011800098419189452,0.0003999710083007813,0.1,"(100, 25, 100)",6,"{'NN__alpha': 0.1, 'NN__hidden_layer_sizes': (100, 25, 100), 'ica__n_components': 6}",0.9422745928770025,0.944385593220339,0.9466295854853661,0.9474241822275196,0.9447755264203417,0.9450977276338789,0.0018078107243442523,60,0.9459029961926834,0.9443819108786334,0.9440195981063991,0.9460389975833416,0.9469659350481676,0.945461887561845,0.0010987574938808242
47,5.8923999786376955,2.246640938842936,0.012599897384643555,0.0007999301041110398,0.1,"(100, 25, 100)",7,"{'NN__alpha': 0.1, 'NN__hidden_layer_sizes': (100, 25, 100), 'ica__n_components': 7}",0.943466172381835,0.9458421610169492,0.9476890478082374,0.9470268838564428,0.9421268706131638,0.9452301499020075,0.0021161305779971986,58,0.9465982453236219,0.945805469112097,0.9454762141225543,0.9469990399576257,0.9441520177442315,0.9458061972520261,0.0009894860391083892
48,5.386199951171875,1.7334841783428825,0.012000083923339844,0.0,0.1,"(100, 25, 100)",8,"{'NN__alpha': 0.1, 'NN__hidden_layer_sizes': (100, 25, 100), 'ica__n_components': 8}",0.9413478088176883,0.9447828389830508,0.9475566150178785,0.9490133757118262,0.9423917361938816,0.9450182742730018,0.0029267945040549665,61,0.9435192848866082,0.9449116069655036,0.9433243950077796,0.9479259774224518,0.9456417386698447,0.9450646005904376,0.0016709451745150288
49,0.4649998664855957,0.018077698203036504,0.0022001266479492188,0.00039994720552788215,0.01,"(25,)",2,"{'NN__alpha': 0.01, 'NN__hidden_layer_sizes': (25,), 'ica__n_components': 2}",0.7307030319078511,0.730667372881356,0.7307641372003708,0.7307641372003708,0.7307641372003708,0.7307325599872875,4.028095447578355e-05,139,0.7307399437179275,0.7307488578428127,0.7307246664680372,0.7307246664680372,0.7307246664680372,0.7307325601929703,1.0070377462007993e-05
50,0.489400053024292,0.014051388384719508,0.0027999401092529295,0.00040004257295020516,0.01,"(25,)",3,"{'NN__alpha': 0.01, 'NN__hidden_layer_sizes': (25,), 'ica__n_components': 3}",0.7307030319078511,0.730667372881356,0.7307641372003708,0.7307641372003708,0.7307641372003708,0.7307325599872875,4.028095447578355e-05,139,0.7307399437179275,0.7307488578428127,0.7307246664680372,0.7307246664680372,0.7307246664680372,0.7307325601929703,1.0070377462007993e-05
51,0.4807999610900879,0.009239079841740822,0.002199888229370117,0.0004000663757324219,0.01,"(25,)",4,"{'NN__alpha': 0.01, 'NN__hidden_layer_sizes': (25,), 'ica__n_components': 4}",0.7307030319078511,0.730667372881356,0.7307641372003708,0.7307641372003708,0.7307641372003708,0.7307325599872875,4.028095447578355e-05,139,0.7307399437179275,0.7307488578428127,0.7307246664680372,0.7307246664680372,0.7307246664680372,0.7307325601929703,1.0070377462007993e-05
52,0.5211999893188477,0.026671385367117828,0.002400112152099609,0.0004898235152673564,0.01,"(25,)",5,"{'NN__alpha': 0.01, 'NN__hidden_layer_sizes': (25,), 'ica__n_components': 5}",0.7307030319078511,0.730667372881356,0.7307641372003708,0.7307641372003708,0.7307641372003708,0.7307325599872875,4.028095447578355e-05,139,0.7307399437179275,0.7307488578428127,0.7307246664680372,0.7307246664680372,0.7307246664680372,0.7307325601929703,1.0070377462007993e-05
53,0.531600046157837,0.01688309191413003,0.002599954605102539,0.0004898819214545809,0.01,"(25,)",6,"{'NN__alpha': 0.01, 'NN__hidden_layer_sizes': (25,), 'ica__n_components': 6}",0.7307030319078511,0.730667372881356,0.7307641372003708,0.7307641372003708,0.7307641372003708,0.7307325599872875,4.028095447578355e-05,139,0.7307399437179275,0.7307488578428127,0.7307246664680372,0.7307246664680372,0.7307246664680372,0.7307325601929703,1.0070377462007993e-05
54,0.5455999851226807,0.014691492590754963,0.0021999835968017577,0.000400018706226792,0.01,"(25,)",7,"{'NN__alpha': 0.01, 'NN__hidden_layer_sizes': (25,), 'ica__n_components': 7}",0.7307030319078511,0.730667372881356,0.7307641372003708,0.7307641372003708,0.7307641372003708,0.7307325599872875,4.028095447578355e-05,139,0.7307399437179275,0.7307488578428127,0.7307246664680372,0.7307246664680372,0.7307246664680372,0.7307325601929703,1.0070377462007993e-05
55,0.5701999664306641,0.01749748135175131,0.0022001266479492188,0.0003999471771024199,0.01,"(25,)",8,"{'NN__alpha': 0.01, 'NN__hidden_layer_sizes': (25,), 'ica__n_components': 8}",0.7307030319078511,0.730667372881356,0.7307641372003708,0.7307641372003708,0.7307641372003708,0.7307325599872875,4.028095447578355e-05,139,0.7307399437179275,0.7307488578428127,0.7307246664680372,0.7307246664680372,0.7307246664680372,0.7307325601929703,1.0070377462007993e-05
56,0.569599962234497,0.011672143885824734,0.0038000106811523437,0.00039999486081696955,0.01,"(50,)",2,"{'NN__alpha': 0.01, 'NN__hidden_layer_sizes': (50,), 'ica__n_components': 2}",0.7307030319078511,0.730667372881356,0.7307641372003708,0.7307641372003708,0.7307641372003708,0.7307325599872875,4.028095447578355e-05,139,0.7307399437179275,0.7307488578428127,0.7307246664680372,0.7307246664680372,0.7307246664680372,0.7307325601929703,1.0070377462007993e-05
57,0.586400032043457,0.006053070867571282,0.0035999774932861327,0.0004899597886342959,0.01,"(50,)",3,"{'NN__alpha': 0.01, 'NN__hidden_layer_sizes': (50,), 'ica__n_components': 3}",0.7307030319078511,0.730667372881356,0.7307641372003708,0.7307641372003708,0.7307641372003708,0.7307325599872875,4.028095447578355e-05,139,0.7307399437179275,0.7307488578428127,0.7307246664680372,0.7307246664680372,0.7307246664680372,0.7307325601929703,1.0070377462007993e-05
58,0.6269999980926514,0.01613697091481095,0.0035999774932861327,0.0004898624411217045,0.01,"(50,)",4,"{'NN__alpha': 0.01, 'NN__hidden_layer_sizes': (50,), 'ica__n_components': 4}",0.7307030319078511,0.730667372881356,0.7307641372003708,0.7307641372003708,0.7307641372003708,0.7307325599872875,4.028095447578355e-05,139,0.7307399437179275,0.7307488578428127,0.7307246664680372,0.7307246664680372,0.7307246664680372,0.7307325601929703,1.0070377462007993e-05
59,0.6336000919342041,0.017794358913578504,0.0035999298095703127,0.0004899208473093904,0.01,"(50,)",5,"{'NN__alpha': 0.01, 'NN__hidden_layer_sizes': (50,), 'ica__n_components': 5}",0.7307030319078511,0.730667372881356,0.7307641372003708,0.7307641372003708,0.7307641372003708,0.7307325599872875,4.028095447578355e-05,139,0.7307399437179275,0.7307488578428127,0.7307246664680372,0.7307246664680372,0.7307246664680372,0.7307325601929703,1.0070377462007993e-05
60,0.66419997215271,0.016017437536666554,0.0029999732971191405,9.536743164062499e-08,0.01,"(50,)",6,"{'NN__alpha': 0.01, 'NN__hidden_layer_sizes': (50,), 'ica__n_components': 6}",0.7307030319078511,0.730667372881356,0.7307641372003708,0.7307641372003708,0.7307641372003708,0.7307325599872875,4.028095447578355e-05,139,0.7307399437179275,0.7307488578428127,0.7307246664680372,0.7307246664680372,0.7307246664680372,0.7307325601929703,1.0070377462007993e-05
61,0.6778000831604004,0.012512368813746655,0.0037999629974365236,0.0003999710083007813,0.01,"(50,)",7,"{'NN__alpha': 0.01, 'NN__hidden_layer_sizes': (50,), 'ica__n_components': 7}",0.7307030319078511,0.730667372881356,0.7307641372003708,0.7307641372003708,0.7307641372003708,0.7307325599872875,4.028095447578355e-05,139,0.7307399437179275,0.7307488578428127,0.7307246664680372,0.7307246664680372,0.7307246664680372,0.7307325601929703,1.0070377462007993e-05
62,0.7080000400543213,0.018984309936811945,0.0037999629974365236,0.00040009022824606964,0.01,"(50,)",8,"{'NN__alpha': 0.01, 'NN__hidden_layer_sizes': (50,), 'ica__n_components': 8}",0.7307030319078511,0.730667372881356,0.7307641372003708,0.7307641372003708,0.7307641372003708,0.7307325599872875,4.028095447578355e-05,139,0.7307399437179275,0.7307488578428127,0.7307246664680372,0.7307246664680372,0.7307246664680372,0.7307325601929703,1.0070377462007993e-05
63,2.1452000617980955,0.30714456229075626,0.003399944305419922,0.0004899013824479931,0.01,"(25, 25)",2,"{'NN__alpha': 0.01, 'NN__hidden_layer_sizes': (25, 25), 'ica__n_components': 2}",0.9232093207996822,0.9335275423728814,0.9365646934180903,0.9278241292544034,0.933253873659118,0.9308755760368663,0.004757007165234877,133,0.9261049495116702,0.9321657948751904,0.9299500115867183,0.9323666699771576,0.9312742079650412,0.9303723267831554,0.0022976588581066623
64,1.722599983215332,0.47473922495352994,0.003600025177001953,0.0004899013824479931,0.01,"(25, 25)",3,"{'NN__alpha': 0.01, 'NN__hidden_layer_sizes': (25, 25), 'ica__n_components': 3}",0.9322123659473057,0.9353813559322034,0.932061978545888,0.9321944113362468,0.7307641372003708,0.8925260871868214,0.08088662051866073,134,0.935408045025658,0.9351122293584057,0.9285927102989373,0.9361075247459199,0.7307246664680372,0.8931890351793916,0.08127741022201912
65,2.2567999362945557,0.26237786664454543,0.003999948501586914,0.0006324096921322909,0.01,"(25, 25)",4,"{'NN__alpha': 0.01, 'NN__hidden_layer_sizes': (25, 25), 'ica__n_components': 4}",0.9345955249569707,0.9351165254237288,0.9400079459674215,0.9333863064494768,0.9361673950470136,0.935854653318502,0.0022613748412815566,80,0.9364343651713293,0.9351122293584057,0.9344522792730162,0.9362399443837521,0.9348495381865131,0.9354176712746034,0.0007820295687953091
66,2.215999937057495,0.3140198644465917,0.003600025177001953,0.0007999062587002511,0.01,"(25, 25)",5,"{'NN__alpha': 0.01, 'NN__hidden_layer_sizes': (25, 25), 'ica__n_components': 5}",0.9424069905997616,0.9455773305084746,0.9498079724539796,0.9471593166468018,0.9449079592107006,0.9459717146035277,0.002454491281717176,45,0.9463333885118358,0.9468979672912666,0.9460721024927997,0.9465686761346708,0.9477935577846195,0.9467331384430384,0.0005958983327859833
67,2.084600019454956,0.46752479289868026,0.003800058364868164,0.0007482390149642925,0.01,"(25, 25)",6,"{'NN__alpha': 0.01, 'NN__hidden_layer_sizes': (25, 25), 'ica__n_components': 6}",0.9462465245597775,0.9455773305084746,0.9439809296781884,0.9466295854853661,0.9445106608396239,0.9453890566237618,0.0010063605606793278,55,0.9470617447442476,0.9468979672912666,0.9407753169795081,0.9473962988711225,0.9474956135994969,0.9459253882971284,0.002584168565253026
68,3.3648000240325926,1.1879915357932984,0.0041999340057373045,0.0007484046832832702,0.01,"(25, 25)",7,"{'NN__alpha': 0.01, 'NN__hidden_layer_sizes': (25, 25), 'ica__n_components': 7}",0.9454521382232226,0.944385593220339,0.9479539133889551,0.9422593034035227,0.9441133624685472,0.9448328830976217,0.001868910804323252,66,0.9463333885118358,0.9458716811229557,0.9443175422915219,0.9415698348065018,0.9458734730360513,0.9447931839537732,0.0017503499902582448
69,2.906200075149536,0.4345707218289917,0.003999948501586914,0.0,0.01,"(25, 25)",8,"{'NN__alpha': 0.01, 'NN__hidden_layer_sizes': (25, 25), 'ica__n_components': 8}",0.9439957632728717,0.943458686440678,0.9460998543239306,0.9453052575817773,0.9437160640974706,0.944515069654113,0.001015852658931577,70,0.943618606191028,0.9454413030523737,0.9441189128347734,0.9470321448670838,0.9452113748468898,0.9450844683584296,0.0011847302985119415
70,2.3099999904632567,0.150031934423638,0.006200027465820312,0.0007482772388520198,0.01,"(50, 50)",2,"{'NN__alpha': 0.01, 'NN__hidden_layer_sizes': (50, 50), 'ica__n_components': 2}",0.9295644114921223,0.9318061440677966,0.9376241557409615,0.9266322341411733,0.9344457687723481,0.9320144075427724,0.003805004089626328,124,0.9332891905313689,0.9327285969674899,0.9310424735988347,0.9321349356109511,0.9323004601582414,0.9322991313733773,0.0007444203932235866
71,2.2721999645233155,0.5716514113732559,0.006600093841552734,0.0004897456635623499,0.01,"(50, 50)",3,"{'NN__alpha': 0.01, 'NN__hidden_layer_sizes': (50, 50), 'ica__n_components': 3}",0.9320799682245465,0.9341896186440678,0.9347106343530658,0.9324592769169646,0.9345782015627069,0.9336034747603157,0.0011090438970383584,112,0.9352094024168184,0.9348142753095412,0.9319032012447446,0.9356440560135068,0.9350481676432615,0.9345238205255745,0.0013380507744056433
72,2.66680006980896,0.41392959763923043,0.006199836730957031,0.0003999471771024199,0.01,"(50, 50)",4,"{'NN__alpha': 0.01, 'NN__hidden_layer_sizes': (50, 50), 'ica__n_components': 4}",0.9334039454521382,0.9357786016949152,0.9356376638855781,0.9325917097073235,0.9341809031916303,0.9343185550082101,0.0012417028004590724,103,0.9365667935772223,0.9354432894126995,0.9335915516271063,0.9359420001986295,0.9335584467176482,0.9350204163066611,0.0012327554946811041
73,2.1149999618530275,0.21435760685688982,0.006800079345703125,0.000748366450713617,0.01,"(50, 50)",5,"{'NN__alpha': 0.01, 'NN__hidden_layer_sizes': (50, 50), 'ica__n_components': 5}",0.9467761154508142,0.9451800847457628,0.9503377036154151,0.9470268838564428,0.9454376903721361,0.9469516393876795,0.0018401862530792112,24,0.9482536003972852,0.9457392571012382,0.9464362564968385,0.9475287185089549,0.9476942430562453,0.9471304151121125,0.0009116215800131851
74,2.9216000556945803,0.4186404241101444,0.006199979782104492,0.00040011407365504563,0.01,"(50, 50)",6,"{'NN__alpha': 0.01, 'NN__hidden_layer_sizes': (50, 50), 'ica__n_components': 6}",0.9471733086190918,0.9465042372881356,0.9500728380346974,0.9476890478082374,0.9449079592107006,0.9472694528311881,0.001685552160960774,16,0.9474259228604536,0.9468648612858372,0.9464362564968385,0.9468335154103353,0.9472638792332903,0.9469648870573509,0.0003489023551452822
75,3.2730000019073486,1.3017765581516756,0.005999994277954101,1.784161275279017e-07,0.01,"(50, 50)",7,"{'NN__alpha': 0.01, 'NN__hidden_layer_sizes': (50, 50), 'ica__n_components': 7}",0.9421421951542434,0.942531779661017,0.9487485101311085,0.9445106608396239,0.9374917229506026,0.9430849091583241,0.003649178620054455,78,0.9442145340175467,0.9435873667483281,0.9435892342834442,0.9444830668388122,0.9412718906213792,0.9434292185019022,0.0011341954221907391
76,4.42000002861023,0.9115781381345942,0.006199884414672852,0.00040004254453151935,0.01,"(50, 50)",8,"{'NN__alpha': 0.01, 'NN__hidden_layer_sizes': (50, 50), 'ica__n_components': 8}",0.9471733086190918,0.9437235169491526,0.946762018275725,0.9476890478082374,0.9415971394517283,0.9453890566237618,0.0023456436732390237,55,0.947856315179606,0.9454081970469443,0.9436885490118184,0.9475287185089549,0.9449796404806833,0.9458922840456016,0.001578546334205509
77,3.93919997215271,0.41789255968544137,0.011399984359741211,0.0004898819214545809,0.01,"(100, 100)",2,"{'NN__alpha': 0.01, 'NN__hidden_layer_sizes': (100, 100), 'ica__n_components': 2}",0.9304911955514366,0.9339247881355932,0.9361673950470136,0.9284862932061978,0.9340484704012714,0.932623549976164,0.002754803053435931,115,0.9334878331402086,0.9320333708534728,0.9296851723110537,0.9329625583474029,0.9321349356109511,0.9320607740526178,0.0013037980718176008
78,3.4136000633239747,0.7308859870687441,0.01100006103515625,1.1680077279964342e-07,0.01,"(100, 100)",3,"{'NN__alpha': 0.01, 'NN__hidden_layer_sizes': (100, 100), 'ica__n_components': 3}",0.9322123659473057,0.9348516949152542,0.9394782148059859,0.9307376506422991,0.9336511720301947,0.9341861327400816,0.002983978070115426,104,0.9356397947359709,0.9349135933258294,0.9334922368987321,0.9358426854702553,0.9334260270798159,0.9346628675021206,0.0010304727979605233
79,3.672000026702881,0.9700538636843676,0.011600017547607422,0.0011999607133552708,0.01,"(100, 100)",4,"{'NN__alpha': 0.01, 'NN__hidden_layer_sizes': (100, 100), 'ica__n_components': 4}",0.9341983317886933,0.9363082627118644,0.9373592901602437,0.9327241424976824,0.9278241292544034,0.9336829281211929,0.003344099121682569,111,0.9364674722728025,0.9349466993312587,0.9342536498162678,0.9359751051080876,0.9309431588704605,0.9345172170797754,0.0019471388040572812
80,3.20479998588562,0.5791975292979069,0.01100001335144043,1.1680077279964342e-07,0.01,"(100, 100)",5,"{'NN__alpha': 0.01, 'NN__hidden_layer_sizes': (100, 100), 'ica__n_components': 5}",0.9459817291142593,0.9459745762711864,0.9483512117600318,0.9462322871142895,0.9419944378228049,0.9457068700672705,0.0020589472352063602,49,0.9460685317000497,0.9465338012315434,0.9454762141225543,0.9458072632171352,0.9456748435793028,0.945912130770117,0.0003655847785970057
81,3.079200029373169,0.734760146823123,0.011800003051757813,0.0011660486149834698,0.01,"(100, 100)",6,"{'NN__alpha': 0.01, 'NN__hidden_layer_sizes': (100, 100), 'ica__n_components': 6}",0.9462465245597775,0.9461069915254238,0.9502052708250562,0.9447755264203417,0.9401403787577804,0.9454949944382648,0.0032345518219587892,53,0.9471279589471941,0.9467324372641197,0.9457079484887608,0.9457741583076771,0.9443506472009799,0.9459386300417464,0.0009640111601418188
82,6.939200067520142,3.6785250075079703,0.011399984359741211,0.0008000135475042733,0.01,"(100, 100)",7,"{'NN__alpha': 0.01, 'NN__hidden_layer_sizes': (100, 100), 'ica__n_components': 7}",0.9500860585197934,0.9518008474576272,0.9479539133889551,0.941862005032446,0.9437160640974706,0.947084061655808,0.00375844913668869,21,0.9507697401092534,0.952691518241409,0.9448141159333929,0.9415367298970437,0.9454762141225543,0.9470576636607306,0.004087420400829009
83,5.887199831008911,2.090908148732401,0.011000108718872071,9.5367431640625e-08,0.01,"(100, 100)",8,"{'NN__alpha': 0.01, 'NN__hidden_layer_sizes': (100, 100), 'ica__n_components': 8}",0.9459817291142593,0.9445180084745762,0.9488809429214674,0.9458349887432128,0.9439809296781884,0.9458392923353991,0.0017011957334036357,46,0.9465982453236219,0.9452426670197974,0.9459727877644255,0.9470983546859999,0.948025292150826,0.946587469388934,0.0009502400868922499
84,1.8038000583648681,0.09650167513888006,0.005199956893920899,0.0004000425445315194,0.01,"(25, 25, 25)",2,"{'NN__alpha': 0.01, 'NN__hidden_layer_sizes': (25, 25, 25), 'ica__n_components': 2}",0.9307559909969548,0.9307468220338984,0.9380214541120382,0.9270295325122501,0.9315322473844524,0.9316171407383865,0.0035654695476615705,130,0.9328256911107432,0.9317354168046084,0.9312079981461251,0.9335915516271063,0.9291885986691827,0.931709851271553,0.001509643641112338
85,1.8682001113891602,0.36520319775313026,0.005199956893920899,0.00040004254453151935,0.01,"(25, 25, 25)",3,"{'NN__alpha': 0.01, 'NN__hidden_layer_sizes': (25, 25, 25), 'ica__n_components': 3}",0.9323447636700649,0.9353813559322034,0.9398755131770626,0.9328565752880413,0.9345782015627069,0.935007150802479,0.002673473985021382,91,0.9360039728521768,0.9347480632986824,0.9335584467176482,0.9355447412851325,0.9350812725527196,0.9349872993412719,0.0008309092871223542
86,2.2116000652313232,0.5683243994112618,0.0053999900817871095,0.000489940339242533,0.01,"(25, 25, 25)",4,"{'NN__alpha': 0.01, 'NN__hidden_layer_sizes': (25, 25, 25), 'ica__n_components': 4}",0.9312855818879915,0.9360434322033898,0.9353727983048603,0.9327241424976824,0.9294133227387101,0.9329678478732983,0.002480589575770588,114,0.935408045025658,0.9354763954181289,0.9330287681663191,0.935313006918926,0.9312079981461251,0.9340868427350315,0.0017080502754753615
87,1.7713999271392822,0.25861074351474983,0.005199956893920899,0.00040004254453151935,0.01,"(25, 25, 25)",5,"{'NN__alpha': 0.01, 'NN__hidden_layer_sizes': (25, 25, 25), 'ica__n_components': 5}",0.9445253541639084,0.9455773305084746,0.9500728380346974,0.9475566150178785,0.9441133624685472,0.9463689814079136,0.002201888911901254,39,0.9469624234398278,0.945805469112097,0.9463700466779223,0.947164564504916,0.9470321448670838,0.9466669297203694,0.0005096259296616501
88,2.0334001064300535,0.1513956794989417,0.005199909210205078,0.0003999471771024199,0.01,"(25, 25, 25)",6,"{'NN__alpha': 0.01, 'NN__hidden_layer_sizes': (25, 25, 25), 'ica__n_components': 6}",0.9459817291142593,0.9453125,0.9499404052443385,0.9454376903721361,0.9451728247914184,0.9463689814079136,0.0018065530751828296,39,0.9470286376427743,0.94563993908495,0.945343794484722,0.9469990399576257,0.947164564504916,0.9464351951349975,0.0007779025949789871
89,2.8860000133514405,1.2442753320087896,0.005200052261352539,0.0003999948892390431,0.01,"(25, 25, 25)",7,"{'NN__alpha': 0.01, 'NN__hidden_layer_sizes': (25, 25, 25), 'ica__n_components': 7}",0.9457169336687409,0.9420021186440678,0.9475566150178785,0.9426566017745994,0.9458349887432128,0.9447534297367445,0.002093889401214665,67,0.9470286376427743,0.9428590346288817,0.9448141159333929,0.9429271360942828,0.9501109014466845,0.9455479651492033,0.002744099329028299
90,3.4296000480651854,0.9973979707989096,0.004999971389770508,1.1680077279964342e-07,0.01,"(25, 25, 25)",8,"{'NN__alpha': 0.01, 'NN__hidden_layer_sizes': (25, 25, 25), 'ica__n_components': 8}",0.9443929564411492,0.9463718220338984,0.9466295854853661,0.9475566150178785,0.9423917361938816,0.945468509984639,0.0018518453491259907,54,0.9458698890912101,0.946500695226114,0.9438871784685668,0.9464362564968385,0.9464031515873804,0.9458194341740219,0.0009921159435885055
91,3.9597999095916747,1.049157993321659,0.012400007247924805,0.0013564168975117392,0.01,"(100, 25, 100)",2,"{'NN__alpha': 0.01, 'NN__hidden_layer_sizes': (100, 25, 100), 'ica__n_components': 2}",0.9286376274328082,0.9326006355932204,0.9378890213216793,0.9270295325122501,0.9337836048205536,0.9319879230891467,0.003853053135846518,126,0.9330905479225294,0.9330265510163543,0.9313735226934154,0.9345184890919324,0.9326315092528222,0.9329281239954108,0.001006985209868846
92,3.760999870300293,1.4153320764650001,0.011800098419189452,0.0007483409713765852,0.01,"(100, 25, 100)",3,"{'NN__alpha': 0.01, 'NN__hidden_layer_sizes': (100, 25, 100), 'ica__n_components': 3}",0.9323447636700649,0.9353813559322034,0.9397430803867037,0.9299430539001456,0.9352403655145014,0.934530430637216,0.0032929627165425787,101,0.9361032941565965,0.9347811693041118,0.9336246565365643,0.9346840136392227,0.9350481676432615,0.9348482602559512,0.0007929384924813657
93,2.807399940490723,0.2782737257915588,0.012199974060058594,0.000400018706226792,0.01,"(100, 25, 100)",4,"{'NN__alpha': 0.01, 'NN__hidden_layer_sizes': (100, 25, 100), 'ica__n_components': 4}",0.9331391500066198,0.9363082627118644,0.940537677128857,0.9331214408687591,0.9344457687723481,0.9355103554213676,0.0027702713480846977,83,0.9364343651713293,0.9352115473746938,0.9341212301784355,0.9359751051080876,0.9354454265567583,0.9354375348778609,0.000783127458120972
94,4.588000059127808,1.2235438291334164,0.012400007247924805,0.0010198889675969553,0.01,"(100, 25, 100)",5,"{'NN__alpha': 0.01, 'NN__hidden_layer_sizes': (100, 25, 100), 'ica__n_components': 5}",0.9471733086190918,0.946239406779661,0.9490133757118262,0.946762018275725,0.9447755264203417,0.9467927326659251,0.001374893117654948,30,0.9477569938751862,0.946235847182679,0.9461383123117159,0.9463700466779223,0.9472638792332903,0.9467530158561587,0.0006420190851747402
95,4.188800048828125,3.3963553824120667,0.012199926376342773,0.00040004254453151935,0.01,"(100, 25, 100)",6,"{'NN__alpha': 0.01, 'NN__hidden_layer_sizes': (100, 25, 100), 'ica__n_components': 6}",0.9453197405004634,0.9519332627118644,0.948086346179314,0.9458349887432128,0.9449079592107006,0.9472164839239366,0.002601588884214748,17,0.9469293163383545,0.9529232602794147,0.946204522130632,0.9455755288509285,0.9478597676035356,0.9478984790405731,0.0026250633902155586
96,7.902399969100952,2.7564654922083243,0.012799978256225586,0.0007483282192290589,0.01,"(100, 25, 100)",7,"{'NN__alpha': 0.01, 'NN__hidden_layer_sizes': (100, 25, 100), 'ica__n_components': 7}",0.9511452403018668,0.9520656779661016,0.9474241822275196,0.9549728512779764,0.950470136405774,0.9512156364214206,0.002440197375778332,6,0.9522264525740771,0.9540157584585844,0.9443175422915219,0.9534213923924918,0.9546131691329824,0.9517188629699316,0.00378387469340207
97,7.029599952697754,2.3428166216955457,0.012200069427490235,0.0004000902282460696,0.01,"(100, 25, 100)",8,"{'NN__alpha': 0.01, 'NN__hidden_layer_sizes': (100, 25, 100), 'ica__n_components': 8}",0.947305706341851,0.9450476694915254,0.954310687326182,0.9528539266322341,0.9502052708250562,0.949944382647386,0.0034216635102311175,10,0.9491143850355901,0.9459047871283851,0.9495481179858973,0.9522958254709173,0.9539510709438209,0.9501628373129222,0.0027751928195106222
98,0.4515999794006348,0.009971923637623985,0.002399921417236328,0.0004899792418945042,0.001,"(25,)",2,"{'NN__alpha': 0.001, 'NN__hidden_layer_sizes': (25,), 'ica__n_components': 2}",0.7307030319078511,0.730667372881356,0.7307641372003708,0.7307641372003708,0.7307641372003708,0.7307325599872875,4.028095447578355e-05,139,0.7307399437179275,0.7307488578428127,0.7307246664680372,0.7307246664680372,0.7307246664680372,0.7307325601929703,1.0070377462007993e-05
99,0.47159996032714846,0.004923389773118231,0.0023998737335205076,0.0004899208473093903,0.001,"(25,)",3,"{'NN__alpha': 0.001, 'NN__hidden_layer_sizes': (25,), 'ica__n_components': 3}",0.7307030319078511,0.730667372881356,0.7307641372003708,0.7307641372003708,0.7307641372003708,0.7307325599872875,4.028095447578355e-05,139,0.7307399437179275,0.7307488578428127,0.7307246664680372,0.7307246664680372,0.7307246664680372,0.7307325601929703,1.0070377462007993e-05
100,0.4685999393463135,0.00958339747266961,0.0020001411437988283,9.536743164062499e-08,0.001,"(25,)",4,"{'NN__alpha': 0.001, 'NN__hidden_layer_sizes': (25,), 'ica__n_components': 4}",0.7307030319078511,0.730667372881356,0.7307641372003708,0.7307641372003708,0.7307641372003708,0.7307325599872875,4.028095447578355e-05,139,0.7307399437179275,0.7307488578428127,0.7307246664680372,0.7307246664680372,0.7307246664680372,0.7307325601929703,1.0070377462007993e-05
101,0.4890000343322754,0.01134907693415431,0.0021999835968017577,0.000400018706226792,0.001,"(25,)",5,"{'NN__alpha': 0.001, 'NN__hidden_layer_sizes': (25,), 'ica__n_components': 5}",0.7307030319078511,0.730667372881356,0.7307641372003708,0.7307641372003708,0.7307641372003708,0.7307325599872875,4.028095447578355e-05,139,0.7307399437179275,0.7307488578428127,0.7307246664680372,0.7307246664680372,0.7307246664680372,0.7307325601929703,1.0070377462007993e-05
102,0.5163999557495117,0.027774708832012166,0.0028000354766845705,0.00039997103672454983,0.001,"(25,)",6,"{'NN__alpha': 0.001, 'NN__hidden_layer_sizes': (25,), 'ica__n_components': 6}",0.7307030319078511,0.730667372881356,0.7307641372003708,0.7307641372003708,0.7307641372003708,0.7307325599872875,4.028095447578355e-05,139,0.7307399437179275,0.7307488578428127,0.7307246664680372,0.7307246664680372,0.7307246664680372,0.7307325601929703,1.0070377462007993e-05
103,0.5434000015258789,0.009414835582428826,0.0022000789642333983,0.00039997103672454983,0.001,"(25,)",7,"{'NN__alpha': 0.001, 'NN__hidden_layer_sizes': (25,), 'ica__n_components': 7}",0.7307030319078511,0.730667372881356,0.7307641372003708,0.7307641372003708,0.7307641372003708,0.7307325599872875,4.028095447578355e-05,139,0.7307399437179275,0.7307488578428127,0.7307246664680372,0.7307246664680372,0.7307246664680372,0.7307325601929703,1.0070377462007993e-05
104,0.5641998767852783,0.011889415490597296,0.0026000499725341796,0.0004899597886342959,0.001,"(25,)",8,"{'NN__alpha': 0.001, 'NN__hidden_layer_sizes': (25,), 'ica__n_components': 8}",0.7307030319078511,0.730667372881356,0.7307641372003708,0.7307641372003708,0.7307641372003708,0.7307325599872875,4.028095447578355e-05,139,0.7307399437179275,0.7307488578428127,0.7307246664680372,0.7307246664680372,0.7307246664680372,0.7307325601929703,1.0070377462007993e-05
105,0.5596000194549561,0.008428559319727262,0.0031999588012695313,0.0004001140736550456,0.001,"(50,)",2,"{'NN__alpha': 0.001, 'NN__hidden_layer_sizes': (50,), 'ica__n_components': 2}",0.7307030319078511,0.730667372881356,0.7307641372003708,0.7307641372003708,0.7307641372003708,0.7307325599872875,4.028095447578355e-05,139,0.7307399437179275,0.7307488578428127,0.7307246664680372,0.7307246664680372,0.7307246664680372,0.7307325601929703,1.0070377462007993e-05
106,0.5777999877929687,0.010380759708357229,0.003000020980834961,1.5078914929239175e-07,0.001,"(50,)",3,"{'NN__alpha': 0.001, 'NN__hidden_layer_sizes': (50,), 'ica__n_components': 3}",0.7307030319078511,0.730667372881356,0.7307641372003708,0.7307641372003708,0.7307641372003708,0.7307325599872875,4.028095447578355e-05,139,0.7307399437179275,0.7307488578428127,0.7307246664680372,0.7307246664680372,0.7307246664680372,0.7307325601929703,1.0070377462007993e-05
107,0.6409999370574951,0.027466293235935885,0.0036001205444335938,0.0004899792418945042,0.001,"(50,)",4,"{'NN__alpha': 0.001, 'NN__hidden_layer_sizes': (50,), 'ica__n_components': 4}",0.7307030319078511,0.730667372881356,0.7307641372003708,0.7307641372003708,0.7307641372003708,0.7307325599872875,4.028095447578355e-05,139,0.7307399437179275,0.7307488578428127,0.7307246664680372,0.7307246664680372,0.7307246664680372,0.7307325601929703,1.0070377462007993e-05
108,0.6516000747680664,0.026386305022981928,0.0035999298095703127,0.0004899208473093904,0.001,"(50,)",5,"{'NN__alpha': 0.001, 'NN__hidden_layer_sizes': (50,), 'ica__n_components': 5}",0.7307030319078511,0.730667372881356,0.7307641372003708,0.7307641372003708,0.7307641372003708,0.7307325599872875,4.028095447578355e-05,139,0.7307399437179275,0.7307488578428127,0.7307246664680372,0.7307246664680372,0.7307246664680372,0.7307325601929703,1.0070377462007993e-05
109,0.6863999843597413,0.02137845170952123,0.0031999588012695313,0.00039999486081696955,0.001,"(50,)",6,"{'NN__alpha': 0.001, 'NN__hidden_layer_sizes': (50,), 'ica__n_components': 6}",0.7307030319078511,0.730667372881356,0.7307641372003708,0.7307641372003708,0.7307641372003708,0.7307325599872875,4.028095447578355e-05,139,0.7307399437179275,0.7307488578428127,0.7307246664680372,0.7307246664680372,0.7307246664680372,0.7307325601929703,1.0070377462007993e-05
110,0.6916000843048096,0.0365984469373964,0.0033999919891357423,0.0004899597886342959,0.001,"(50,)",7,"{'NN__alpha': 0.001, 'NN__hidden_layer_sizes': (50,), 'ica__n_components': 7}",0.7307030319078511,0.730667372881356,0.7307641372003708,0.7307641372003708,0.7307641372003708,0.7307325599872875,4.028095447578355e-05,139,0.7307399437179275,0.7307488578428127,0.7307246664680372,0.7307246664680372,0.7307246664680372,0.7307325601929703,1.0070377462007993e-05
111,0.7228000164031982,0.04213029889311881,0.0035999774932861327,0.0004898624411217045,0.001,"(50,)",8,"{'NN__alpha': 0.001, 'NN__hidden_layer_sizes': (50,), 'ica__n_components': 8}",0.7307030319078511,0.730667372881356,0.7307641372003708,0.7307641372003708,0.7307641372003708,0.7307325599872875,4.028095447578355e-05,139,0.7307399437179275,0.7307488578428127,0.7307246664680372,0.7307246664680372,0.7307246664680372,0.7307325601929703,1.0070377462007993e-05
112,2.488399934768677,0.2871685354655006,0.004400110244750977,0.0010197486954785346,0.001,"(25, 25)",2,"{'NN__alpha': 0.001, 'NN__hidden_layer_sizes': (25, 25), 'ica__n_components': 2}",0.9257248775321064,0.9336599576271186,0.9364322606277314,0.9286187259965567,0.9335187392398357,0.9315906562847609,0.003864818768892355,131,0.9328587982122165,0.9318678408263259,0.9296520674015957,0.9323004601582414,0.9313073128744993,0.9315972958945757,0.0010979095300651495
113,1.3790000438690186,0.7282208735494118,0.0037999629974365236,0.00040009022824606964,0.001,"(25, 25)",3,"{'NN__alpha': 0.001, 'NN__hidden_layer_sizes': (25, 25), 'ica__n_components': 3}",0.7307030319078511,0.935646186440678,0.7307641372003708,0.7307641372003708,0.9312673818037346,0.8118279569892473,0.09931819958825922,136,0.7307399437179275,0.9350129113421175,0.7307246664680372,0.7307246664680372,0.9319694110636607,0.811834319811956,0.09933705766392609
114,2.140000057220459,0.2442048149287526,0.003399944305419922,0.0004899013824479931,0.001,"(25, 25)",4,"{'NN__alpha': 0.001, 'NN__hidden_layer_sizes': (25, 25), 'ica__n_components': 4}",0.9344631272342115,0.9335275423728814,0.938153886902397,0.9333863064494768,0.9364322606277314,0.935192541977859,0.0018369752207965538,85,0.9363681509683828,0.9345163212606767,0.9346178038203066,0.9362068394742941,0.9347171185486808,0.9352852468144682,0.0008223759263652976
115,1.9892000198364257,0.15182282942740227,0.0041999340057373045,0.0003999710083007813,0.001,"(25, 25)",5,"{'NN__alpha': 0.001, 'NN__hidden_layer_sizes': (25, 25), 'ica__n_components': 5}",0.9459817291142593,0.9463718220338984,0.9500728380346974,0.946762018275725,0.9450403920010595,0.9468457015731765,0.0017117610129856015,27,0.9473928157589803,0.946931073296696,0.9460721024927997,0.9468004105008773,0.9478597676035356,0.9470112339305778,0.0005997423095077473
116,2.01419997215271,0.376531223986028,0.0041999340057373045,0.0003999710083007813,0.001,"(25, 25)",6,"{'NN__alpha': 0.001, 'NN__hidden_layer_sizes': (25, 25), 'ica__n_components': 6}",0.9467761154508142,0.9457097457627118,0.9495431068732618,0.9463647199046484,0.944378228049265,0.9465543725832936,0.001700919060919659,35,0.9471941731501407,0.9467324372641197,0.9464362564968385,0.947561823418413,0.947561823418413,0.947097302749585,0.0004496780512310235
117,3.165199947357178,1.4346647929888534,0.0039999961853027345,9.536743164062499e-08,0.001,"(25, 25)",7,"{'NN__alpha': 0.001, 'NN__hidden_layer_sizes': (25, 25), 'ica__n_components': 7}",0.9451873427777042,0.9417372881355932,0.9439809296781884,0.9414647066613694,0.9460998543239306,0.9436940515917157,0.0018384102569475123,76,0.946101638801523,0.9416672184334238,0.9417022544443341,0.9421988280862051,0.9518323567385043,0.944700459300798,0.00393129002516659
118,3.0705999374389648,0.678201574978467,0.0039999961853027345,9.5367431640625e-08,0.001,"(25, 25)",8,"{'NN__alpha': 0.001, 'NN__hidden_layer_sizes': (25, 25), 'ica__n_components': 8}",0.9438633655501125,0.944385593220339,0.9468944510660839,0.9464971526950073,0.9439809296781884,0.9451242120875046,0.0013008396869644743,59,0.9435854990895547,0.9461696351718202,0.9436885490118184,0.9468997252292515,0.947561823418413,0.9455810463841716,0.001647579049769783
119,2.3004000186920166,0.1766211653938525,0.006000041961669922,1.5078914929239175e-07,0.001,"(50, 50)",2,"{'NN__alpha': 0.001, 'NN__hidden_layer_sizes': (50, 50), 'ica__n_components': 2}",0.929299616046604,0.9318061440677966,0.9370944245795259,0.9270295325122501,0.9351079327241425,0.9320673764500238,0.0036775391707392358,123,0.9330905479225294,0.9327948089783487,0.9302479557718409,0.9335253418081901,0.9323004601582414,0.9323918229278302,0.00114367766135907
120,2.450999879837036,0.8252924261124974,0.006200122833251953,0.00040004257295020516,0.001,"(50, 50)",3,"{'NN__alpha': 0.001, 'NN__hidden_layer_sizes': (50, 50), 'ica__n_components': 3}",0.9315503773335099,0.9340572033898306,0.9347106343530658,0.9324592769169646,0.9345782015627069,0.9334710524921871,0.0012505198360062016,113,0.9346465816917728,0.9348142753095412,0.9319032012447446,0.9354123216473003,0.9348826430959711,0.9343318045978659,0.0012410412562343194
121,2.8238000869750977,0.7230073366032035,0.006000041961669922,2.132480599880018e-07,0.001,"(50, 50)",4,"{'NN__alpha': 0.001, 'NN__hidden_layer_sizes': (50, 50), 'ica__n_components': 4}",0.9334039454521382,0.9359110169491526,0.9359025294662958,0.933253873659118,0.9344457687723481,0.9345833995444675,0.0011558923862752565,100,0.9364674722728025,0.9360723035158578,0.9336908663554805,0.9354785314662164,0.9337239712649386,0.9350866289750591,0.001169346775002242
122,2.187600040435791,0.2953103895223492,0.006000041961669922,0.0,0.001,"(50, 50)",5,"{'NN__alpha': 0.001, 'NN__hidden_layer_sizes': (50, 50), 'ica__n_components': 5}",0.9469085131735734,0.946239406779661,0.9500728380346974,0.9466295854853661,0.9450403920010595,0.9469781238413052,0.0016735022573011826,23,0.9486508856149644,0.9462027411772496,0.9463038368590062,0.9474294037805807,0.948058397060284,0.9473290528984171,0.0009600938451255543
123,2.782800006866455,0.3113541302766477,0.005999946594238281,1.1680077279964342e-07,0.001,"(50, 50)",6,"{'NN__alpha': 0.001, 'NN__hidden_layer_sizes': (50, 50), 'ica__n_components': 6}",0.9465113200052959,0.9461069915254238,0.9500728380346974,0.9479539133889551,0.9447755264203417,0.947084061655808,0.0018055679628837952,21,0.947227280251614,0.946235847182679,0.9460721024927997,0.9468335154103353,0.9470983546859999,0.9466934200046856,0.00046130552133718963
124,6.584600019454956,5.120412889309589,0.013199949264526367,0.013905484798937261,0.001,"(50, 50)",7,"{'NN__alpha': 0.001, 'NN__hidden_layer_sizes': (50, 50), 'ica__n_components': 7}",0.9416126042632067,0.9474311440677966,0.9479539133889551,0.9438484968878295,0.948086346179314,0.9457863234281477,0.0026027435532313234,47,0.9430557854659825,0.9480566774812951,0.9435561293739861,0.9438871784685668,0.9518323567385043,0.946077625505667,0.0033858853044453118
125,7.137800025939941,5.20022760229403,0.011800003051757813,0.011600041389832854,0.001,"(50, 50)",8,"{'NN__alpha': 0.001, 'NN__hidden_layer_sizes': (50, 50), 'ica__n_components': 8}",0.949688865351516,0.9520656779661016,0.9470268838564428,0.9459674215335717,0.9447755264203417,0.9479050797182054,0.002638662126112739,14,0.9500413838768416,0.9541150764748726,0.9439202833780249,0.9470652497765418,0.949415698348065,0.9489115383708692,0.0033742834773303684
126,3.9049999713897705,0.3287965424706317,0.011200046539306641,0.000400018706226792,0.001,"(100, 100)",2,"{'NN__alpha': 0.001, 'NN__hidden_layer_sizes': (100, 100), 'ica__n_components': 2}",0.9286376274328082,0.933792372881356,0.9372268573698848,0.9282214276254801,0.9336511720301947,0.9323057365326554,0.00341682707617103,116,0.9337526899519947,0.9318347348208965,0.9305458999569636,0.9331280828946933,0.9320687257920349,0.9322660266833166,0.001107888519031948
127,2.992799997329712,0.3481421293020804,0.01139988899230957,0.0004899597886342959,0.001,"(100, 100)",3,"{'NN__alpha': 0.001, 'NN__hidden_layer_sizes': (100, 100), 'ica__n_components': 3}",0.932477161392824,0.9349841101694916,0.9400079459674215,0.930870083432658,0.9321944113362468,0.9341066793792044,0.0032366379664424314,106,0.9360039728521768,0.9349466993312587,0.9335915516271063,0.9357102658324229,0.932532194524448,0.9345569368334827,0.0013120629435017775
128,4.35379991531372,1.7954067478452638,0.012800073623657227,0.0007482899888297624,0.001,"(100, 100)",4,"{'NN__alpha': 0.001, 'NN__hidden_layer_sizes': (100, 100), 'ica__n_components': 4}",0.9331391500066198,0.9363082627118644,0.9370944245795259,0.9324592769169646,0.9362998278373725,0.9350601197097304,0.0018808200123356582,89,0.9362357225624897,0.9350129113421175,0.9341874399973517,0.9366040983877909,0.9356771609229648,0.9355434666425427,0.0008651392151122049
129,3.6899999618530273,1.074793892316641,0.012400054931640625,0.0010197299880985325,0.001,"(100, 100)",5,"{'NN__alpha': 0.001, 'NN__hidden_layer_sizes': (100, 100), 'ica__n_components': 5}",0.9454521382232226,0.946239406779661,0.9479539133889551,0.9462322871142895,0.9419944378228049,0.9455744477991419,0.0019680820212700702,51,0.946730673729515,0.9465669072369728,0.9454431092130963,0.9457079484887608,0.9458403681265932,0.9460578013589878,0.0005018897682946198
130,5.172200059890747,3.2929217672348283,0.012399864196777344,0.0013565293864325528,0.001,"(100, 100)",6,"{'NN__alpha': 0.001, 'NN__hidden_layer_sizes': (100, 100), 'ica__n_components': 6}",0.9455845359459817,0.9455773305084746,0.9552377168586942,0.9470268838564428,0.9422593034035227,0.9471370305630595,0.004341931536420236,19,0.9461347459029962,0.9454744090578031,0.9505412652696394,0.9478266626940776,0.9461714172211739,0.9472297000291381,0.001828811756275984
131,8.788599967956543,2.5011492535424185,0.011400079727172852,0.0004899013824479931,0.001,"(100, 100)",7,"{'NN__alpha': 0.001, 'NN__hidden_layer_sizes': (100, 100), 'ica__n_components': 7}",0.9527340129749768,0.9508739406779662,0.9488809429214674,0.9520593298900808,0.9519268970997219,0.9512950897822978,0.0013460361867100384,5,0.952590630690283,0.952261140170827,0.9459065779455094,0.9513688880060913,0.95534147714106,0.951493742790754,0.0030928666689267886
132,8.827600002288818,4.5510068362567715,0.012799882888793945,0.0014696003058129962,0.001,"(100, 100)",8,"{'NN__alpha': 0.001, 'NN__hidden_layer_sizes': (100, 100), 'ica__n_components': 8}",0.9535283993115319,0.9479608050847458,0.9488809429214674,0.952986359422593,0.9466295854853661,0.9499973515546374,0.002761848132324226,9,0.9539149147492137,0.9496126597364762,0.9455093190320124,0.9518654616479624,0.9513026781871752,0.950441006670568,0.00282302280300876
133,2.0107998847961426,0.35268878081745747,0.005399942398071289,0.0008000135475042733,0.001,"(25, 25, 25)",2,"{'NN__alpha': 0.001, 'NN__hidden_layer_sizes': (25, 25, 25), 'ica__n_components': 2}",0.927710843373494,0.9296875,0.9374917229506026,0.9270295325122501,0.9339160376109125,0.9311669050267493,0.003970115761439483,132,0.9331236550240026,0.9311064027014501,0.931174893236667,0.9335253418081901,0.93163836196908,0.9321137309478779,0.001013379886373737
134,2.3157999515533447,0.8461787323852559,0.005200099945068359,0.0004000902282460696,0.001,"(25, 25, 25)",3,"{'NN__alpha': 0.001, 'NN__hidden_layer_sizes': (25, 25, 25), 'ica__n_components': 3}",0.9318151727790283,0.9367055084745762,0.9390809164349093,0.9329890080784002,0.9353727983048603,0.935192541977859,0.002596299154790321,85,0.9356397947359709,0.9354432894126995,0.9332605025325256,0.9355778461945906,0.9346509087297646,0.9349144683211102,0.0009000985330536215
135,2.4335999965667723,0.42447878589547433,0.0055999755859375,0.0007998943399921081,0.001,"(25, 25, 25)",4,"{'NN__alpha': 0.001, 'NN__hidden_layer_sizes': (25, 25, 25), 'ica__n_components': 4}",0.9315503773335099,0.935646186440678,0.9351079327241425,0.9323268441266057,0.9340484704012714,0.9337358970284443,0.0015742985646072414,110,0.9351762953153452,0.9350460173475469,0.9332936074419836,0.9365378885688748,0.9338563909027708,0.9347820399153044,0.0011296356245692352
136,2.37839994430542,0.6980548952203104,0.004999923706054688,0.0006324850894031313,0.001,"(25, 25, 25)",5,"{'NN__alpha': 0.001, 'NN__hidden_layer_sizes': (25, 25, 25), 'ica__n_components': 5}",0.9443929564411492,0.9454449152542372,0.9491458085021851,0.948086346179314,0.9441133624685472,0.946236559139785,0.002020808739384131,43,0.9466975666280417,0.9458716811229557,0.9461714172211739,0.9469659350481676,0.9470321448670838,0.9465477489774845,0.00045401709895718124
137,2.283799982070923,0.6018460124112732,0.00579991340637207,0.0007483027355517388,0.001,"(25, 25, 25)",6,"{'NN__alpha': 0.001, 'NN__hidden_layer_sizes': (25, 25, 25), 'ica__n_components': 6}",0.9467761154508142,0.9449152542372882,0.9496755396636207,0.9450403920010595,0.945570123162495,0.9463954658615393,0.0017669922761249389,38,0.9470617447442476,0.9457392571012382,0.9451782699374317,0.946701095772503,0.9468666203197934,0.9463093975750428,0.0007258733802267955
138,2.557800054550171,1.0346768205308137,0.005399894714355469,0.0004899208473093904,0.001,"(25, 25, 25)",7,"{'NN__alpha': 0.001, 'NN__hidden_layer_sizes': (25, 25, 25), 'ica__n_components': 7}",0.945054945054945,0.942134533898305,0.9472917494371607,0.9426566017745994,0.9471593166468018,0.9448593675512474,0.0021688945580055,64,0.9468299950339347,0.9427928226180229,0.944383752110438,0.9429602410037409,0.951203363458801,0.9456340348449874,0.0031379168033152907
139,2.864200067520142,0.47302996841386835,0.004999923706054688,9.536743164062499e-08,0.001,"(25, 25, 25)",8,"{'NN__alpha': 0.001, 'NN__hidden_layer_sizes': (25, 25, 25), 'ica__n_components': 8}",0.9462465245597775,0.9447828389830508,0.9474241822275196,0.9468944510660839,0.9426566017745994,0.9456009322527676,0.0017176499206675907,50,0.9464327098162556,0.9455737270740913,0.94348991955507,0.9462376270400901,0.9454762141225543,0.9454420395216122,0.001043424075900764
140,3.988000011444092,0.9175098519202439,0.012800073623657227,0.00074841743108988,0.001,"(100, 25, 100)",2,"{'NN__alpha': 0.001, 'NN__hidden_layer_sizes': (100, 25, 100), 'ica__n_components': 2}",0.9282404342645306,0.9322033898305084,0.9380214541120382,0.9278241292544034,0.9341809031916303,0.9320938609036495,0.0038100334850915286,121,0.9330905479225294,0.9333245050652188,0.9313073128744993,0.9343198596351839,0.9324659847055319,0.9329016420405927,0.000995743191679736
141,3.936600112915039,1.3386328500462397,0.012399864196777344,0.0013564942372659005,0.001,"(100, 25, 100)",3,"{'NN__alpha': 0.001, 'NN__hidden_layer_sizes': (100, 25, 100), 'ica__n_components': 3}",0.9326095591155832,0.9353813559322034,0.9396106475963448,0.9313998145940935,0.9355052310952192,0.934901212987976,0.0028384445815777502,95,0.9359708657507035,0.9350129113421175,0.9337901810838547,0.9361075247459199,0.9343198596351839,0.935040268511556,0.0009041574013488729
142,3.9772000312805176,1.3993094507383987,0.012800025939941406,0.0009798222229890437,0.001,"(100, 25, 100)",4,"{'NN__alpha': 0.001, 'NN__hidden_layer_sizes': (100, 25, 100), 'ica__n_components': 4}",0.9331391500066198,0.9363082627118644,0.9385511852734737,0.9327241424976824,0.9341809031916303,0.9349806663488532,0.002174077950622159,92,0.9363681509683828,0.935145335363835,0.9349157480054292,0.9363061542026683,0.9354123216473003,0.9356295420375231,0.0005990809454144889
143,4.458999967575073,2.2341041208800485,0.012400007247924805,0.0008000850748536953,0.001,"(100, 25, 100)",5,"{'NN__alpha': 0.001, 'NN__hidden_layer_sizes': (100, 25, 100), 'ica__n_components': 5}",0.9459817291142593,0.9459745762711864,0.9498079724539796,0.9470268838564428,0.9457025559528539,0.946898670480428,0.001523503318899654,25,0.947094851845721,0.9466993312586903,0.946204522130632,0.9466348859535869,0.9493494885291489,0.9471966159435559,0.0011128610941604884
144,7.781800031661987,2.5459083586587523,0.013000011444091797,0.0006324096921322909,0.001,"(100, 25, 100)",6,"{'NN__alpha': 0.001, 'NN__hidden_layer_sizes': (100, 25, 100), 'ica__n_components': 6}",0.949688865351516,0.9502118644067796,0.9470268838564428,0.9533836577936697,0.9457025559528539,0.9492028179458658,0.00267274095821791,11,0.9518953815593445,0.951665232073098,0.9462376270400901,0.9515344125533817,0.9517992518290462,0.9506263810109921,0.002197766255809888
145,7.3796000480651855,1.6924827459556824,0.012999963760375977,0.0012648570845853948,0.001,"(100, 25, 100)",7,"{'NN__alpha': 0.001, 'NN__hidden_layer_sizes': (100, 25, 100), 'ica__n_components': 7}",0.9481000926784059,0.953125,0.9539133889551052,0.9558998808104887,0.9482187789696729,0.951851263308438,0.003147452958319957,3,0.9500082767753684,0.9540488644640138,0.9497798523521038,0.953984175853279,0.9518323567385043,0.9519307052366539,0.001845801280345149
146,8.847399997711182,3.5813536866825504,0.013200044631958008,0.0009797638313056678,0.001,"(100, 25, 100)",8,"{'NN__alpha': 0.001, 'NN__hidden_layer_sizes': (100, 25, 100), 'ica__n_components': 8}",0.9545875810936052,0.9518008474576272,0.9458349887432128,0.9539133889551052,0.9519268970997219,0.9516129032258065,0.0030873197272990737,4,0.9551398775037245,0.9544461365291664,0.9436223391929023,0.9532889727546595,0.9558380507829312,0.9524670753526767,0.004501753056437487
147,0.4640000343322754,0.009011160225831514,0.0024000167846679687,0.0004899987222241536,0.0001,"(25,)",2,"{'NN__alpha': 0.0001, 'NN__hidden_layer_sizes': (25,), 'ica__n_components': 2}",0.7307030319078511,0.730667372881356,0.7307641372003708,0.7307641372003708,0.7307641372003708,0.7307325599872875,4.028095447578355e-05,139,0.7307399437179275,0.7307488578428127,0.7307246664680372,0.7307246664680372,0.7307246664680372,0.7307325601929703,1.0070377462007993e-05
148,0.4942000865936279,0.008588310281887097,0.002599954605102539,0.0004898819214545809,0.0001,"(25,)",3,"{'NN__alpha': 0.0001, 'NN__hidden_layer_sizes': (25,), 'ica__n_components': 3}",0.7307030319078511,0.730667372881356,0.7307641372003708,0.7307641372003708,0.7307641372003708,0.7307325599872875,4.028095447578355e-05,139,0.7307399437179275,0.7307488578428127,0.7307246664680372,0.7307246664680372,0.7307246664680372,0.7307325601929703,1.0070377462007993e-05
149,0.48720011711120603,0.00617736570983885,0.0025999069213867186,0.0004899403160383115,0.0001,"(25,)",4,"{'NN__alpha': 0.0001, 'NN__hidden_layer_sizes': (25,), 'ica__n_components': 4}",0.7307030319078511,0.730667372881356,0.7307641372003708,0.7307641372003708,0.7307641372003708,0.7307325599872875,4.028095447578355e-05,139,0.7307399437179275,0.7307488578428127,0.7307246664680372,0.7307246664680372,0.7307246664680372,0.7307325601929703,1.0070377462007993e-05
150,0.5032001495361328,0.009662320036197372,0.002399921417236328,0.0008000135475042733,0.0001,"(25,)",5,"{'NN__alpha': 0.0001, 'NN__hidden_layer_sizes': (25,), 'ica__n_components': 5}",0.7307030319078511,0.730667372881356,0.7307641372003708,0.7307641372003708,0.7307641372003708,0.7307325599872875,4.028095447578355e-05,139,0.7307399437179275,0.7307488578428127,0.7307246664680372,0.7307246664680372,0.7307246664680372,0.7307325601929703,1.0070377462007993e-05
151,0.5203999996185302,0.027579672299540156,0.0019999027252197267,9.536743164062499e-08,0.0001,"(25,)",6,"{'NN__alpha': 0.0001, 'NN__hidden_layer_sizes': (25,), 'ica__n_components': 6}",0.7307030319078511,0.730667372881356,0.7307641372003708,0.7307641372003708,0.7307641372003708,0.7307325599872875,4.028095447578355e-05,139,0.7307399437179275,0.7307488578428127,0.7307246664680372,0.7307246664680372,0.7307246664680372,0.7307325601929703,1.0070377462007993e-05
152,0.5447999477386475,0.023684662078869337,0.0026000022888183595,0.000489726187095153,0.0001,"(25,)",7,"{'NN__alpha': 0.0001, 'NN__hidden_layer_sizes': (25,), 'ica__n_components': 7}",0.7307030319078511,0.730667372881356,0.7307641372003708,0.7307641372003708,0.7307641372003708,0.7307325599872875,4.028095447578355e-05,139,0.7307399437179275,0.7307488578428127,0.7307246664680372,0.7307246664680372,0.7307246664680372,0.7307325601929703,1.0070377462007993e-05
153,0.5739999771118164,0.018011102156150562,0.002199888229370117,0.0003999471771024199,0.0001,"(25,)",8,"{'NN__alpha': 0.0001, 'NN__hidden_layer_sizes': (25,), 'ica__n_components': 8}",0.7307030319078511,0.730667372881356,0.7307641372003708,0.7307641372003708,0.7307641372003708,0.7307325599872875,4.028095447578355e-05,139,0.7307399437179275,0.7307488578428127,0.7307246664680372,0.7307246664680372,0.7307246664680372,0.7307325601929703,1.0070377462007993e-05
154,0.5676001071929931,0.009478443995836193,0.0035999298095703127,0.0004899208473093903,0.0001,"(50,)",2,"{'NN__alpha': 0.0001, 'NN__hidden_layer_sizes': (50,), 'ica__n_components': 2}",0.7307030319078511,0.730667372881356,0.7307641372003708,0.7307641372003708,0.7307641372003708,0.7307325599872875,4.028095447578355e-05,139,0.7307399437179275,0.7307488578428127,0.7307246664680372,0.7307246664680372,0.7307246664680372,0.7307325601929703,1.0070377462007993e-05
155,0.584399938583374,0.012370993725638461,0.0035999774932861327,0.0004898624411217045,0.0001,"(50,)",3,"{'NN__alpha': 0.0001, 'NN__hidden_layer_sizes': (50,), 'ica__n_components': 3}",0.7307030319078511,0.730667372881356,0.7307641372003708,0.7307641372003708,0.7307641372003708,0.7307325599872875,4.028095447578355e-05,139,0.7307399437179275,0.7307488578428127,0.7307246664680372,0.7307246664680372,0.7307246664680372,0.7307325601929703,1.0070377462007993e-05
156,0.6332001209259033,0.020769208741395987,0.0033998966217041017,0.0004899403160383116,0.0001,"(50,)",4,"{'NN__alpha': 0.0001, 'NN__hidden_layer_sizes': (50,), 'ica__n_components': 4}",0.7307030319078511,0.730667372881356,0.7307641372003708,0.7307641372003708,0.7307641372003708,0.7307325599872875,4.028095447578355e-05,139,0.7307399437179275,0.7307488578428127,0.7307246664680372,0.7307246664680372,0.7307246664680372,0.7307325601929703,1.0070377462007993e-05
157,0.6343999862670898,0.015525469158477773,0.0034000396728515623,0.0004899208705145337,0.0001,"(50,)",5,"{'NN__alpha': 0.0001, 'NN__hidden_layer_sizes': (50,), 'ica__n_components': 5}",0.7307030319078511,0.730667372881356,0.7307641372003708,0.7307641372003708,0.7307641372003708,0.7307325599872875,4.028095447578355e-05,139,0.7307399437179275,0.7307488578428127,0.7307246664680372,0.7307246664680372,0.7307246664680372,0.7307325601929703,1.0070377462007993e-05
158,0.6668001174926758,0.017162723881699135,0.0037999629974365236,0.0004000902282460696,0.0001,"(50,)",6,"{'NN__alpha': 0.0001, 'NN__hidden_layer_sizes': (50,), 'ica__n_components': 6}",0.7307030319078511,0.730667372881356,0.7307641372003708,0.7307641372003708,0.7307641372003708,0.7307325599872875,4.028095447578355e-05,139,0.7307399437179275,0.7307488578428127,0.7307246664680372,0.7307246664680372,0.7307246664680372,0.7307325601929703,1.0070377462007993e-05
159,0.6782000541687012,0.018787275647078272,0.0033999919891357423,0.0004899597886342959,0.0001,"(50,)",7,"{'NN__alpha': 0.0001, 'NN__hidden_layer_sizes': (50,), 'ica__n_components': 7}",0.7307030319078511,0.730667372881356,0.7307641372003708,0.7307641372003708,0.7307641372003708,0.7307325599872875,4.028095447578355e-05,139,0.7307399437179275,0.7307488578428127,0.7307246664680372,0.7307246664680372,0.7307246664680372,0.7307325601929703,1.0070377462007993e-05
160,0.6916000366210937,0.017442428651883054,0.0035999298095703127,0.000490018183218949,0.0001,"(50,)",8,"{'NN__alpha': 0.0001, 'NN__hidden_layer_sizes': (50,), 'ica__n_components': 8}",0.7307030319078511,0.730667372881356,0.7307641372003708,0.7307641372003708,0.7307641372003708,0.7307325599872875,4.028095447578355e-05,139,0.7307399437179275,0.7307488578428127,0.7307246664680372,0.7307246664680372,0.7307246664680372,0.7307325601929703,1.0070377462007993e-05
161,2.7187588214874268,0.5962275259301582,0.0042003154754638675,0.0003998994933878707,0.0001,"(25, 25)",2,"{'NN__alpha': 0.0001, 'NN__hidden_layer_sizes': (25, 25), 'ica__n_components': 2}",0.9257248775321064,0.9336599576271186,0.936961991789167,0.9287511587869156,0.9339160376109125,0.9318025319137666,0.004019690150261836,129,0.9328587982122165,0.931967158842614,0.9313073128744993,0.9322011454298672,0.9311086834177509,0.9318886197553896,0.0006310792825090173
162,1.5163516044616698,0.5983975935535264,0.0036002635955810548,0.0004899013824479931,0.0001,"(25, 25)",3,"{'NN__alpha': 0.0001, 'NN__hidden_layer_sizes': (25, 25), 'ica__n_components': 3}",0.9320799682245465,0.9357786016949152,0.9319295457555291,0.7307641372003708,0.7307641372003708,0.8522697176757243,0.09921190476560521,135,0.9353418308227115,0.935145335363835,0.9291223888502665,0.7307246664680372,0.7307246664680372,0.8522117775945774,0.09921900948653697
163,2.2614261627197267,0.3650726642626563,0.004000329971313476,0.0006324850929980568,0.0001,"(25, 25)",4,"{'NN__alpha': 0.0001, 'NN__hidden_layer_sizes': (25, 25), 'ica__n_components': 4}",0.9343307295114524,0.9344544491525424,0.9373592901602437,0.9333863064494768,0.9341809031916303,0.9347423062662217,0.0013604478140122698,99,0.9363681509683828,0.9340197311792359,0.9341543350878936,0.9359420001986295,0.9354785314662164,0.9351925497800716,0.0009464557914837915
164,2.0652065753936766,0.2013209341257234,0.0038003921508789062,0.0004000664041494148,0.0001,"(25, 25)",5,"{'NN__alpha': 0.0001, 'NN__hidden_layer_sizes': (25, 25), 'ica__n_components': 5}",0.9449225473321858,0.9463718220338984,0.9500728380346974,0.9472917494371607,0.9449079592107006,0.9467132793050479,0.0019080448440105295,32,0.9470286376427743,0.9469641793021254,0.9459396828549674,0.9466348859535869,0.9478266626940776,0.9468788096895062,0.0006114932059982106
165,2.0250025272369383,0.4526291374900924,0.004200458526611328,0.0004000663757324219,0.0001,"(25, 25)",6,"{'NN__alpha': 0.0001, 'NN__hidden_layer_sizes': (25, 25), 'ica__n_components': 6}",0.9470409108963326,0.9465042372881356,0.9439809296781884,0.9447755264203417,0.945570123162495,0.9455744477991419,0.0011129068775887088,51,0.9475252441648734,0.9466000132424022,0.9406760022511338,0.9460389975833416,0.9456417386698447,0.9452963991823191,0.002395242748552053
166,3.0235023498535156,1.2892209921836755,0.004000377655029297,1.784161275279017e-07,0.0001,"(25, 25)",7,"{'NN__alpha': 0.0001, 'NN__hidden_layer_sizes': (25, 25), 'ica__n_components': 7}",0.9443929564411492,0.941604872881356,0.9476890478082374,0.9417295722420871,0.9478214805985962,0.9446474919222416,0.002726174277374706,68,0.9459361032941566,0.9416341124279944,0.9444499619293542,0.9427616115469925,0.9515013076439236,0.9452566193684842,0.0034483661885003672
167,3.3529354095458985,0.7503946357793725,0.004000329971313476,0.0006324851109726837,0.0001,"(25, 25)",8,"{'NN__alpha': 0.0001, 'NN__hidden_layer_sizes': (25, 25), 'ica__n_components': 8}",0.9438633655501125,0.9445180084745762,0.9468944510660839,0.9454376903721361,0.9442457952589061,0.944991789819376,0.0010838049098039107,62,0.9436848203939745,0.946235847182679,0.9443175422915219,0.9469328301387095,0.9477604528751614,0.9457862985764093,0.0015483778184717638
168,2.3692368984222414,0.1438044840204713,0.006400632858276367,0.0004899403160383116,0.0001,"(50, 50)",2,"{'NN__alpha': 0.0001, 'NN__hidden_layer_sizes': (50, 50), 'ica__n_components': 2}",0.929299616046604,0.9327330508474576,0.9372268573698848,0.9270295325122501,0.9349754999337836,0.9322527676254039,0.0036982619658453043,117,0.9330905479225294,0.9323313249023373,0.930281060681299,0.9337239712649386,0.9322011454298672,0.9323256100401943,0.001160711011279892
169,2.4022401332855225,0.5565928306623599,0.006600713729858399,0.0008001208389723094,0.0001,"(50, 50)",3,"{'NN__alpha': 0.0001, 'NN__hidden_layer_sizes': (50, 50), 'ica__n_components': 3}",0.9323447636700649,0.9341896186440678,0.9361673950470136,0.9315322473844524,0.9345782015627069,0.93376238148207,0.001650139220111231,109,0.9360039728521768,0.9350129113421175,0.9326977190717384,0.9362730492932102,0.9348826430959711,0.9349740591310429,0.0012601339742865096
170,2.84248423576355,0.7563410722133891,0.006400775909423828,0.000490018183218949,0.0001,"(50, 50)",4,"{'NN__alpha': 0.0001, 'NN__hidden_layer_sizes': (50, 50), 'ica__n_components': 4}",0.9339335363431749,0.9359110169491526,0.9377565885313204,0.9339160376109125,0.9331214408687591,0.9349276974416018,0.0016877899653743927,94,0.9364674722728025,0.9352777593855526,0.9341212301784355,0.9358095805607972,0.9333267123514417,0.9350005509498059,0.001136500969512045
171,3.144914436340332,2.2950520652044673,0.006200742721557617,0.00040009022824606964,0.0001,"(50, 50)",5,"{'NN__alpha': 0.0001, 'NN__hidden_layer_sizes': (50, 50), 'ica__n_components': 5}",0.9465113200052959,0.9451800847457628,0.9551052840683353,0.946762018275725,0.9450403920010595,0.9477196885428254,0.003756279028023821,15,0.9480549577884456,0.9457061510958088,0.9498129572615619,0.9474294037805807,0.9475949283278711,0.9477196796508537,0.0013151686432141833
172,3.5499549865722657,1.6137511033613936,0.006200551986694336,0.00040018562408369803,0.0001,"(50, 50)",6,"{'NN__alpha': 0.0001, 'NN__hidden_layer_sizes': (50, 50), 'ica__n_components': 6}",0.9455845359459817,0.9475635593220338,0.9496755396636207,0.946762018275725,0.9459674215335717,0.9471105461094338,0.0014519732605669884,20,0.9469624234398278,0.9473945573727074,0.9464362564968385,0.9473631939616645,0.9506074750885556,0.9477527812719189,0.0014688282681899559
173,3.129512977600098,1.6889982032278603,0.006600618362426758,0.000489979265096882,0.0001,"(50, 50)",7,"{'NN__alpha': 0.0001, 'NN__hidden_layer_sizes': (50, 50), 'ica__n_components': 7}",0.9408182179266517,0.9409427966101694,0.948086346179314,0.9484836445503907,0.9374917229506026,0.9431643625192012,0.004361968040116043,77,0.9431551067704023,0.9408395682976892,0.9435230244645281,0.9478928725129937,0.9409408415267985,0.9432702827144824,0.0025604745325230704
174,4.728272819519043,1.8540290574987328,0.006600713729858399,0.0004899598118375949,0.0001,"(50, 50)",8,"{'NN__alpha': 0.0001, 'NN__hidden_layer_sizes': (50, 50), 'ica__n_components': 8}",0.9478352972328876,0.9457097457627118,0.9486160773407496,0.9463647199046484,0.9472917494371607,0.9471635150166852,0.0010323921115323,18,0.9484522430061249,0.9471297093292723,0.9451120601185156,0.9473300890522064,0.9518654616479624,0.9479779126308163,0.0022221728788583152
175,3.8749874591827393,0.4509861821502628,0.012801265716552735,0.001166318478315723,0.0001,"(100, 100)",2,"{'NN__alpha': 0.0001, 'NN__hidden_layer_sizes': (100, 100), 'ica__n_components': 2}",0.9289024228783265,0.933395127118644,0.936961991789167,0.9278241292544034,0.9333863064494768,0.9320938609036495,0.0033309700209899836,121,0.933785797053468,0.9311726147123088,0.9301155361340087,0.9338232859933128,0.9318700963352865,0.932153466045677,0.0014593374683278492
176,3.0551054000854494,0.3403663797743746,0.012001228332519532,0.000894522303129707,0.0001,"(100, 100)",3,"{'NN__alpha': 0.0001, 'NN__hidden_layer_sizes': (100, 100), 'ica__n_components': 3}",0.9322123659473057,0.9349841101694916,0.9396106475963448,0.930870083432658,0.9321944113362468,0.9339742571110758,0.003120698468517235,107,0.9357391160403906,0.9350791233529763,0.9335915516271063,0.9357764756513391,0.9325652994339061,0.9345503132211437,0.0012693203010686923
177,4.915491437911987,1.945809186042129,0.011401128768920899,0.0008000373840332031,0.0001,"(100, 100)",4,"{'NN__alpha': 0.0001, 'NN__hidden_layer_sizes': (100, 100), 'ica__n_components': 4}",0.9348603204024891,0.9363082627118644,0.9372268573698848,0.9327241424976824,0.9361673950470136,0.9354573865141163,0.001561118981608503,84,0.9368316503890084,0.936006091504999,0.9342536498162678,0.9359751051080876,0.9358757903797134,0.9357884574396153,0.0008406800760499607
178,3.553355312347412,1.3878963939642408,0.012001228332519532,0.0006324850894031313,0.0001,"(100, 100)",5,"{'NN__alpha': 0.0001, 'NN__hidden_layer_sizes': (100, 100), 'ica__n_components': 5}",0.9451873427777042,0.9465042372881356,0.9487485101311085,0.9463647199046484,0.9421268706131638,0.9457863234281477,0.00216209026830431,47,0.9462671743088893,0.9471628153347017,0.9457079484887608,0.9460058926738836,0.9463038368590062,0.9462895335330483,0.00048621372376024606
179,7.459392642974853,3.75908631871729,0.012400484085083008,0.0014964079782399872,0.0001,"(100, 100)",6,"{'NN__alpha': 0.0001, 'NN__hidden_layer_sizes': (100, 100), 'ica__n_components': 6}",0.9494240699059976,0.949417372881356,0.9528539266322341,0.946762018275725,0.9454376903721361,0.9487790666878543,0.002555730681691534,12,0.9515643105446118,0.9515659140568099,0.9495812228953554,0.9478928725129937,0.9470321448670838,0.9495272929753711,0.0018550158628690616
180,8.184999942779541,1.9055697252668078,0.011599969863891602,0.000489940339242533,0.0001,"(100, 100)",7,"{'NN__alpha': 0.0001, 'NN__hidden_layer_sizes': (100, 100), 'ica__n_components': 7}",0.952866410697736,0.9498146186440678,0.9491458085021851,0.9531187922129519,0.9487485101311085,0.9507389162561576,0.0018731788514005287,8,0.9533189869226949,0.9506720519102165,0.9460721024927997,0.9520309861952527,0.9523289303803754,0.9508846115802678,0.0025507583261586437
181,8.101199960708618,1.8043588034117797,0.012000083923339844,0.0010954527830467668,0.0001,"(100, 100)",8,"{'NN__alpha': 0.0001, 'NN__hidden_layer_sizes': (100, 100), 'ica__n_components': 8}",0.9527340129749768,0.9495497881355932,0.9553701496490531,0.950602569196133,0.9471593166468018,0.951083214153292,0.0027957205566368727,7,0.9533852011256414,0.9513010660133748,0.9505081603601814,0.9508392094547622,0.9522627205614592,0.9516592715030837,0.001045834941790071
182,1.9766000747680663,0.25809262103591135,0.005999898910522461,0.0006324850929980568,0.0001,"(25, 25, 25)",2,"{'NN__alpha': 0.0001, 'NN__hidden_layer_sizes': (25, 25, 25), 'ica__n_components': 2}",0.9310207864424732,0.9295550847457628,0.9378890213216793,0.9270295325122501,0.9343133359819892,0.931961438635521,0.0037858163770920247,127,0.9333222976328422,0.9311395087068794,0.9313404177839574,0.9336908663554805,0.9322342503393253,0.9323454681636969,0.0010238286954374043
183,2.4414000034332277,0.5732932267200719,0.005200004577636719,0.0003998994933878707,0.0001,"(25, 25, 25)",3,"{'NN__alpha': 0.0001, 'NN__hidden_layer_sizes': (25, 25, 25), 'ica__n_components': 3}",0.9328743545611016,0.9348516949152542,0.939345782015627,0.9328565752880413,0.9352403655145014,0.9350336352561046,0.0023694531584155603,90,0.9351100811123986,0.9354101834072701,0.9333267123514417,0.9355116363756745,0.9347171185486808,0.934815146359093,0.000793876462348582
184,2.230199909210205,0.34051462913917513,0.005200052261352539,0.0003999948892390431,0.0001,"(25, 25, 25)",4,"{'NN__alpha': 0.0001, 'NN__hidden_layer_sizes': (25, 25, 25), 'ica__n_components': 4}",0.9315503773335099,0.935646186440678,0.9352403655145014,0.9328565752880413,0.9356376638855781,0.9341861327400816,0.001677262084862562,104,0.9352425095182917,0.9349798053366881,0.9335253418081901,0.9347833283675969,0.9355447412851325,0.93481514526318,0.000693782209191354
185,2.802399826049805,0.9427391886899062,0.005200052261352539,0.000400114102068651,0.0001,"(25, 25, 25)",5,"{'NN__alpha': 0.0001, 'NN__hidden_layer_sizes': (25, 25, 25), 'ica__n_components': 5}",0.9451873427777042,0.9453125,0.9490133757118262,0.9472917494371607,0.9450403920010595,0.9463689814079136,0.001557013113157094,39,0.9469955305413011,0.9459378931338145,0.9461052074022578,0.9469328301387095,0.9479259774224518,0.946779487727707,0.0007138014332054405
186,2.557000017166138,0.5020598408569273,0.005600070953369141,0.0004900571168092678,0.0001,"(25, 25, 25)",6,"{'NN__alpha': 0.0001, 'NN__hidden_layer_sizes': (25, 25, 25), 'ica__n_components': 6}",0.9462465245597775,0.9449152542372882,0.9498079724539796,0.9449079592107006,0.9450403920010595,0.9461835902325335,0.0018805174404890946,44,0.946730673729515,0.9456730450903794,0.9456417386698447,0.946667990863045,0.9475287185089549,0.9464484333723477,0.0007137036385180992
187,3.0510000228881835,1.5471655131303463,0.004999971389770508,1.9073486328125e-07,0.0001,"(25, 25, 25)",7,"{'NN__alpha': 0.0001, 'NN__hidden_layer_sizes': (25, 25, 25), 'ica__n_components': 7}",0.9527340129749768,0.942134533898305,0.9474241822275196,0.9426566017745994,0.9483512117600318,0.9466603103977965,0.003920490354652776,34,0.9533520940241682,0.9429583526451698,0.9444168570198961,0.9429602410037409,0.9511702585493429,0.9469715606484636,0.00440598013207015
188,3.019999933242798,0.6630066209252926,0.005200052261352539,0.0003999948892390431,0.0001,"(25, 25, 25)",8,"{'NN__alpha': 0.0001, 'NN__hidden_layer_sizes': (25, 25, 25), 'ica__n_components': 8}",0.9451873427777042,0.9441207627118644,0.9464971526950073,0.9463647199046484,0.944378228049265,0.9453096032628847,0.0009817435774799263,57,0.9461347459029962,0.9456730450903794,0.9432912900983216,0.946701095772503,0.948488760883239,0.9460577875494879,0.0016811266647420119
189,3.7529999256134032,1.0491650080606072,0.013200044631958008,0.0009798611565797078,0.0001,"(100, 25, 100)",2,"{'NN__alpha': 0.0001, 'NN__hidden_layer_sizes': (100, 25, 100), 'ica__n_components': 2}",0.929299616046604,0.932468220338983,0.9380214541120382,0.9274268308833267,0.9336511720301947,0.9321733142645268,0.003667584313013385,120,0.9331898692269491,0.9330596570217837,0.9312742079650412,0.9341874399973517,0.93249908961499,0.932842052765223,0.000954374742726421
190,4.4221999168396,1.1696190035240943,0.013000011444091797,0.0015492041753856866,0.0001,"(100, 25, 100)",3,"{'NN__alpha': 0.0001, 'NN__hidden_layer_sizes': (100, 25, 100), 'ica__n_components': 3}",0.9330067522838608,0.9348516949152542,0.940670109919216,0.9311349490133757,0.9351079327241425,0.9349541818952275,0.0031963086492142277,93,0.9361364012580699,0.9341852612063828,0.9331942927136094,0.936173734564836,0.935279902009468,0.9349939183504731,0.0011551276082391653
191,4.182399940490723,0.954445513568317,0.012199974060058594,0.0007484301908313911,0.0001,"(100, 25, 100)",4,"{'NN__alpha': 0.0001, 'NN__hidden_layer_sizes': (100, 25, 100), 'ica__n_components': 4}",0.9331391500066198,0.936573093220339,0.9400079459674215,0.9328565752880413,0.9357700966759369,0.935669262143122,0.0026062630464642076,81,0.935904651547757,0.9364033635701516,0.9342205449068097,0.93713377693912,0.9359751051080876,0.9359274884143851,0.0009589613317369242
192,4.320399904251099,1.5514422611507206,0.012200021743774414,0.0009797832855306249,0.0001,"(100, 25, 100)",5,"{'NN__alpha': 0.0001, 'NN__hidden_layer_sizes': (100, 25, 100), 'ica__n_components': 5}",0.9459817291142593,0.9454449152542372,0.9499404052443385,0.9470268838564428,0.9454376903721361,0.9467662482122994,0.0016893147231443798,31,0.9474259228604536,0.9461365291663908,0.9465024663157546,0.9465686761346708,0.94898533452511,0.9471237858004761,0.0010223023781551644
193,5.7592000484466555,1.894090868438736,0.011600017547607422,0.0004897845816770382,0.0001,"(100, 25, 100)",6,"{'NN__alpha': 0.0001, 'NN__hidden_layer_sizes': (100, 25, 100), 'ica__n_components': 6}",0.9451873427777042,0.949417372881356,0.9476890478082374,0.9509998675672097,0.9487485101311085,0.9484082843370941,0.0019361547444450853,13,0.9480549577884456,0.9512017479970867,0.9462707319495481,0.9504419505412652,0.9523951401992915,0.9496729056951274,0.002215034585695567
194,7.8147999286651615,2.225429005965315,0.012599992752075195,0.001019664529634677,0.0001,"(100, 25, 100)",7,"{'NN__alpha': 0.0001, 'NN__hidden_layer_sizes': (100, 25, 100), 'ica__n_components': 7}",0.9469085131735734,0.9525953389830508,0.9557674480201298,0.9556350152297709,0.9484836445503907,0.9518777477620637,0.0036325296757673113,2,0.9501407051812614,0.9543468185128783,0.9522627205614592,0.9531565531168272,0.9532558678452014,0.9526325330435256,0.0014105236864147641
195,8.938000011444093,1.9648306084608853,0.013000011444091797,0.0010953657179721195,0.0001,"(100, 25, 100)",8,"{'NN__alpha': 0.0001, 'NN__hidden_layer_sizes': (100, 25, 100), 'ica__n_components': 8}",0.9506156494108301,0.9529925847457628,0.9525890610515163,0.9552377168586942,0.9511323003575686,0.952513374649081,0.0016227184979862763,1,0.9525244164873365,0.9547440905780309,0.9491508590724005,0.9545800642235244,0.9554738967788923,0.953294665428037,0.002292009910671829
