,mean_fit_time,std_fit_time,mean_score_time,std_score_time,param_NN__alpha,param_NN__hidden_layer_sizes,param_filter__n,params,split0_test_score,split1_test_score,split2_test_score,split3_test_score,split4_test_score,mean_test_score,std_test_score,rank_test_score,split0_train_score,split1_train_score,split2_train_score,split3_train_score,split4_train_score,mean_train_score,std_train_score
0,2.4966000080108643,0.18100148446688233,0.01247997283935547,0.006239986421499643,0.1,"(25,)",2,"{'NN__alpha': 0.1, 'NN__hidden_layer_sizes': (25,), 'filter__n': 2}",0.935654706739044,0.9390889830508474,0.9414647066613694,0.9386836180638326,0.9392133492252682,0.9388209121245829,0.001857983740294109,158,0.940142360536335,0.9394822220750845,0.936173734564836,0.9393187009633529,0.9391862813255206,0.9388606598930258,0.0013830759013083234
1,2.4628798961639404,0.15393285649012486,0.012480068206787109,0.006240034104304502,0.1,"(25,)",3,"{'NN__alpha': 0.1, 'NN__hidden_layer_sizes': (25,), 'filter__n': 3}",0.9353899112935258,0.9382944915254238,0.9431863329360349,0.9316646801748113,0.9364322606277314,0.936993484824408,0.003776818869635729,194,0.9389836119847708,0.9398463881348077,0.9378289800377396,0.9355778461945906,0.9371999867580362,0.9378873626219889,0.0014730447283219554
2,2.3688799858093263,0.11842334653324572,0.009360074996948242,0.007642469232731191,0.1,"(25,)",4,"{'NN__alpha': 0.1, 'NN__hidden_layer_sizes': (25,), 'filter__n': 4}",0.9363166953528399,0.9380296610169492,0.9422593034035227,0.9373592901602437,0.9365646934180903,0.9381058318766884,0.002162848103166667,186,0.9393808972024499,0.9388532079719261,0.9372330916674942,0.9389876518687721,0.9365047836594167,0.9381919264740117,0.001118028495116487
3,3.207960033416748,0.42328072962476165,0.009359979629516601,0.007642391366541051,0.1,"(25,)",5,"{'NN__alpha': 0.1, 'NN__hidden_layer_sizes': (25,), 'filter__n': 5}",0.9499536607970342,0.9515360169491526,0.9531187922129519,0.9502052708250562,0.9433187657263938,0.9496265692038773,0.003348669511033422,112,0.9508690614136732,0.9521287161491094,0.9479590823319098,0.9486211805210712,0.9478266626940776,0.9494809406219682,0.0017163606918891871
4,4.656240034103393,1.3769846523954712,0.012479925155639648,0.006239962578503042,0.1,"(25,)",6,"{'NN__alpha': 0.1, 'NN__hidden_layer_sizes': (25,), 'filter__n': 6}",0.9486296835694427,0.9532574152542372,0.9594755661501788,0.9507350019864919,0.9507350019864919,0.9525663435563324,0.003752823609165187,104,0.9508028472107267,0.9578229490829636,0.9547124838613567,0.9506074750885556,0.9545469593140663,0.9536985429115337,0.002709183153153957
5,5.140040111541748,1.4606301438028302,0.009359979629516601,0.007642391366541051,0.1,"(25,)",7,"{'NN__alpha': 0.1, 'NN__hidden_layer_sizes': (25,), 'filter__n': 7}",0.9483648881239243,0.957229872881356,0.9533836577936697,0.9619917891669978,0.9586809694080254,0.9559298691667991,0.0046845326331818446,96,0.9512663466313525,0.9609018075878965,0.9477935577846195,0.958983017181448,0.961267255934055,0.9560423970238743,0.005484783946868494
6,4.160040044784546,0.8379742005039011,0.006239986419677735,0.007642391366541052,0.1,"(25,)",8,"{'NN__alpha': 0.1, 'NN__hidden_layer_sizes': (25,), 'filter__n': 8}",0.9470409108963326,0.948093220338983,0.9586809694080254,0.9560323136008476,0.9502052708250562,0.9520101700301923,0.004560070315355631,106,0.9490150637311703,0.9511024299807985,0.9543152249478598,0.9536200218492402,0.9538517562154467,0.952380899344903,0.0020200887775669663
7,2.6690000534057616,0.32150287795534205,0.012479925155639648,0.006239962580324957,0.1,"(50,)",2,"{'NN__alpha': 0.1, 'NN__hidden_layer_sizes': (50,), 'filter__n': 2}",0.9351251158480074,0.939353813559322,0.940537677128857,0.9359025294662958,0.9394782148059859,0.9380793474230626,0.0021490086711439637,187,0.9400099321304419,0.9399788121565252,0.9360744198364618,0.9370675671202039,0.9383586585890688,0.9382978779665404,0.0015631886853539742
8,2.4841200351715087,0.04355962227950239,0.00935983657836914,0.007642274564280669,0.1,"(50,)",3,"{'NN__alpha': 0.1, 'NN__hidden_layer_sizes': (50,), 'filter__n': 3}",0.9352575135707666,0.9381620762711864,0.9433187657263938,0.9384187524831148,0.936961991789167,0.9384236453201971,0.0026903998152441005,179,0.9390498261877173,0.9393497980533669,0.93799450458503,0.939351805872811,0.9386897076836495,0.9388871284765148,0.0005083721365906552
9,2.6879199504852296,0.3066933948386536,0.0031199932098388674,0.006239986419677735,0.1,"(50,)",4,"{'NN__alpha': 0.1, 'NN__hidden_layer_sizes': (50,), 'filter__n': 4}",0.9348603204024891,0.9341896186440678,0.9425241689842405,0.9368295589988082,0.938153886902397,0.9373112982679167,0.00296201355724333,191,0.9383545770567787,0.9367675296298749,0.9362399443837521,0.9395504353295594,0.9372330916674942,0.9376291156134918,0.0011871584422941252
10,4.263120031356811,1.5530997559961133,0.009360027313232423,0.007642430300627835,0.1,"(50,)",5,"{'NN__alpha': 0.1, 'NN__hidden_layer_sizes': (50,), 'filter__n': 5}",0.9477028995101284,0.9472987288135594,0.9511323003575686,0.9574890742947954,0.952986359422593,0.9513215742359236,0.0037449572207770756,109,0.9488164211223308,0.9484870555518771,0.947131459595458,0.9559704704207634,0.9579898698977058,0.9516790553176271,0.004411502876446535
11,4.169720077514649,1.5298688255172521,0.01307992935180664,0.006642381228104961,0.1,"(50,)",6,"{'NN__alpha': 0.1, 'NN__hidden_layer_sizes': (50,), 'filter__n': 6}",0.9518072289156626,0.9597457627118644,0.9533836577936697,0.9503377036154151,0.9487485101311085,0.952804703638964,0.003796002072520712,103,0.9544115212713127,0.9611666556313315,0.9475287185089549,0.948952229615652,0.9529248187506207,0.9529967887555744,0.004796073881803511
12,5.218240070343017,1.221929471350062,0.00935988426208496,0.0076423134983674675,0.1,"(50,)",7,"{'NN__alpha': 0.1, 'NN__hidden_layer_sizes': (50,), 'filter__n': 7}",0.9459817291142593,0.9536546610169492,0.9607998940537678,0.9619917891669978,0.9584161038273077,0.9561682292494306,0.005839806342462953,93,0.9493792418473762,0.9576243130503873,0.958983017181448,0.9577250306220413,0.9608037872016421,0.9569030779805789,0.0039330796034815745
13,6.10580005645752,0.7979366116795674,0.01247997283935547,0.006239986419677735,0.1,"(50,)",8,"{'NN__alpha': 0.1, 'NN__hidden_layer_sizes': (50,), 'filter__n': 8}",0.9561763537667152,0.9589512711864406,0.9623890875380744,0.9634485498609455,0.9540458217454642,0.9590020657873828,0.00357188372715608,72,0.958053302433372,0.9622591538105012,0.9611017313867647,0.9601416890124805,0.958519548449035,0.9600150850184306,0.0015695791911278206
14,2.6307599544525146,0.1255475300446738,0.009360074996948242,0.007642469232731191,0.1,"(25, 25)",2,"{'NN__alpha': 0.1, 'NN__hidden_layer_sizes': (25, 25), 'filter__n': 2}",0.9363166953528399,0.9382944915254238,0.9429214673553171,0.9353727983048603,0.9382863196927559,0.938238254144817,0.002601517780391327,182,0.9403741102466479,0.9392173740316493,0.9368689376634555,0.9386566027741914,0.9375641407620751,0.9385362330956039,0.0012313465653160404
15,3.233519983291626,0.5083007819858746,0.006239986419677735,0.007642391365053469,0.1,"(25, 25)",3,"{'NN__alpha': 0.1, 'NN__hidden_layer_sizes': (25, 25), 'filter__n': 3}",0.9365814907983583,0.9382944915254238,0.9422593034035227,0.938153886902397,0.939345782015627,0.9389268499390857,0.0018856779096758367,153,0.9399768250289687,0.940045024167384,0.9365709934783328,0.9381600291323203,0.9395173304201013,0.9388540404454215,0.0013276291797175077
16,2.7146000385284426,0.20121878992118308,0.009359979629516601,0.007642391366541051,0.1,"(25, 25)",4,"{'NN__alpha': 0.1, 'NN__hidden_layer_sizes': (25, 25), 'filter__n': 4}",0.9364490930755991,0.9378972457627118,0.9435836313071116,0.9364322606277314,0.9398755131770626,0.9388473965782086,0.0026823592420229933,156,0.9397781824201291,0.9395153280805139,0.9376634554904493,0.9395504353295594,0.9386566027741914,0.9390328008189686,0.0007839647152352535
17,4.891240072250366,0.760883161336168,0.009360074996948242,0.007642469232731191,0.1,"(25, 25)",5,"{'NN__alpha': 0.1, 'NN__hidden_layer_sizes': (25, 25), 'filter__n': 5}",0.951277638024626,0.9594809322033898,0.9598728645212554,0.9590782677791021,0.9544431201165409,0.9568303405900737,0.003402104943283257,89,0.9559675550405562,0.956995298947229,0.9577250306220413,0.9589168073625318,0.9592809613665707,0.9577771306677858,0.0012205661754983955
18,6.963720035552979,0.8378672542218125,0.009359979629516601,0.007642391365053469,0.1,"(25, 25)",6,"{'NN__alpha': 0.1, 'NN__hidden_layer_sizes': (25, 25), 'filter__n': 6}",0.9602806831722495,0.962791313559322,0.9664945040392001,0.9688782942656602,0.9635809826513044,0.96440489432703,0.0029890020800768646,46,0.9644429730177123,0.9643448321525525,0.9651405303406495,0.9669944052703016,0.9661667825338498,0.9654179046630131,0.0010222607368603712
19,5.4462000846862795,0.4660555627931321,0.015599918365478516,1.784161275279017e-07,0.1,"(25, 25)",7,"{'NN__alpha': 0.1, 'NN__hidden_layer_sizes': (25, 25), 'filter__n': 7}",0.9625314444591553,0.9615995762711864,0.9658323400874056,0.9635809826513044,0.9602701628923321,0.9627628582022353,0.0018820276241713913,59,0.9645754014236053,0.9647752102231345,0.9640480683285331,0.9627569768596683,0.962194193398881,0.9636699700467645,0.001019391329218456
20,6.1207200050354,0.5351421709117993,0.012480068206787109,0.006240034104304502,0.1,"(25, 25)",8,"{'NN__alpha': 0.1, 'NN__hidden_layer_sizes': (25, 25), 'filter__n': 8}",0.9610750695088045,0.964115466101695,0.9637134154416633,0.9647728777645345,0.9582836710369488,0.9623920758514752,0.0024081642200875545,60,0.965270650554544,0.9661656624511686,0.9632204455920813,0.9638163339623266,0.9624921375840038,0.9641930460288248,0.00134412798436857
21,4.222960042953491,1.0349016806331557,0.015599966049194336,2.132480599880018e-07,0.1,"(50, 50)",2,"{'NN__alpha': 0.1, 'NN__hidden_layer_sizes': (50, 50), 'filter__n': 2}",0.9363166953528399,0.9381620762711864,0.9421268706131638,0.9385511852734737,0.9380214541120382,0.9386355209492028,0.0019065584051335311,173,0.9387187551729846,0.9400781301728134,0.936637203297249,0.939815274605224,0.9395173304201013,0.9389533387336744,0.001244643616252814
22,3.6132000923156737,0.2990574339087211,0.009359931945800782,0.007642352431958399,0.1,"(50, 50)",3,"{'NN__alpha': 0.1, 'NN__hidden_layer_sizes': (50, 50), 'filter__n': 3}",0.9353899112935258,0.9380296610169492,0.941862005032446,0.9370944245795259,0.9377565885313204,0.9380263785158112,0.002126234731848742,188,0.938520112564145,0.9398463881348077,0.9366040983877909,0.9385903929552752,0.9378620849471977,0.9382846153978432,0.0010574272849410186
23,3.9915600776672364,0.8625366010994632,0.015599966049194336,1.5078914929239175e-07,0.1,"(50, 50)",4,"{'NN__alpha': 0.1, 'NN__hidden_layer_sizes': (50, 50), 'filter__n': 4}",0.9343307295114524,0.938426906779661,0.9421268706131638,0.9394782148059859,0.9389484836445504,0.9386620054028285,0.002512817074612537,172,0.9385532196656182,0.9396808581076608,0.9363723640215844,0.9399807991525143,0.9392193862349787,0.9387613254364713,0.0012878603050264844
24,5.665760040283203,0.9085875452532273,0.01268010139465332,0.0063518694059577635,0.1,"(50, 50)",5,"{'NN__alpha': 0.1, 'NN__hidden_layer_sizes': (50, 50), 'filter__n': 5}",0.9541903879253277,0.957229872881356,0.9613296252152033,0.9578863726658721,0.9528539266322341,0.9566979183219451,0.002973559445007703,91,0.9579870882304254,0.9567635569092233,0.956698778428841,0.957162247161254,0.9578243453504155,0.9572872032160319,0.0005318691392332157
25,7.603320074081421,2.139317792911442,0.012480020523071289,0.006240010264040759,0.1,"(50, 50)",6,"{'NN__alpha': 0.1, 'NN__hidden_layer_sizes': (50, 50), 'filter__n': 6}",0.9631934330729511,0.9594809322033898,0.9660972056681234,0.9684809958945835,0.9623890875380744,0.963928174161767,0.0031022061604196773,54,0.9652375434530707,0.9616301397073429,0.9632866554109974,0.9673254543648823,0.9653060548879399,0.9645571695648467,0.0019426192931647351
26,7.798079967498779,1.4750653310611157,0.015600156784057618,9.5367431640625e-08,0.1,"(50, 50)",7,"{'NN__alpha': 0.1, 'NN__hidden_layer_sizes': (50, 50), 'filter__n': 7}",0.9641202171322654,0.9594809322033898,0.965435041716329,0.9670242352006356,0.9637134154416633,0.9639546586153928,0.0025184839991588665,53,0.9665949346134746,0.9614977156856254,0.9637170192339524,0.9651736352501076,0.9696759029364055,0.965331841543913,0.002749526319403194
27,7.656160116195679,1.8429315050274033,0.015599918365478516,1.784161275279017e-07,0.1,"(50, 50)",8,"{'NN__alpha': 0.1, 'NN__hidden_layer_sizes': (50, 50), 'filter__n': 8}",0.9597510922812128,0.9604078389830508,0.9633161170705867,0.9687458614753013,0.9623890875380744,0.9629217649239896,0.0031853356699667636,58,0.962787617944049,0.9632192279679533,0.962624557221836,0.9671599298175919,0.968086867282418,0.9647756400467697,0.00235163225343856
28,4.768760013580322,0.9854347155018902,0.018720006942749022,0.006239962578503043,0.1,"(100, 100)",2,"{'NN__alpha': 0.1, 'NN__hidden_layer_sizes': (100, 100), 'filter__n': 2}",0.9371110816893949,0.9386917372881356,0.9434511985167527,0.9374917229506026,0.9380214541120382,0.9389533343927114,0.0023106970938114838,152,0.9404734315510677,0.9399788121565252,0.9375972456715331,0.9376634554904493,0.9381931340417784,0.9387812157822708,0.0012078778672022941
29,4.715519952774048,0.9002945531295286,0.018720054626464845,0.006239938736872875,0.1,"(100, 100)",3,"{'NN__alpha': 0.1, 'NN__hidden_layer_sizes': (100, 100), 'filter__n': 3}",0.9371110816893949,0.9389565677966102,0.9435836313071116,0.9385511852734737,0.939345782015627,0.9395095079188517,0.002172627430012976,140,0.9408707167687469,0.9400781301728134,0.9376303505809912,0.9396828549673917,0.9395173304201013,0.9395558765820089,0.0010702161676331395
30,5.2461200714111325,0.46558851133304435,0.02184004783630371,0.007642410834204267,0.1,"(100, 100)",4,"{'NN__alpha': 0.1, 'NN__hidden_layer_sizes': (100, 100), 'filter__n': 4}",0.9363166953528399,0.9355137711864406,0.9429214673553171,0.9384187524831148,0.9392133492252682,0.9384766142274484,0.0025979319062828655,176,0.9402416818407549,0.9389856319936436,0.9359751051080876,0.9397159598768497,0.9395835402390175,0.9389003838116707,0.0015162763713327367
31,5.8355999946594235,0.8245272959184247,0.018720054626464845,0.006239938736872875,0.1,"(100, 100)",5,"{'NN__alpha': 0.1, 'NN__hidden_layer_sizes': (100, 100), 'filter__n': 5}",0.9553819674301602,0.9578919491525424,0.9611971924248444,0.9586809694080254,0.9553701496490531,0.9577043275597225,0.002192277489114947,82,0.9569938751862275,0.9564987088657882,0.9578574502598736,0.9572615618896282,0.9594464859138611,0.9576116164230758,0.001016846691167074
32,8.292240047454834,1.2752049454047332,0.015600061416625977,1.9073486328125e-07,0.1,"(100, 100)",6,"{'NN__alpha': 0.1, 'NN__hidden_layer_sizes': (100, 100), 'filter__n': 6}",0.9631934330729511,0.9634533898305084,0.9659647728777645,0.9678188319427891,0.9615944907959211,0.96440489432703,0.0022071760899030107,46,0.9662307564972686,0.9651724822882871,0.9622935081272552,0.9659350481676433,0.9636508094150362,0.9646565208990981,0.001481509419420704
33,10.80331997871399,4.492214890934421,0.015600061416625977,1.9073486328125e-07,0.1,"(100, 100)",7,"{'NN__alpha': 0.1, 'NN__hidden_layer_sizes': (100, 100), 'filter__n': 7}",0.9604130808950087,0.9602754237288136,0.9709972189114024,0.970335054959608,0.9622566547477155,0.9648551300386673,0.004800234711108538,40,0.9638470451911935,0.9633847579951003,0.9675571887310889,0.9694772734796571,0.9661336776243917,0.9660799886042863,0.0022793354984598645
34,8.17952003479004,1.5448306864479526,0.018720054626464845,0.006239938736872875,0.1,"(100, 100)",8,"{'NN__alpha': 0.1, 'NN__hidden_layer_sizes': (100, 100), 'filter__n': 8}",0.963855421686747,0.963718220338983,0.9633161170705867,0.9660972056681234,0.9618593563766389,0.9637692674400127,0.001362475326203628,56,0.9657010428736964,0.9660001324240217,0.9624259277650875,0.9652729499784818,0.9648425861555269,0.9648485278393629,0.001272959981997239
35,4.266639995574951,0.9486443248640389,0.01248016357421875,0.006240081787109375,0.1,"(25, 25, 25)",2,"{'NN__alpha': 0.1, 'NN__hidden_layer_sizes': (25, 25, 25), 'filter__n': 2}",0.9365814907983583,0.9378972457627118,0.9427890345649583,0.9388160508541915,0.9396106475963448,0.9391387255680915,0.0020848269113038905,149,0.9405727528554875,0.9401774481891015,0.9384248684079849,0.9397821696957659,0.9396828549673917,0.9397280188231463,0.0007237037288539753
36,3.427560043334961,0.5455227108379884,0.006239986419677735,0.007642391365053469,0.1,"(25, 25, 25)",3,"{'NN__alpha': 0.1, 'NN__hidden_layer_sizes': (25, 25, 25), 'filter__n': 3}",0.9339335363431749,0.9380296610169492,0.943053900145676,0.9386836180638326,0.9392133492252682,0.9385825520419514,0.002909381753118154,174,0.9376262208243669,0.9399788121565252,0.9382924487701526,0.9393187009633529,0.9391862813255206,0.9388804928079837,0.0008259337014052663
37,4.181400012969971,0.5237049496115552,0.012480068206787109,0.006240034106126396,0.1,"(25, 25, 25)",4,"{'NN__alpha': 0.1, 'NN__hidden_layer_sizes': (25, 25, 25), 'filter__n': 4}",0.9369786839666358,0.9386917372881356,0.9439809296781884,0.9378890213216793,0.9390809164349093,0.9393241167434716,0.002437402729657535,145,0.9397781824201291,0.9395815400913726,0.9393187009633529,0.9399807991525143,0.9398814844241401,0.9397081414103017,0.00023536675362801916
38,5.477999973297119,0.6815929577744693,0.009360074996948242,0.007642469232731191,0.1,"(25, 25, 25)",5,"{'NN__alpha': 0.1, 'NN__hidden_layer_sizes': (25, 25, 25), 'filter__n': 5}",0.9597510922812128,0.9594809322033898,0.9618593563766389,0.9568269103430009,0.9558998808104887,0.9587637057047513,0.0021458595195693966,73,0.9608342989571264,0.956995298947229,0.958983017181448,0.9579236600787897,0.959909954646274,0.9589292459621733,0.0013671328981591205
39,6.172559976577759,1.6843034790854452,0.015600013732910156,1.784161275279017e-07,0.1,"(25, 25, 25)",6,"{'NN__alpha': 0.1, 'NN__hidden_layer_sizes': (25, 25, 25), 'filter__n': 6}",0.9637230239639878,0.9684851694915254,0.9626539531187922,0.9671566679909945,0.9626539531187922,0.9649345833995445,0.0024254676996499263,38,0.9665618275120014,0.9695755810103953,0.9596782202800676,0.9664316218095144,0.9655046843446883,0.9655503869913333,0.0032399445748198994
40,6.472080183029175,2.149557825484492,0.015599870681762695,1.1680077279964342e-07,0.1,"(25, 25, 25)",7,"{'NN__alpha': 0.1, 'NN__hidden_layer_sizes': (25, 25, 25), 'filter__n': 7}",0.9671653647557262,0.9609375,0.9645080121838168,0.9647728777645345,0.9627863859091511,0.96403411197627,0.002084373626093984,50,0.9695414666445953,0.963186121962524,0.9638163339623266,0.9641804879663655,0.9659350481676433,0.965331891740691,0.0022939613126180523
41,7.472480010986328,1.7440328012337698,0.012480020523071289,0.0062400102622188576,0.1,"(25, 25, 25)",8,"{'NN__alpha': 0.1, 'NN__hidden_layer_sizes': (25, 25, 25), 'filter__n': 8}",0.9617370581226002,0.9643802966101694,0.9633161170705867,0.9692755926367369,0.9630512514898689,0.9643519254197785,0.002601715135425782,49,0.9653368647574905,0.968946566907237,0.9628562915880425,0.967623398550005,0.9652729499784818,0.9660072143562513,0.0021056434560182313
42,7.449840116500854,3.6889373851538396,0.015599918365478516,1.784161275279017e-07,0.1,"(100, 25, 100)",2,"{'NN__alpha': 0.1, 'NN__hidden_layer_sizes': (100, 25, 100), 'filter__n': 2}",0.9365814907983583,0.9385593220338984,0.943053900145676,0.940670109919216,0.9408025427095749,0.9399332591768632,0.0021981975926260245,134,0.9405727528554875,0.9402767662053897,0.9389876518687721,0.9408415267984243,0.9408415267984243,0.9403040449052995,0.0006904509088204302
43,5.156040048599243,0.8289300155188898,0.021840000152587892,0.007642449767299332,0.1,"(100, 25, 100)",3,"{'NN__alpha': 0.1, 'NN__hidden_layer_sizes': (100, 25, 100), 'filter__n': 3}",0.9376406725804316,0.9385593220338984,0.944378228049265,0.9390809164349093,0.9401403787577804,0.939959743630489,0.0023523064357263345,133,0.9413673232908459,0.9402105541945309,0.9384248684079849,0.9399145893335982,0.9401132187903466,0.9400061108034613,0.0009396672123168303
44,7.428200101852417,1.8883434688194012,0.018719911575317383,0.0062400102622188576,0.1,"(100, 25, 100)",4,"{'NN__alpha': 0.1, 'NN__hidden_layer_sizes': (100, 25, 100), 'filter__n': 4}",0.9373758771349133,0.938426906779661,0.9446430936299828,0.9415971394517283,0.9409349754999338,0.9405953705175062,0.00255229651765389,125,0.9407382883628538,0.9399126001456665,0.9384248684079849,0.940278743337637,0.9409077366173404,0.9400524473742966,0.0008856272300253052
45,7.690480041503906,2.5680187625869366,0.021840000152587892,0.007642449767299332,0.1,"(100, 25, 100)",5,"{'NN__alpha': 0.1, 'NN__hidden_layer_sizes': (100, 25, 100), 'filter__n': 5}",0.9589567059446578,0.9614671610169492,0.9572242087140777,0.959210700569461,0.951794464309363,0.9577308120133482,0.0032603093297479844,80,0.9603707995365006,0.9616301397073429,0.9556063164167246,0.9600754791935644,0.9565001489720926,0.9588365767652449,0.0023488801332565367
46,9.325039958953857,1.3459017324660494,0.02184019088745117,0.007642391365053469,0.1,"(100, 25, 100)",6,"{'NN__alpha': 0.1, 'NN__hidden_layer_sizes': (100, 25, 100), 'filter__n': 6}",0.9655765920826161,0.96875,0.9696728910078135,0.9676863991524302,0.9643755793934579,0.9672122464113565,0.0019680348868000752,24,0.9690779672239695,0.9703039131298418,0.9670937199986758,0.9671599298175919,0.9691793292945344,0.9685629718929227,0.0012492574772098519
47,11.112120008468628,1.9493576259661727,0.015599918365478516,2.3360154559928684e-07,0.1,"(100, 25, 100)",7,"{'NN__alpha': 0.1, 'NN__hidden_layer_sizes': (100, 25, 100), 'filter__n': 7}",0.9678273533695221,0.9680879237288136,0.9717918156535558,0.967951264733148,0.9631836842802278,0.9677684199374967,0.0027328940451161587,16,0.9714285714285714,0.9709660332384294,0.9693117489323667,0.9692124342039925,0.9681199721918761,0.9698077519990473,0.0012180060795733297
48,7.725400066375732,1.3602824918503942,0.02183990478515625,0.007642430300627835,0.1,"(100, 25, 100)",8,"{'NN__alpha': 0.1, 'NN__hidden_layer_sizes': (100, 25, 100), 'filter__n': 8}",0.9617370581226002,0.964645127118644,0.9680836975235069,0.9680836975235069,0.9634485498609455,0.9651994279358017,0.002529803292330072,33,0.9647078298294984,0.9656690723697279,0.9653060548879399,0.9668950905419273,0.9683517065580826,0.9661859508374352,0.0012976593473193005
49,2.502440023422241,0.1912165886802561,0.006239938735961914,0.007642332965038969,0.01,"(25,)",2,"{'NN__alpha': 0.01, 'NN__hidden_layer_sizes': (25,), 'filter__n': 2}",0.9363166953528399,0.9390889830508474,0.9414647066613694,0.9386836180638326,0.9397430803867037,0.9390592722072144,0.0016684316905287635,150,0.9404072173481212,0.9394822220750845,0.9362068394742941,0.9393187009633529,0.9394511206011852,0.9389732200924076,0.0014363870509383086
50,2.381360149383545,0.09714344866649009,0.00935988426208496,0.0076423134983674675,0.01,"(25,)",3,"{'NN__alpha': 0.01, 'NN__hidden_layer_sizes': (25,), 'filter__n': 3}",0.9353899112935258,0.9382944915254238,0.9434511985167527,0.9316646801748113,0.9400079459674215,0.937761533979554,0.004012332113362482,189,0.9389836119847708,0.9399457061510958,0.9379282947661138,0.9355778461945906,0.9387228125931075,0.9382316543379356,0.001475084746308184
51,2.3152400970458986,0.040324375567628565,0.0031199932098388674,0.006239986419677735,0.01,"(25,)",4,"{'NN__alpha': 0.01, 'NN__hidden_layer_sizes': (25,), 'filter__n': 4}",0.9363166953528399,0.9380296610169492,0.9421268706131638,0.9373592901602437,0.9397430803867037,0.93871497431008,0.0020375107626771564,168,0.9393146829995034,0.9387869959610673,0.9372330916674942,0.9391200715066045,0.9376634554904493,0.9384236595250238,0.0008253832859327223
52,3.7031200408935545,0.6151683168378158,0.003119945526123047,0.006239891052246094,0.01,"(25,)",5,"{'NN__alpha': 0.01, 'NN__hidden_layer_sizes': (25,), 'filter__n': 5}",0.9477028995101284,0.9525953389830508,0.9560323136008476,0.9527214938418752,0.9460998543239306,0.9510302452460406,0.003625149595264583,110,0.9486508856149644,0.9528570482685559,0.9501440063561426,0.9518654616479624,0.9523620352898334,0.9511758874354918,0.001558792727021663
53,5.505880069732666,2.2669356768603395,0.0,0.0,0.01,"(25,)",6,"{'NN__alpha': 0.01, 'NN__hidden_layer_sizes': (25,), 'filter__n': 6}",0.9490268767377201,0.9516684322033898,0.9574890742947954,0.9593431333598199,0.960402595682691,0.9555855712696647,0.004456732156126893,98,0.9507697401092534,0.9557372707409124,0.9526268745654981,0.957195352070712,0.9631211308637071,0.9558900736700167,0.004263368920140412
54,5.714919996261597,1.0081460454288729,0.006239891052246094,0.007642274564280669,0.01,"(25,)",7,"{'NN__alpha': 0.01, 'NN__hidden_layer_sizes': (25,), 'filter__n': 7}",0.9588243082218986,0.9564353813559322,0.9623890875380744,0.9630512514898689,0.9479539133889551,0.9577308120133482,0.005448981023138065,80,0.9625889753352094,0.9593458253327154,0.9610355215678485,0.9620617737610487,0.9522296156520011,0.9594523423297646,0.0037771201208766283
55,4.436720085144043,1.4895036095084297,0.012479925155639648,0.006239962580324957,0.01,"(25,)",8,"{'NN__alpha': 0.01, 'NN__hidden_layer_sizes': (25,), 'filter__n': 8}",0.9466437177280551,0.956302966101695,0.9601377301019732,0.9516620315190041,0.946762018275725,0.9523014990200752,0.0053013761265007075,105,0.9499751696738951,0.9606700655498908,0.9583209189922866,0.9496805376237296,0.9514682027344655,0.9540229789148535,0.004569999715378989
56,2.5997600078582765,0.3393940364399885,0.009360074996948242,0.007642469232731191,0.01,"(50,)",2,"{'NN__alpha': 0.01, 'NN__hidden_layer_sizes': (50,), 'filter__n': 2}",0.9351251158480074,0.939353813559322,0.9431863329360349,0.936961991789167,0.9390809164349093,0.9387414587637057,0.0027015613637375686,166,0.9400099321304419,0.9399788121565252,0.9376965603999073,0.9378289800377396,0.9384248684079849,0.9387878306265197,0.001015280830300808
57,2.452720022201538,0.06844145995695441,0.012480020523071289,0.006240010264040759,0.01,"(50,)",3,"{'NN__alpha': 0.01, 'NN__hidden_layer_sizes': (50,), 'filter__n': 3}",0.9353899112935258,0.9381620762711864,0.9437160640974706,0.9385511852734737,0.9368295589988082,0.9385295831346999,0.0028207162844143554,175,0.939016719086244,0.9394160100642257,0.93799450458503,0.9394842255106433,0.9386566027741914,0.9389136124040668,0.0005476215567529975
58,2.733919954299927,0.38483077847370506,0.009360074996948242,0.007642469232731191,0.01,"(50,)",4,"{'NN__alpha': 0.01, 'NN__hidden_layer_sizes': (50,), 'filter__n': 4}",0.9348603204024891,0.934322033898305,0.9423917361938816,0.9368295589988082,0.9384187524831148,0.9373642671751682,0.002905090803882513,190,0.9381890415494123,0.9366682116135867,0.9362068394742941,0.9395504353295594,0.9371668818485781,0.9375562819630862,0.0011948496782859795
59,5.261519956588745,0.4961951233248808,0.0031199932098388674,0.006239986419677735,0.01,"(50,)",5,"{'NN__alpha': 0.01, 'NN__hidden_layer_sizes': (50,), 'filter__n': 5}",0.9551171719846419,0.9594809322033898,0.960402595682691,0.9577539398755132,0.9539133889551052,0.9573335452089623,0.002482592016061651,85,0.9581195166363184,0.9585512812024101,0.9563677293342603,0.9565001489720926,0.9583540239017446,0.9575785400093653,0.0009454359975285438
60,4.035360050201416,1.7170650084634012,0.01247997283935547,0.006239986421499643,0.01,"(50,)",6,"{'NN__alpha': 0.01, 'NN__hidden_layer_sizes': (50,), 'filter__n': 6}",0.9442605587183901,0.9597457627118644,0.9532512250033108,0.9499404052443385,0.9626539531187922,0.9539700195984957,0.006630383392542623,101,0.9480549577884456,0.9627226378865126,0.9474956135994969,0.9488529148872777,0.9640811732379911,0.9542414594799448,0.007504212239178181
61,5.933920049667359,1.386960889374088,0.015599918365478516,9.5367431640625e-08,0.01,"(50,)",7,"{'NN__alpha': 0.01, 'NN__hidden_layer_sizes': (50,), 'filter__n': 7}",0.9581623196081027,0.948490466101695,0.9627863859091511,0.9646404449741756,0.9596079989405377,0.9587372212511256,0.0056094568825914605,74,0.9602052640291342,0.9505065218830696,0.9608699970205582,0.9620286688515907,0.964412222332572,0.9596045348233849,0.004769201077454328
62,5.762320041656494,0.5138483055201967,0.0031200408935546874,0.006240081787109375,0.01,"(50,)",8,"{'NN__alpha': 0.01, 'NN__hidden_layer_sizes': (50,), 'filter__n': 8}",0.9596186945584536,0.959083686440678,0.964243146603099,0.9635809826513044,0.960402595682691,0.9613856666136977,0.002115281866298819,63,0.9616288693924847,0.9618618817453486,0.9623597179461714,0.9611679412056808,0.9629887112258748,0.9620014243031122,0.0006254715282214439
63,3.0521599769592287,0.8184299494282896,0.006239986419677735,0.007642391365053469,0.01,"(25, 25)",2,"{'NN__alpha': 0.01, 'NN__hidden_layer_sizes': (25, 25), 'filter__n': 2}",0.9367138885211175,0.9382944915254238,0.9426566017745994,0.9355052310952192,0.9386836180638326,0.9383706764129456,0.0024259845571293057,181,0.9404403244495945,0.9392173740316493,0.9370344622107458,0.9387228125931075,0.9395504353295594,0.9389930817229313,0.0011282461955176458
64,3.0242800235748293,0.35231086198017647,0.012479925155639648,0.006239962580324957,0.01,"(25, 25)",3,"{'NN__alpha': 0.01, 'NN__hidden_layer_sizes': (25, 25), 'filter__n': 3}",0.9357871044618032,0.938426906779661,0.9423917361938816,0.938153886902397,0.939345782015627,0.9388209121245829,0.0021368700924237058,158,0.9392153616950836,0.9401112361782428,0.9368689376634555,0.9381600291323203,0.9395504353295594,0.9387811999997323,0.0011481999909227914
65,2.5619201183319094,0.04988987974893978,0.009359931945800782,0.007642352431958399,0.01,"(25, 25)",4,"{'NN__alpha': 0.01, 'NN__hidden_layer_sizes': (25, 25), 'filter__n': 4}",0.9363166953528399,0.9378972457627118,0.9435836313071116,0.9364322606277314,0.9396106475963448,0.9387679432173315,0.002687823185905837,164,0.9398112895216024,0.9395484340859432,0.9377627702188235,0.9396497500579336,0.9388552322309398,0.9391254952230484,0.0007555257448452423
66,4.704040098190307,0.877031143361738,0.015599870681762695,1.1680077279964342e-07,0.01,"(25, 25)",5,"{'NN__alpha': 0.01, 'NN__hidden_layer_sizes': (25, 25), 'filter__n': 5}",0.951277638024626,0.958156779661017,0.9606674612634089,0.9596079989405377,0.9565620447622831,0.9572540918480852,0.003292689025010815,86,0.9567290183744414,0.9568959809309409,0.9582547091733704,0.9594795908233191,0.9604727381070612,0.9583664074818266,0.001451308354363289
67,7.867720031738282,1.9215653016103482,0.009360027313232423,0.007642430299140261,0.01,"(25, 25)",6,"{'NN__alpha': 0.01, 'NN__hidden_layer_sizes': (25, 25), 'filter__n': 6}",0.9680921488150404,0.9643802966101694,0.9694080254270957,0.9686134286849424,0.9659647728777645,0.9672916997722337,0.0018495111152236014,22,0.9709650720079457,0.9660994504403099,0.9670606150892177,0.967226139636508,0.9693779587512829,0.9681458471850528,0.001770731929300908
68,5.7112000465393065,0.3048613532039108,0.009359979629516601,0.007642391365053469,0.01,"(25, 25)",7,"{'NN__alpha': 0.01, 'NN__hidden_layer_sizes': (25, 25), 'filter__n': 7}",0.9661061829736528,0.9635858050847458,0.9663620712488412,0.9656999072970468,0.9618593563766389,0.9647227077705387,0.0017347764448607322,41,0.9685813607018705,0.9656690723697279,0.9646439566987784,0.9642466977852816,0.9642135928758235,0.9654709360862963,0.0016418017876683383
69,6.353320026397705,0.7632965097481321,0.009359979629516601,0.007642391366541051,0.01,"(25, 25)",8,"{'NN__alpha': 0.01, 'NN__hidden_layer_sizes': (25, 25), 'filter__n': 8}",0.9639878194095062,0.9680879237288136,0.967951264733148,0.9670242352006356,0.9618593563766389,0.9657820859155676,0.0024564819705381186,29,0.9683165038900844,0.9688472488909489,0.9649750057933592,0.9641804879663655,0.9653391597973979,0.9663316812676312,0.0018825993275714257
70,4.059200143814087,0.9135024773209648,0.015599918365478516,9.5367431640625e-08,0.01,"(50, 50)",2,"{'NN__alpha': 0.01, 'NN__hidden_layer_sizes': (50, 50), 'filter__n': 2}",0.9363166953528399,0.9388241525423728,0.9421268706131638,0.9388160508541915,0.9400079459674215,0.9392181789289687,0.001887888998454992,147,0.9387518622744578,0.9397139641130902,0.936637203297249,0.939848379514682,0.9399145893335982,0.9389731997066153,0.0012415116202102287
71,4.659359979629516,1.7484875162647013,0.012480068206787109,0.006240034104304502,0.01,"(50, 50)",3,"{'NN__alpha': 0.01, 'NN__hidden_layer_sizes': (50, 50), 'filter__n': 3}",0.9363166953528399,0.9401483050847458,0.9421268706131638,0.9366971262084492,0.9382863196927559,0.93871497431008,0.0021772727576174168,168,0.9403410031451747,0.9418658544660001,0.9363061542026683,0.937100672029662,0.9385572880458172,0.9388341943778643,0.002046176899834861
72,4.004159879684448,0.8408729447218174,0.01248011589050293,0.006240057945934673,0.01,"(50, 50)",4,"{'NN__alpha': 0.01, 'NN__hidden_layer_sizes': (50, 50), 'filter__n': 4}",0.9347279226797299,0.9382944915254238,0.9423917361938816,0.9392133492252682,0.9394782148059859,0.9388209121245829,0.0024644910334215213,158,0.938884290680351,0.9396808581076608,0.9360744198364618,0.9404111629754692,0.9400139040619724,0.9390129271323829,0.001552708764654235
73,5.102800083160401,0.6212447280023035,0.012480020523071289,0.006240010264040759,0.01,"(50, 50)",5,"{'NN__alpha': 0.01, 'NN__hidden_layer_sizes': (50, 50), 'filter__n': 5}",0.9548523765391236,0.9570974576271186,0.960402595682691,0.9585485366176665,0.9545755529068998,0.9570951851263308,0.002210399437590273,87,0.9580201953318986,0.9559359067734887,0.9569305127950475,0.9577250306220413,0.9584202337206608,0.9574063758486273,0.0008826038697001565
74,8.455079936981202,2.163967758759831,0.015600156784057618,9.5367431640625e-08,0.01,"(50, 50)",6,"{'NN__alpha': 0.01, 'NN__hidden_layer_sizes': (50, 50), 'filter__n': 6}",0.9663709784191712,0.9629237288135594,0.9707323533306846,0.9721891140246325,0.9650377433452523,0.9674506064939881,0.0034842974067946495,19,0.9678198973679855,0.9650069522611402,0.9669944052703016,0.9714966729565995,0.9701393716688185,0.968291459904969,0.002296992860558521
75,7.778040075302124,1.0653055878310047,0.01247997283935547,0.006239986421499643,0.01,"(50, 50)",7,"{'NN__alpha': 0.01, 'NN__hidden_layer_sizes': (50, 50), 'filter__n': 7}",0.9651793989143387,0.9670286016949152,0.9692755926367369,0.9684809958945835,0.9613296252152033,0.9662588060808306,0.002831637663547174,26,0.9680185399768251,0.9690458849235252,0.968550336014831,0.9668619856324693,0.9664978316284305,0.9677949156352164,0.0009734862368903014
76,7.466239976882934,1.4868027715718435,0.012480020523071289,0.006240010264040759,0.01,"(50, 50)",8,"{'NN__alpha': 0.01, 'NN__hidden_layer_sizes': (50, 50), 'filter__n': 8}",0.9625314444591553,0.9601430084745762,0.9692755926367369,0.9647728777645345,0.9633161170705867,0.9640076275226442,0.0030307937419373513,51,0.9649395795398112,0.9632192279679533,0.9681530771013341,0.9661005727149337,0.9702717913066508,0.9665368497261365,0.0024621211727772654
77,4.671839952468872,1.1529442969623764,0.015600061416625977,1.1680077279964342e-07,0.01,"(100, 100)",2,"{'NN__alpha': 0.01, 'NN__hidden_layer_sizes': (100, 100), 'filter__n': 2}",0.9369786839666358,0.9389565677966102,0.9426566017745994,0.9372268573698848,0.9394782148059859,0.9390592722072144,0.0020402414978395716,150,0.9405396457540143,0.9400781301728134,0.937100672029662,0.9379613996755719,0.9391862813255206,0.9389732257915165,0.001284533186121205
78,5.511320018768311,1.8561374621063762,0.018719959259033202,0.006239986421499643,0.01,"(100, 100)",3,"{'NN__alpha': 0.01, 'NN__hidden_layer_sizes': (100, 100), 'filter__n': 3}",0.9372434794121541,0.940280720338983,0.9450403920010595,0.9385511852734737,0.9392133492252682,0.9400656814449918,0.002675004778555723,131,0.9410693593775865,0.9418327484605707,0.9385241831363591,0.9396497500579336,0.9394511206011852,0.940105432326727,0.0011873411937542596
79,9.254400062561036,2.9857603987946084,0.02184004783630371,0.007642508165826269,0.01,"(100, 100)",4,"{'NN__alpha': 0.01, 'NN__hidden_layer_sizes': (100, 100), 'filter__n': 4}",0.93790546802595,0.9373675847457628,0.9449079592107006,0.9449079592107006,0.940670109919216,0.9411515440436464,0.0032652380407475487,117,0.9414666445952656,0.9415679004171357,0.939815274605224,0.9431588704604893,0.9412387857119211,0.9414494951580071,0.0010631418643936835
80,8.718760013580322,3.281060930081139,0.021840000152587892,0.0076423524319583986,0.01,"(100, 100)",5,"{'NN__alpha': 0.01, 'NN__hidden_layer_sizes': (100, 100), 'filter__n': 5}",0.9604130808950087,0.9608050847457628,0.9626539531187922,0.9589458349887432,0.955502582439412,0.9596641771280259,0.0023930824879440757,69,0.9616619764939579,0.9608024895716083,0.958056079716622,0.9586188631774092,0.9611348362962228,0.960054849051164,0.0014398146892576139
81,11.60056004524231,0.6213174132456878,0.01660008430480957,0.0019999981011778883,0.01,"(100, 100)",6,"{'NN__alpha': 0.01, 'NN__hidden_layer_sizes': (100, 100), 'filter__n': 6}",0.9690189328743546,0.9695444915254238,0.9732485763475036,0.9695404582174546,0.967951264733148,0.9698606917739288,0.0017907367513162965,2,0.9711968217182586,0.9710322452492882,0.9683517065580826,0.9682192869202503,0.970371106035025,0.9698342332961809,0.0012950713889041108
82,11.1363600730896,2.684633179134771,0.02183995246887207,0.007642488699898548,0.01,"(100, 100)",7,"{'NN__alpha': 0.01, 'NN__hidden_layer_sizes': (100, 100), 'filter__n': 7}",0.9649146034688203,0.9690148305084746,0.9709972189114024,0.9702026221692491,0.9651701761356112,0.9680597489273797,0.0025445846696131318,14,0.967025326932627,0.9694431569886778,0.9702717913066508,0.9725560300592578,0.9697090078458636,0.9698010626266154,0.001769333785148319
83,10.271400022506715,2.219515984878725,0.015599966049194336,0.0,0.01,"(100, 100)",8,"{'NN__alpha': 0.01, 'NN__hidden_layer_sizes': (100, 100), 'filter__n': 8}",0.9620018535681186,0.9676906779661016,0.9672891007813534,0.9678188319427891,0.9633161170705867,0.9656231791938132,0.0024620683594606314,30,0.965038900844231,0.9710322452492882,0.96719303472705,0.9689475949283278,0.9708345747674381,0.968609270103267,0.0022667382901688468
84,3.695759916305542,0.6509701341018092,0.015600109100341797,1.1680077279964342e-07,0.01,"(25, 25, 25)",2,"{'NN__alpha': 0.01, 'NN__hidden_layer_sizes': (25, 25, 25), 'filter__n': 2}",0.9368462862438766,0.9369703389830508,0.9431863329360349,0.9409349754999338,0.9365646934180903,0.9389003654854601,0.0026798328447803247,155,0.9406389670584341,0.9400119181619546,0.939351805872811,0.9404442678849273,0.9358426854702553,0.9392579288896765,0.0017638518622486862
85,4.266440200805664,1.8432848602906025,0.009359931945800782,0.0076423524319583986,0.01,"(25, 25, 25)",3,"{'NN__alpha': 0.01, 'NN__hidden_layer_sizes': (25, 25, 25), 'filter__n': 3}",0.9347279226797299,0.9341896186440678,0.9475566150178785,0.9385511852734737,0.9390809164349093,0.9388209121245829,0.004788579522534301,158,0.938652540970038,0.9392835860425081,0.9417684642632502,0.9395173304201013,0.9391531764160626,0.939675019622392,0.0010842858961389887
86,4.101879978179932,0.44376767836398984,0.015600013732910156,9.5367431640625e-08,0.01,"(25, 25, 25)",4,"{'NN__alpha': 0.01, 'NN__hidden_layer_sizes': (25, 25, 25), 'filter__n': 4}",0.9367138885211175,0.938426906779661,0.9441133624685472,0.940537677128857,0.9394782148059859,0.939853805815986,0.002475808498765395,138,0.9398443966230756,0.9395153280805139,0.9397821696957659,0.9406097924322177,0.9404111629754692,0.9400325699614086,0.00041040641143804454
87,5.611359930038452,1.6323079009407344,0.009360074996948242,0.007642469232731191,0.01,"(25, 25, 25)",5,"{'NN__alpha': 0.01, 'NN__hidden_layer_sizes': (25, 25, 25), 'filter__n': 5}",0.959221501390176,0.956302966101695,0.9619917891669978,0.9606674612634089,0.9573566415044364,0.9591080036018856,0.0020830667385246813,71,0.960801191855653,0.9561676488114944,0.9569967226139636,0.960770682292184,0.9622272983083391,0.959392708776327,0.0023689362539817873
88,5.470360040664673,2.056923628713977,0.006239938735961914,0.007642332965038969,0.01,"(25, 25, 25)",6,"{'NN__alpha': 0.01, 'NN__hidden_layer_sizes': (25, 25, 25), 'filter__n': 6}",0.9680921488150404,0.963718220338983,0.9630512514898689,0.9625215203284333,0.9615944907959211,0.9637957518936384,0.002257937085928448,55,0.9706340009932131,0.9656359663642985,0.9615320952097196,0.9611017313867647,0.9627569768596683,0.9643321541627328,0.0035261975191335513
89,6.576640033721924,1.32155421702633,0.009359979629516601,0.007642391366541051,0.01,"(25, 25, 25)",7,"{'NN__alpha': 0.01, 'NN__hidden_layer_sizes': (25, 25, 25), 'filter__n': 7}",0.9659737852508937,0.9621292372881356,0.9670242352006356,0.9638458482320222,0.9609323268441267,0.9639811430690185,0.002279193483921828,52,0.9690448601224962,0.9647421042177051,0.9650081107028172,0.962624557221836,0.9676896083689212,0.9658218481267552,0.0022771481849819613
90,6.354200029373169,1.5320900762889,0.012480020523071289,0.0062400102622188576,0.01,"(25, 25, 25)",8,"{'NN__alpha': 0.01, 'NN__hidden_layer_sizes': (25, 25, 25), 'filter__n': 8}",0.9618694558453594,0.9642478813559322,0.969143159846378,0.9658323400874056,0.9618593563766389,0.9645902855024101,0.0027294142025519877,44,0.9648733653368647,0.9678540687280672,0.9693779587512829,0.9640480683285331,0.9663654119905982,0.9665037746270692,0.0019386645215971798
91,6.242400026321411,1.5010492254782963,0.015599966049194336,1.5078914929239175e-07,0.01,"(100, 25, 100)",2,"{'NN__alpha': 0.01, 'NN__hidden_layer_sizes': (100, 25, 100), 'filter__n': 2}",0.9368462862438766,0.9390889830508474,0.945570123162495,0.9422593034035227,0.9409349754999338,0.9409396684146406,0.002944989965062781,118,0.9406720741599073,0.940475402237966,0.9404773727943854,0.9419008839010825,0.9409408415267985,0.940893314924028,0.0005318007832986893
92,6.476000070571899,1.2441599340226996,0.02184004783630371,0.007642410834204267,0.01,"(100, 25, 100)",3,"{'NN__alpha': 0.01, 'NN__hidden_layer_sizes': (100, 25, 100), 'filter__n': 3}",0.9376406725804316,0.938426906779661,0.9447755264203417,0.941862005032446,0.9411998410806516,0.9407807616928863,0.002557514387231029,122,0.9418970369144182,0.9400119181619546,0.9400801138808885,0.9403780580660112,0.9409077366173404,0.9406549727281226,0.0006967462416081864
93,8.751480054855346,3.035690866532586,0.015600013732910156,9.5367431640625e-08,0.01,"(100, 25, 100)",4,"{'NN__alpha': 0.01, 'NN__hidden_layer_sizes': (100, 25, 100), 'filter__n': 4}",0.9401562293128558,0.9390889830508474,0.9433187657263938,0.9417295722420871,0.9419944378228049,0.9412574818581493,0.0014785184694586996,116,0.9444793908293329,0.9406078262596835,0.939848379514682,0.9411394709835469,0.9431919753699474,0.9418534085914386,0.0017186545659931367
94,8.368120050430297,1.8587556229924111,0.018719959259033202,0.006239986419677735,0.01,"(100, 25, 100)",5,"{'NN__alpha': 0.01, 'NN__hidden_layer_sizes': (100, 25, 100), 'filter__n': 5}",0.9547199788163644,0.9623940677966102,0.9634485498609455,0.9625215203284333,0.9581512382465899,0.9602468351077917,0.003315954698270138,67,0.958682337361364,0.9615308216910547,0.9613003608435131,0.9618631443043003,0.9620286688515907,0.9610810666103646,0.0012258765949505915
95,10.494440126419068,3.892778890313099,0.018720054626464845,0.006239938738694798,0.01,"(100, 25, 100)",6,"{'NN__alpha': 0.01, 'NN__hidden_layer_sizes': (100, 25, 100), 'filter__n': 6}",0.966238580696412,0.9672934322033898,0.9739107402992981,0.9694080254270957,0.9672891007813534,0.9688277980825255,0.0027421881769982134,10,0.969144181426916,0.9696086870158247,0.9718608269606382,0.97080146985798,0.9701062667593604,0.9703042864041439,0.0009527773861421326
96,9.883440208435058,1.8545971136907213,0.018719911575317383,0.0062400102622188576,0.01,"(100, 25, 100)",7,"{'NN__alpha': 0.01, 'NN__hidden_layer_sizes': (100, 25, 100), 'filter__n': 7}",0.9674301602012445,0.9671610169491526,0.9708647861210435,0.9682161303138657,0.9649053105548934,0.9677154510302453,0.0019211072190002843,17,0.9696076808475418,0.9709991392438588,0.9687820703810375,0.971298043499851,0.9695765882080313,0.9700527044360641,0.0009471907714848256
97,12.827000141143799,1.8020351931479817,0.018719911575317383,0.0062400102622188576,0.01,"(100, 25, 100)",8,"{'NN__alpha': 0.01, 'NN__hidden_layer_sizes': (100, 25, 100), 'filter__n': 8}",0.9669005693102078,0.9695444915254238,0.9707323533306846,0.9698053237981724,0.9646404449741756,0.9683245934636369,0.002239533772723158,12,0.9733156762125476,0.9740448917433623,0.9696427980269474,0.9739464362564968,0.9715628827755156,0.9725025370029738,0.0016843963697333111
98,2.56252007484436,0.3291914347154185,0.009360027313232423,0.007642430299140261,0.001,"(25,)",2,"{'NN__alpha': 0.001, 'NN__hidden_layer_sizes': (25,), 'filter__n': 2}",0.9363166953528399,0.9390889830508474,0.9431863329360349,0.9386836180638326,0.9397430803867037,0.9394035701043487,0.002216810235119014,142,0.9404072173481212,0.9394822220750845,0.9377627702188235,0.9393187009633529,0.9394180156917271,0.9392777852594218,0.0008525280636781324
99,2.444240140914917,0.1781298135778055,0.006240081787109375,0.007642508165826268,0.001,"(25,)",3,"{'NN__alpha': 0.001, 'NN__hidden_layer_sizes': (25,), 'filter__n': 3}",0.9353899112935258,0.9382944915254238,0.9431863329360349,0.9316646801748113,0.9365646934180903,0.9370199692780338,0.003773253148865897,192,0.9391160403906638,0.9399457061510958,0.9378620849471977,0.9355778461945906,0.9373324063958685,0.9379668168158833,0.001507139263677416
100,2.3187599658966063,0.04560214931173075,0.009360074996948242,0.007642469232731191,0.001,"(25,)",4,"{'NN__alpha': 0.001, 'NN__hidden_layer_sizes': (25,), 'filter__n': 4}",0.9361842976300807,0.9380296610169492,0.9421268706131638,0.9373592901602437,0.9397430803867037,0.9386884898564543,0.002069127685460499,170,0.9393146829995034,0.9387869959610673,0.9372330916674942,0.9391200715066045,0.9376965603999073,0.9384302805069155,0.0008193694673395118
101,3.7289999961853026,0.5637970047475541,0.009359931945800782,0.007642352431958399,0.001,"(25,)",5,"{'NN__alpha': 0.001, 'NN__hidden_layer_sizes': (25,), 'filter__n': 5}",0.9529988084204951,0.9529925847457628,0.9561647463912064,0.9500728380346974,0.9458349887432128,0.9516129032258065,0.003472624276389542,108,0.9526568448932295,0.9528901542739853,0.9502764259939749,0.9482570265170325,0.9524613500182078,0.9513083603392861,0.0017902734110541217
102,4.550960063934326,1.7240593737375947,0.006239938735961914,0.007642332965038969,0.001,"(25,)",6,"{'NN__alpha': 0.001, 'NN__hidden_layer_sizes': (25,), 'filter__n': 6}",0.9491592744604793,0.9486228813559322,0.9590782677791021,0.9646404449741756,0.949278241292544,0.9541554107738758,0.006534848184183913,100,0.9507366330077802,0.9513672780242336,0.9549111133181051,0.9631542357731652,0.9542490151289437,0.9548836550504456,0.004435509587189988
103,5.512120056152344,0.8850268827415144,0.006240034103393554,0.007642449765811761,0.001,"(25,)",7,"{'NN__alpha': 0.001, 'NN__hidden_layer_sizes': (25,), 'filter__n': 7}",0.9594862968356944,0.9570974576271186,0.960402595682691,0.9618593563766389,0.9479539133889551,0.957360029662588,0.004950910958380322,84,0.9628207250455223,0.9598755214195855,0.9599430595557321,0.9609362068394743,0.9521965107425431,0.9591544047205713,0.0036378839417490288
104,4.006480026245117,0.8285873388338819,0.006240034103393554,0.007642449765811762,0.001,"(25,)",8,"{'NN__alpha': 0.001, 'NN__hidden_layer_sizes': (25,), 'filter__n': 8}",0.9466437177280551,0.9500794491525424,0.9593431333598199,0.9513971659382863,0.9521917626804397,0.9519307166693151,0.004163586481934282,107,0.9499089554709486,0.9534860623717142,0.9584533386301188,0.9497136425331877,0.9565332538815506,0.953619050577504,0.003489917633072371
105,2.5592000007629396,0.18363288917120757,0.009360027313232423,0.007642430299140261,0.001,"(50,)",2,"{'NN__alpha': 0.001, 'NN__hidden_layer_sizes': (50,), 'filter__n': 2}",0.9351251158480074,0.939353813559322,0.9415971394517283,0.9359025294662958,0.9390809164349093,0.9382117696911912,0.002382472334345822,183,0.9400099321304419,0.9399788121565252,0.9358426854702553,0.9369351474823716,0.9384248684079849,0.9382382891295158,0.0016516686230729635
106,2.4587600231170654,0.06162440488853187,0.003119945526123047,0.006239891052246094,0.001,"(50,)",3,"{'NN__alpha': 0.001, 'NN__hidden_layer_sizes': (50,), 'filter__n': 3}",0.9353899112935258,0.9381620762711864,0.9434511985167527,0.9385511852734737,0.9368295589988082,0.9384766142274484,0.0027236409150707182,176,0.939016719086244,0.9394160100642257,0.9379282947661138,0.9394842255106433,0.9385903929552752,0.9388871284765005,0.0005762722241929023
107,2.6375999450683594,0.13080585015357013,0.006240034103393554,0.007642449765811762,0.001,"(50,)",4,"{'NN__alpha': 0.001, 'NN__hidden_layer_sizes': (50,), 'filter__n': 4}",0.9348603204024891,0.9341896186440678,0.9423917361938816,0.9368295589988082,0.9366971262084492,0.936993484824408,0.0028867562943476065,194,0.9381890415494123,0.9367344236244455,0.9362068394742941,0.9395504353295594,0.936173734564836,0.9373708949085093,0.0013124842102547338
108,4.809920024871826,0.7610159172772074,0.009360074996948242,0.007642469232731191,0.001,"(50,)",5,"{'NN__alpha': 0.001, 'NN__hidden_layer_sizes': (50,), 'filter__n': 5}",0.9543227856480868,0.9574947033898306,0.9593431333598199,0.9573566415044364,0.9515295987286452,0.9560093225276762,0.0027584877665833905,95,0.9581857308392651,0.9562007548169238,0.9540503856721951,0.9558049458734731,0.9570629324328798,0.9562609499269474,0.0013744900852816768
109,4.759200096130371,1.904943440829703,0.01247997283935547,0.006239986423321552,0.001,"(50,)",6,"{'NN__alpha': 0.001, 'NN__hidden_layer_sizes': (50,), 'filter__n': 6}",0.9442605587183901,0.960010593220339,0.9635809826513044,0.9499404052443385,0.96291881869951,0.9561417447958048,0.007692516296312525,94,0.9479887435854991,0.9628219559028007,0.960770682292184,0.9487536001589035,0.9655046843446883,0.957167933256815,0.007341767033881266
110,5.741999959945678,1.2165876632460748,0.009359931945800782,0.007642352433445989,0.001,"(50,)",7,"{'NN__alpha': 0.001, 'NN__hidden_layer_sizes': (50,), 'filter__n': 7}",0.9565735469349927,0.948490466101695,0.9627863859091511,0.9650377433452523,0.9596079989405377,0.9584988611684941,0.005766209835326435,76,0.9585168018539977,0.950539627888499,0.961267255934055,0.9622604032177972,0.964908795974443,0.9594985769737583,0.004924490434558231
111,6.463319969177246,0.9214517701302465,0.009360074996948242,0.007642469232731191,0.001,"(50,)",8,"{'NN__alpha': 0.001, 'NN__hidden_layer_sizes': (50,), 'filter__n': 8}",0.9617370581226002,0.9576271186440678,0.9637134154416633,0.9656999072970468,0.9615944907959211,0.9620742624079666,0.002681525355578519,61,0.965403078960437,0.9602727934847382,0.9624259277650875,0.963054921044791,0.9635183897772039,0.9629350222064514,0.001660881483542838
112,3.495400047302246,1.631625370331868,0.015600109100341797,1.1680077279964342e-07,0.001,"(25, 25)",2,"{'NN__alpha': 0.001, 'NN__hidden_layer_sizes': (25, 25), 'filter__n': 2}",0.9367138885211175,0.9382944915254238,0.9426566017745994,0.9355052310952192,0.9389484836445504,0.9384236453201971,0.0024351134185568233,179,0.9404403244495945,0.9392173740316493,0.93713377693912,0.9387228125931075,0.9423974575429536,0.939582349111285,0.0017622980837721583
113,3.28907995223999,0.7435763248366386,0.01248011589050293,0.006240057945934673,0.001,"(25, 25)",3,"{'NN__alpha': 0.001, 'NN__hidden_layer_sizes': (25, 25), 'filter__n': 3}",0.9357871044618032,0.9392213983050848,0.9423917361938816,0.9373592901602437,0.9394782148059859,0.9388473965782086,0.0022217353025961806,156,0.9392815758980301,0.9401443421836722,0.9369020425729135,0.9373324063958685,0.9395835402390175,0.9386487814579004,0.0012880096818789967
114,2.552560043334961,0.033865815343450005,0.015600013732910156,1.784161275279017e-07,0.001,"(25, 25)",4,"{'NN__alpha': 0.001, 'NN__hidden_layer_sizes': (25, 25), 'filter__n': 4}",0.9363166953528399,0.9378972457627118,0.9435836313071116,0.9364322606277314,0.9396106475963448,0.9387679432173315,0.002687823185905837,164,0.9397781824201291,0.9395815400913726,0.9377958751282816,0.9396828549673917,0.9387890224120237,0.9391254950038398,0.0007517620544745246
115,4.497519874572754,0.7234747948561138,0.01248011589050293,0.006240057945934673,0.001,"(25, 25)",5,"{'NN__alpha': 0.001, 'NN__hidden_layer_sizes': (25, 25), 'filter__n': 5}",0.9523368198066994,0.9573622881355932,0.9602701628923321,0.9597404317308965,0.9553701496490531,0.9570157317654536,0.00292362751567314,88,0.9567290183744414,0.956300072833212,0.9578574502598736,0.9596451153706095,0.9594464859138611,0.9579956285503994,0.001365583950334644
116,5.935240030288696,1.271852473249355,0.0031199932098388674,0.006239986419677735,0.001,"(25, 25)",6,"{'NN__alpha': 0.001, 'NN__hidden_layer_sizes': (25, 25), 'filter__n': 6}",0.9618694558453594,0.9645127118644068,0.9656999072970468,0.9662296384584823,0.9671566679909945,0.9650934901212987,0.0018247439853641102,34,0.9643767588147658,0.9652718003045753,0.9637832290528685,0.9655046843446883,0.9709338894958123,0.9659740724025421,0.0025559539169412774
117,6.504280042648316,1.1640586193823543,0.009359931945800782,0.007642352431958399,0.001,"(25, 25)",7,"{'NN__alpha': 0.001, 'NN__hidden_layer_sizes': (25, 25), 'filter__n': 7}",0.9666357738646896,0.9645127118644068,0.9643755793934579,0.9662296384584823,0.9609323268441267,0.9645373165951586,0.0020144351975975483,45,0.9698063234563814,0.9667946765543269,0.9624921375840038,0.9654053696163141,0.9660343628960175,0.9661065740214088,0.002354684004353205
118,6.1946001052856445,0.7097781568011606,0.009359931945800782,0.0076423524319583986,0.001,"(25, 25)",8,"{'NN__alpha': 0.001, 'NN__hidden_layer_sizes': (25, 25), 'filter__n': 8}",0.962266649013637,0.9645127118644068,0.9678188319427891,0.9663620712488412,0.9609323268441267,0.9643784098734043,0.0025346836781089113,48,0.9667273630193677,0.9675892206846322,0.9650743205217334,0.9655046843446883,0.9645777468798623,0.9658946670900568,0.0011067274523967573
119,3.619799995422363,0.7223307288615864,0.015600061416625977,1.1680077279964342e-07,0.001,"(50, 50)",2,"{'NN__alpha': 0.001, 'NN__hidden_layer_sizes': (50, 50), 'filter__n': 2}",0.9363166953528399,0.9386917372881356,0.9421268706131638,0.9386836180638326,0.9378890213216793,0.9387414587637057,0.001901214341993119,166,0.9387518622744578,0.9395153280805139,0.936637203297249,0.9396166451484755,0.9391200715066045,0.9387282220614601,0.0010895224445954515
120,5.231720066070556,2.8699427599019365,0.006240034103393554,0.007642449765811761,0.001,"(50, 50)",3,"{'NN__alpha': 0.001, 'NN__hidden_layer_sizes': (50, 50), 'filter__n': 3}",0.9401562293128558,0.9371027542372882,0.9421268706131638,0.938153886902397,0.9384187524831148,0.939191694475343,0.00176540803620788,148,0.9439827843072339,0.940045024167384,0.9363061542026683,0.9378620849471977,0.9388221273214817,0.939403634989193,0.002595723539874297
121,6.463920068740845,3.871441296455945,0.018719863891601563,0.006240034104304502,0.001,"(50, 50)",4,"{'NN__alpha': 0.001, 'NN__hidden_layer_sizes': (50, 50), 'filter__n': 4}",0.9377730703031908,0.9382944915254238,0.9423917361938816,0.9457025559528539,0.940537677128857,0.9409396684146406,0.002897576460904308,118,0.94262539314683,0.9397470701185195,0.9361075247459199,0.9430595557321151,0.940311848247095,0.940370278398096,0.002485181138293395
122,6.463120079040527,1.6881672034206967,0.012480068206787109,0.006240034104304502,0.001,"(50, 50)",5,"{'NN__alpha': 0.001, 'NN__hidden_layer_sizes': (50, 50), 'filter__n': 5}",0.9548523765391236,0.959083686440678,0.9631836842802278,0.9577539398755132,0.9562971791815653,0.9582340166322368,0.002850906757407889,77,0.9574573746068532,0.9579884791101105,0.9581553944449962,0.9575264011652929,0.9614989903002615,0.9585253279255028,0.0015103711009365724
123,8.860280084609986,1.1616870397131875,0.009359979629516601,0.007642391366541051,0.001,"(50, 50)",6,"{'NN__alpha': 0.001, 'NN__hidden_layer_sizes': (50, 50), 'filter__n': 6}",0.9674301602012445,0.9683527542372882,0.9715269500728381,0.970335054959608,0.9678188319427891,0.9690926426187828,0.0015750007267784252,7,0.9685482536003973,0.9694100509832484,0.9700069520309862,0.9697090078458636,0.9720594564173867,0.9699467441755762,0.0011634012237030965
124,8.761240196228027,2.9839682741526703,0.015599822998046875,1.1680077279964342e-07,0.001,"(50, 50)",7,"{'NN__alpha': 0.001, 'NN__hidden_layer_sizes': (50, 50), 'filter__n': 7}",0.9700781146564279,0.9634533898305084,0.9686134286849424,0.9696728910078135,0.965435041716329,0.9674506064939881,0.0025782183425597485,19,0.9735805330243337,0.964642786201417,0.9655708941636044,0.9682854967391664,0.969907637302612,0.9683974694862266,0.003201389291962816
125,7.262240028381347,1.3271478639744272,0.01247997283935547,0.006239986421499643,0.001,"(50, 50)",8,"{'NN__alpha': 0.001, 'NN__hidden_layer_sizes': (50, 50), 'filter__n': 8}",0.9625314444591553,0.9605402542372882,0.9671566679909945,0.9662296384584823,0.9619917891669978,0.9636898140791356,0.002553965447125694,57,0.966032113888429,0.9637489240548236,0.9657033138014367,0.9675571887310889,0.9693448538418248,0.9664772788635206,0.0018777808877918866
126,6.079759979248047,2.6968310349407996,0.015600013732910156,1.784161275279017e-07,0.001,"(100, 100)",2,"{'NN__alpha': 0.001, 'NN__hidden_layer_sizes': (100, 100), 'filter__n': 2}",0.9365814907983583,0.9388241525423728,0.9464971526950073,0.9376241557409615,0.9400079459674215,0.9399067747232375,0.003489455463781419,135,0.9403741102466479,0.9400781301728134,0.9404442678849273,0.9373655113053265,0.942132618267289,0.9400789275754008,0.001536286451132885
127,5.430399942398071,0.9780481035045261,0.018720102310180665,0.006239914894787228,0.001,"(100, 100)",3,"{'NN__alpha': 0.001, 'NN__hidden_layer_sizes': (100, 100), 'filter__n': 3}",0.9371110816893949,0.9400158898305084,0.9450403920010595,0.9382863196927559,0.9390809164349093,0.9399067747232375,0.002738205299384573,135,0.9411686806820063,0.9407733562868305,0.9385903929552752,0.9402125335187208,0.9395504353295594,0.9400590797544786,0.0009144083667546634
128,7.140560102462769,1.1201980152480953,0.015599918365478516,9.5367431640625e-08,0.001,"(100, 100)",4,"{'NN__alpha': 0.001, 'NN__hidden_layer_sizes': (100, 100), 'filter__n': 4}",0.9380378657487092,0.9360434322033898,0.9447755264203417,0.939345782015627,0.9421268706131638,0.9400656814449918,0.0030737403663607405,131,0.9414004303923191,0.9403098722108191,0.9404442678849273,0.9402125335187208,0.9419339888105406,0.9408602185634655,0.0006841349801860173
129,9.091560125350952,1.3833461153657773,0.02183985710144043,0.007642469232731191,0.001,"(100, 100)",5,"{'NN__alpha': 0.001, 'NN__hidden_layer_sizes': (100, 100), 'filter__n': 5}",0.9600158877267311,0.9608050847457628,0.96411071381274,0.9596079989405377,0.9589458349887432,0.960697070819429,0.0018099924452363166,65,0.9613640125806986,0.9606369595444614,0.9602741086503128,0.9601416890124805,0.9620286688515907,0.9608890877279087,0.000710573216472805
130,13.088760042190552,2.586168175021338,0.02183990478515625,0.007642430299140262,0.001,"(100, 100)",6,"{'NN__alpha': 0.001, 'NN__hidden_layer_sizes': (100, 100), 'filter__n': 6}",0.9725936713888521,0.9690148305084746,0.9733810091378625,0.969143159846378,0.9696728910078135,0.9707611631972033,0.0018478941931495498,1,0.9736798543287535,0.9714626233198702,0.9699738471215281,0.9679544476445857,0.9721587711457609,0.9710459087120997,0.001952241325144351
131,10.582720136642456,1.1273758529519684,0.021840000152587892,0.0076425471014006045,0.001,"(100, 100)",7,"{'NN__alpha': 0.001, 'NN__hidden_layer_sizes': (100, 100), 'filter__n': 7}",0.9698133192109095,0.9684851694915254,0.971659382863197,0.9688782942656602,0.9659647728777645,0.9689602203506542,0.0018556508979915847,9,0.9729514980963416,0.9710322452492882,0.9696759029364055,0.9681530771013341,0.9696096931174893,0.9702844833001716,0.0016149749279654678
132,10.853640079498291,2.3520753556703746,0.028079986572265625,0.0062400102622188576,0.001,"(100, 100)",8,"{'NN__alpha': 0.001, 'NN__hidden_layer_sizes': (100, 100), 'filter__n': 8}",0.962266649013637,0.9667637711864406,0.9708647861210435,0.965435041716329,0.9643755793934579,0.9659409926373219,0.002868044990386069,28,0.9651713292501242,0.9715619413361584,0.9698414274836958,0.9692124342039925,0.971298043499851,0.9694170351547644,0.0022972507023778324
133,4.066359996795654,1.4971744121875807,0.015600013732910156,9.5367431640625e-08,0.001,"(25, 25, 25)",2,"{'NN__alpha': 0.001, 'NN__hidden_layer_sizes': (25, 25, 25), 'filter__n': 2}",0.9368462862438766,0.9369703389830508,0.943053900145676,0.9386836180638326,0.9413322738710105,0.939377085650723,0.0024503092226459,143,0.9406720741599073,0.940045024167384,0.9379282947661138,0.9395504353295594,0.9428609262753667,0.9402113509396663,0.0016068188992962309
134,4.681600046157837,1.6114736252210013,0.009359979629516601,0.007642391366541051,0.001,"(25, 25, 25)",3,"{'NN__alpha': 0.001, 'NN__hidden_layer_sizes': (25, 25, 25), 'filter__n': 3}",0.9340659340659341,0.9396186440677966,0.9439809296781884,0.9441133624685472,0.9390809164349093,0.9401716192594947,0.003710186971209496,128,0.9376593279258401,0.9416341124279944,0.9397821696957659,0.9421657231767471,0.9391531764160626,0.9400789019284821,0.0016475957463250512
135,5.003159999847412,1.2598320070423918,0.015599966049194336,1.5078914929239175e-07,0.001,"(25, 25, 25)",4,"{'NN__alpha': 0.001, 'NN__hidden_layer_sizes': (25, 25, 25), 'filter__n': 4}",0.9367138885211175,0.9382944915254238,0.9449079592107006,0.9409349754999338,0.9426566017745994,0.9407013083320092,0.0029416834860624213,124,0.9398443966230756,0.9395484340859432,0.9396497500579336,0.9407091071605919,0.9430926606415732,0.9405688697138235,0.0013266588303083725
136,4.894160032272339,1.296517958874521,0.009360027313232423,0.007642430299140261,0.001,"(25, 25, 25)",5,"{'NN__alpha': 0.001, 'NN__hidden_layer_sizes': (25, 25, 25), 'filter__n': 5}",0.9560439560439561,0.956302966101695,0.9615944907959211,0.9613296252152033,0.9557674480201298,0.9582075321786112,0.0026638430478872106,78,0.9581195166363184,0.9562007548169238,0.9580229748071639,0.9610024166583905,0.9621279835799649,0.9590947292997523,0.0021593836308216965
137,6.207159996032715,2.4752715470058626,0.009360074996948242,0.007642469232731191,0.001,"(25, 25, 25)",6,"{'NN__alpha': 0.001, 'NN__hidden_layer_sizes': (25, 25, 25), 'filter__n': 6}",0.9671653647557262,0.9666313559322034,0.96411071381274,0.964243146603099,0.964243146603099,0.9652788812966788,0.0013340609608624493,32,0.9680847541797716,0.9660994504403099,0.9610024166583905,0.9639156486907008,0.9669613003608435,0.9652127140660033,0.002510037955548692
138,6.442280054092407,1.3762406712411883,0.006239986419677735,0.007642391365053469,0.001,"(25, 25, 25)",7,"{'NN__alpha': 0.001, 'NN__hidden_layer_sizes': (25, 25, 25), 'filter__n': 7}",0.9641202171322654,0.9615995762711864,0.9688782942656602,0.9663620712488412,0.9639782810223811,0.9649875523067959,0.0024607222282385897,37,0.9671908624399934,0.9635171820168178,0.9674909789121727,0.9651736352501076,0.9699738471215281,0.966669301148124,0.002192718683091192
139,7.259720134735107,0.6437852515406005,0.006239986419677735,0.007642391365053469,0.001,"(25, 25, 25)",8,"{'NN__alpha': 0.001, 'NN__hidden_layer_sizes': (25, 25, 25), 'filter__n': 8}",0.9635906262412286,0.9645127118644068,0.9692755926367369,0.9687458614753013,0.9643755793934579,0.9660998993590763,0.0024031123709339465,27,0.9674888263532527,0.9692114149506721,0.9655046843446883,0.9688482801999536,0.9707683649485218,0.9683643141594176,0.0017706058088440182
140,6.066479969024658,1.2888993260218242,0.022040128707885742,0.007893703353315953,0.001,"(100, 25, 100)",2,"{'NN__alpha': 0.001, 'NN__hidden_layer_sizes': (100, 25, 100), 'filter__n': 2}",0.9368462862438766,0.9390889830508474,0.944378228049265,0.9410674082902927,0.9422593034035227,0.9407277927856348,0.0025899811792216673,123,0.9405396457540143,0.940475402237966,0.939848379514682,0.941205680802463,0.9423974575429536,0.9408933131704158,0.0008662147960821441
141,7.589840078353882,1.1537314666941887,0.02495999336242676,0.007642332965038967,0.001,"(100, 25, 100)",3,"{'NN__alpha': 0.001, 'NN__hidden_layer_sizes': (100, 25, 100), 'filter__n': 3}",0.9373758771349133,0.9408103813559322,0.9435836313071116,0.9411998410806516,0.9411998410806516,0.9408337306001378,0.0019894179059804593,120,0.9420956795232578,0.9419320664768589,0.9395835402390175,0.9413381004402953,0.9409739464362565,0.9411846666231373,0.0008966718102918596
142,7.350200128555298,2.276242194186133,0.018720006942749022,0.006240081787109376,0.001,"(100, 25, 100)",4,"{'NN__alpha': 0.001, 'NN__hidden_layer_sizes': (100, 25, 100), 'filter__n': 4}",0.9369786839666358,0.9400158898305084,0.944378228049265,0.9454376903721361,0.9415971394517283,0.9416812331161608,0.0030424236482405934,115,0.9401092534348617,0.9420975965040058,0.939815274605224,0.9438540735591088,0.9425960869997021,0.9416944570205803,0.0015286332859252387
143,9.012440013885499,1.4172493448640882,0.018720054626464845,0.006239938736872875,0.001,"(100, 25, 100)",5,"{'NN__alpha': 0.001, 'NN__hidden_layer_sizes': (100, 25, 100), 'filter__n': 5}",0.959221501390176,0.9622616525423728,0.9615944907959211,0.9621242219573567,0.9576215070851543,0.9605646485513004,0.0018351192895728944,66,0.9605032279423936,0.9619943057670661,0.9611679412056808,0.9615320952097196,0.9623928228556294,0.9615180785960981,0.0006549327209570876
144,9.768200063705445,1.710671882575556,0.018720054626464845,0.006240057945934672,0.001,"(100, 25, 100)",6,"{'NN__alpha': 0.001, 'NN__hidden_layer_sizes': (100, 25, 100), 'filter__n': 6}",0.966238580696412,0.9704713983050848,0.9736458747185803,0.9712620844921203,0.9675539663620712,0.969834207320303,0.0026496178003289146,3,0.9697401092534349,0.9729523935641925,0.9694110636607409,0.9700400569404443,0.9700731618499023,0.9704433570537431,0.0012771175982638338
145,10.8584801197052,1.3554129199109402,0.02183995246887207,0.007642586033503983,0.001,"(100, 25, 100)",7,"{'NN__alpha': 0.001, 'NN__hidden_layer_sizes': (100, 25, 100), 'filter__n': 7}",0.9679597510922812,0.9682203389830508,0.9724539796053503,0.9702026221692491,0.9670242352006356,0.9691720959796599,0.001940138426213308,5,0.9700711802681675,0.9727868635370456,0.9700731618499023,0.9713311484093091,0.9727215546065482,0.9713967817341945,0.0012000705945988293
146,10.892000102996827,1.5604038607239779,0.018719816207885744,0.006240057945934672,0.001,"(100, 25, 100)",8,"{'NN__alpha': 0.001, 'NN__hidden_layer_sizes': (100, 25, 100), 'filter__n': 8}",0.9678273533695221,0.9651747881355932,0.9696728910078135,0.9688782942656602,0.9659647728777645,0.9675035754012394,0.0017024319174418995,18,0.9739447111405396,0.9692776269615309,0.9691131194756182,0.9725891349687159,0.9713311484093091,0.9712511481911428,0.0018717821906603983
147,2.578720045089722,0.351023461492148,0.006239986419677735,0.007642391365053469,0.0001,"(25,)",2,"{'NN__alpha': 0.0001, 'NN__hidden_layer_sizes': (25,), 'filter__n': 2}",0.9363166953528399,0.9390889830508474,0.9431863329360349,0.9386836180638326,0.9392133492252682,0.9392976322898459,0.002210703373335155,146,0.9404072173481212,0.9394822220750845,0.9377627702188235,0.9393187009633529,0.9391862813255206,0.9392314383861805,0.0008499398483742918
148,2.4464799404144286,0.17892505646534648,0.006240034103393554,0.007642449765811761,0.0001,"(25,)",3,"{'NN__alpha': 0.0001, 'NN__hidden_layer_sizes': (25,), 'filter__n': 3}",0.9353899112935258,0.9382944915254238,0.9431863329360349,0.9316646801748113,0.9365646934180903,0.9370199692780338,0.003773253148865897,192,0.9391160403906638,0.9399457061510958,0.9378620849471977,0.9355778461945906,0.9373324063958685,0.9379668168158833,0.001507139263677416
149,2.31232008934021,0.07186601206560425,0.006240034103393554,0.007642449765811761,0.0001,"(25,)",4,"{'NN__alpha': 0.0001, 'NN__hidden_layer_sizes': (25,), 'filter__n': 4}",0.9361842976300807,0.9380296610169492,0.9421268706131638,0.9373592901602437,0.9397430803867037,0.9386884898564543,0.002069127685460499,170,0.9393146829995034,0.9387869959610673,0.9372330916674942,0.9391200715066045,0.9376634554904493,0.9384236595250238,0.0008253832859327223
150,3.401800012588501,0.5248707443071359,0.0031199932098388674,0.006239986419677735,0.0001,"(25,)",5,"{'NN__alpha': 0.0001, 'NN__hidden_layer_sizes': (25,), 'filter__n': 5}",0.952866410697736,0.9496822033898306,0.9562971791815653,0.9500728380346974,0.9460998543239306,0.9510037607924149,0.0034102112120273083,111,0.9526899519947029,0.9494471297093293,0.9502764259939749,0.9482570265170325,0.9526268745654981,0.9506594817561075,0.001753953490503817
151,3.94780011177063,0.6205355731913047,0.009359979629516601,0.007642391366541051,0.0001,"(25,)",6,"{'NN__alpha': 0.0001, 'NN__hidden_layer_sizes': (25,), 'filter__n': 6}",0.9491592744604793,0.9488877118644068,0.9596079989405377,0.9574890742947954,0.949278241292544,0.9528841569998411,0.004674641669864407,102,0.9507366330077802,0.9513672780242336,0.9550766378653954,0.9553745820505181,0.9542490151289437,0.953360829215374,0.001931254830893613
152,5.548360013961792,0.9331372488190107,0.0031199932098388674,0.006239986419677735,0.0001,"(25,)",7,"{'NN__alpha': 0.0001, 'NN__hidden_layer_sizes': (25,), 'filter__n': 7}",0.9596186945584536,0.9570974576271186,0.9602701628923321,0.9623890875380744,0.948086346179314,0.9574924519307166,0.004996714335668495,83,0.9628538321469955,0.9598755214195855,0.959909954646274,0.9613665706624293,0.9522627205614592,0.9592537198873486,0.003663776725149028
153,4.5161200046539305,0.8225249397631806,0.012479877471923828,0.006239938736872876,0.0001,"(25,)",8,"{'NN__alpha': 0.0001, 'NN__hidden_layer_sizes': (25,), 'filter__n': 8}",0.9573679332715477,0.9500794491525424,0.9593431333598199,0.9513971659382863,0.9574890742947954,0.9551353355580274,0.003681449748008789,99,0.9590465154775699,0.9535191683771436,0.9584533386301188,0.9496805376237296,0.9596782202800676,0.9560755560777258,0.0038701684221610164
154,2.6808799743652343,0.354051625838249,0.01247997283935547,0.006239986421499643,0.0001,"(50,)",2,"{'NN__alpha': 0.0001, 'NN__hidden_layer_sizes': (50,), 'filter__n': 2}",0.9351251158480074,0.939353813559322,0.9415971394517283,0.9359025294662958,0.9390809164349093,0.9382117696911912,0.002382472334345822,183,0.9400099321304419,0.9399788121565252,0.9363061542026683,0.9369351474823716,0.9384248684079849,0.9383309828759984,0.0015225842526648923
155,2.45875997543335,0.06918983660553751,0.006240034103393554,0.007642449765811762,0.0001,"(50,)",3,"{'NN__alpha': 0.0001, 'NN__hidden_layer_sizes': (50,), 'filter__n': 3}",0.9353899112935258,0.9381620762711864,0.9434511985167527,0.9384187524831148,0.9368295589988082,0.9384501297738228,0.002723430900764262,178,0.939016719086244,0.9394160100642257,0.9379282947661138,0.939351805872811,0.9386234978647333,0.9388672655308256,0.0005475993139496189
156,2.5806400299072267,0.08764387161465328,0.01247997283935547,0.006239986421499643,0.0001,"(50,)",4,"{'NN__alpha': 0.0001, 'NN__hidden_layer_sizes': (50,), 'filter__n': 4}",0.9348603204024891,0.9341896186440678,0.9423917361938816,0.9368295589988082,0.9366971262084492,0.936993484824408,0.0028867562943476065,194,0.9381890415494123,0.9367344236244455,0.9362068394742941,0.9395504353295594,0.936173734564836,0.9373708949085093,0.0013124842102547338
157,4.9309999465942385,0.792662382860686,0.012480020523071289,0.0062400102622188576,0.0001,"(50,)",5,"{'NN__alpha': 0.0001, 'NN__hidden_layer_sizes': (50,), 'filter__n': 5}",0.9541903879253277,0.957759533898305,0.9594755661501788,0.9573566415044364,0.9532512250033108,0.9564065893320621,0.0023246051689870323,92,0.9582850521436849,0.9564656028603589,0.9540503856721951,0.9558380507829312,0.9568311980666733,0.9562940579051686,0.0013801458522275738
158,4.443880081176758,1.4623693553757122,0.006240034103393554,0.007642449765811762,0.0001,"(50,)",6,"{'NN__alpha': 0.0001, 'NN__hidden_layer_sizes': (50,), 'filter__n': 6}",0.9442605587183901,0.960010593220339,0.9638458482320222,0.9499404052443385,0.9611971924248444,0.9558504158059219,0.007471154418664103,97,0.9479887435854991,0.9628881679136595,0.9606382626543516,0.9487536001589035,0.9642135928758235,0.9568964734376475,0.007058266960964105
159,6.4543599605560305,1.8928723816401039,0.009360122680664062,0.007642508165826269,0.0001,"(50,)",7,"{'NN__alpha': 0.0001, 'NN__hidden_layer_sizes': (50,), 'filter__n': 7}",0.9604130808950087,0.948490466101695,0.96291881869951,0.9646404449741756,0.9606674612634089,0.9594258170453943,0.005683219825370358,70,0.9647740440324449,0.9504734158776402,0.9611017313867647,0.9622604032177972,0.9647101665176946,0.9606639522064683,0.005288705743029594
160,6.544640111923218,0.35647601815728286,0.009359979629516601,0.007642391365053469,0.0001,"(50,)",8,"{'NN__alpha': 0.0001, 'NN__hidden_layer_sizes': (50,), 'filter__n': 8}",0.9612074672315636,0.9589512711864406,0.9637134154416633,0.9643755793934579,0.9610647596344855,0.9618623867789607,0.0019637652957978,62,0.9651713292501242,0.9620605177779249,0.9624590326745457,0.9635845995961201,0.9638494388717846,0.9634249836340999,0.001100017349287538
161,2.6526000022888185,0.21767944910922657,0.009360027313232423,0.007642430299140261,0.0001,"(25, 25)",2,"{'NN__alpha': 0.0001, 'NN__hidden_layer_sizes': (25, 25), 'filter__n': 2}",0.9367138885211175,0.9382944915254238,0.9426566017745994,0.9355052310952192,0.9378890213216793,0.9382117696911912,0.0024263057154731652,183,0.9404072173481212,0.9392173740316493,0.93713377693912,0.9386897076836495,0.9392193862349787,0.9389334924475037,0.0010613760894647945
162,3.248120069503784,0.715296500820418,0.012479925155639648,0.006239962580324957,0.0001,"(25, 25)",3,"{'NN__alpha': 0.0001, 'NN__hidden_layer_sizes': (25, 25), 'filter__n': 3}",0.9359195021845624,0.9392213983050848,0.9423917361938816,0.9373592901602437,0.9392133492252682,0.9388209121245829,0.002173479840387407,158,0.9392484687965569,0.9400781301728134,0.9368358327539974,0.9373986162147847,0.9395504353295594,0.9386222966535425,0.0012697898464718185
163,2.5650400161743163,0.04458756758557218,0.006239986419677735,0.007642391365053469,0.0001,"(25, 25)",4,"{'NN__alpha': 0.0001, 'NN__hidden_layer_sizes': (25, 25), 'filter__n': 4}",0.9363166953528399,0.9378972457627118,0.9435836313071116,0.9365646934180903,0.9396106475963448,0.9387944276709571,0.002665235619611631,163,0.9397450753186558,0.9395815400913726,0.9377627702188235,0.9396166451484755,0.9388552322309398,0.9391122526016534,0.000743272406723278
164,4.534960079193115,0.7331477674091541,0.015600109100341797,1.1680077279964342e-07,0.0001,"(25, 25)",5,"{'NN__alpha': 0.0001, 'NN__hidden_layer_sizes': (25, 25), 'filter__n': 5}",0.9522044220839402,0.957229872881356,0.9602701628923321,0.9589458349887432,0.9553701496490531,0.9568038561364479,0.0028283423805232437,90,0.9567621254759145,0.9561014368006356,0.9583540239017446,0.9595126957327772,0.9596120104611514,0.9580684584744447,0.0014230672349242227
165,7.3595600605010985,1.5693552767770933,0.012480020523071289,0.006240010264040759,0.0001,"(25, 25)",6,"{'NN__alpha': 0.0001, 'NN__hidden_layer_sizes': (25, 25), 'filter__n': 6}",0.9621342512908778,0.9642478813559322,0.9713945172824792,0.9733810091378625,0.9658323400874056,0.9673976375867366,0.004286058592700682,21,0.9648402582353915,0.9654704363371516,0.969013804747244,0.971761512232264,0.9695103783891151,0.9681192779882333,0.002598828250128956
166,6.360760068893432,0.8002724181457592,0.006239938735961914,0.007642332965038969,0.0001,"(25, 25)",7,"{'NN__alpha': 0.0001, 'NN__hidden_layer_sizes': (25, 25), 'filter__n': 7}",0.9639878194095062,0.9649099576271186,0.970335054959608,0.9659647728777645,0.9602701628923321,0.9650934901212987,0.003248074808874367,34,0.9664293991061083,0.9663974044891743,0.9682854967391664,0.9664316218095144,0.9651736352501076,0.9665435114788142,0.0009957872979087553
167,6.277320146560669,1.2754865426873232,0.015599966049194336,1.5078914929239175e-07,0.0001,"(25, 25)",8,"{'NN__alpha': 0.0001, 'NN__hidden_layer_sizes': (25, 25), 'filter__n': 8}",0.9651793989143387,0.965572033898305,0.9678188319427891,0.9667593696199179,0.9601377301019732,0.9650934901212987,0.002645593918536741,34,0.9702367157755338,0.9677216447063497,0.9650081107028172,0.9636177045055782,0.9640811732379911,0.966133069785654,0.0024966519806131934
168,4.366680002212524,1.2672559115527122,0.015600109100341797,1.1680077279964342e-07,0.0001,"(50, 50)",2,"{'NN__alpha': 0.0001, 'NN__hidden_layer_sizes': (50, 50), 'filter__n': 2}",0.9363166953528399,0.9386917372881356,0.9421268706131638,0.9386836180638326,0.9388160508541915,0.9389268499390857,0.0018536559611496176,153,0.9387518622744578,0.9395484340859432,0.936637203297249,0.939848379514682,0.9418346740821664,0.9393241106508997,0.0016837486106243706
169,5.10964002609253,1.8745590372353282,0.006240081787109375,0.007642508165826269,0.0001,"(50, 50)",3,"{'NN__alpha': 0.0001, 'NN__hidden_layer_sizes': (50, 50), 'filter__n': 3}",0.9386998543625049,0.9396186440677966,0.9422593034035227,0.9366971262084492,0.9394782148059859,0.9393506011970973,0.0017895212249404726,144,0.9435854990895547,0.9417996424551414,0.9364054689310425,0.9370675671202039,0.9395835402390175,0.939688343566992,0.0027313777826985454
170,5.156240081787109,1.2781470772294963,0.009359931945800782,0.0076423524319583986,0.0001,"(50, 50)",4,"{'NN__alpha': 0.0001, 'NN__hidden_layer_sizes': (50, 50), 'filter__n': 4}",0.93790546802595,0.9381620762711864,0.9454376903721361,0.9413322738710105,0.939345782015627,0.9404364637957519,0.002777856149009226,127,0.9414004303923191,0.9397139641130902,0.9397821696957659,0.940311848247095,0.9399807991525143,0.9402378423201571,0.0006172916667583407
171,6.181720018386841,1.9284352985943616,0.015600061416625977,1.1680077279964342e-07,0.0001,"(50, 50)",5,"{'NN__alpha': 0.0001, 'NN__hidden_layer_sizes': (50, 50), 'filter__n': 5}",0.9553819674301602,0.959083686440678,0.96172692358628,0.9577539398755132,0.9561647463912064,0.9580221410032311,0.0022514278757276448,79,0.9575235888097997,0.9570284049526584,0.9579567649882478,0.9576257158936671,0.961730724666468,0.9583730398621683,0.0017050181969599089
172,8.42307996749878,1.3306703700088371,0.009360074996948242,0.007642469232731191,0.0001,"(50, 50)",6,"{'NN__alpha': 0.0001, 'NN__hidden_layer_sizes': (50, 50), 'filter__n': 6}",0.9671653647557262,0.9679555084745762,0.9715269500728381,0.9699377565885313,0.9686134286849424,0.9690396737115313,0.0015403488684340243,8,0.9680516470782983,0.9696748990266835,0.9673585592743403,0.9679213427351276,0.9718608269606382,0.9689734550150175,0.001636673383959709
173,9.368640041351318,2.6284569506416333,0.015600061416625977,1.9073486328125e-07,0.0001,"(50, 50)",7,"{'NN__alpha': 0.0001, 'NN__hidden_layer_sizes': (50, 50), 'filter__n': 7}",0.9683569442605587,0.9623940677966102,0.9698053237981724,0.9684809958945835,0.9664945040392001,0.9671063085968536,0.002581424546130822,25,0.970998179109419,0.965073164271999,0.9693779587512829,0.9665971463568047,0.9718939318700963,0.9687880760719203,0.002587647578346314
174,7.7552000999450685,1.528741856377555,0.009360027313232423,0.007642430299140261,0.0001,"(50, 50)",8,"{'NN__alpha': 0.0001, 'NN__hidden_layer_sizes': (50, 50), 'filter__n': 8}",0.9645174103005428,0.9605402542372882,0.9686134286849424,0.9656999072970468,0.964243146603099,0.9647227077705387,0.0026022032656623224,41,0.9665949346134746,0.9636827120439648,0.9676896083689212,0.9662992021716821,0.9704373158539411,0.9669407546103967,0.002187818312752998
175,5.261920022964477,2.942940910855007,0.018720054626464845,0.006240057945934672,0.0001,"(100, 100)",2,"{'NN__alpha': 0.0001, 'NN__hidden_layer_sizes': (100, 100), 'filter__n': 2}",0.9357871044618032,0.9388241525423728,0.9426566017745994,0.9394782148059859,0.9423917361938816,0.9398273213623602,0.002531186996868929,139,0.9401092534348617,0.9400781301728134,0.937100672029662,0.9382593438606945,0.9435561293739861,0.9398207057744035,0.0021881202498804826
176,5.382479953765869,1.4718001531029052,0.018720102310180665,0.006240034106126396,0.0001,"(100, 100)",3,"{'NN__alpha': 0.0001, 'NN__hidden_layer_sizes': (100, 100), 'filter__n': 3}",0.9372434794121541,0.9397510593220338,0.9446430936299828,0.9386836180638326,0.9392133492252682,0.9399067747232375,0.002511033013777339,135,0.9411024664790597,0.9413692643845594,0.9388552322309398,0.9397159598768497,0.9396828549673917,0.94014515558776,0.0009462261439349053
177,7.556920051574707,1.1206053659833173,0.018720054626464845,0.006239938736872875,0.0001,"(100, 100)",4,"{'NN__alpha': 0.0001, 'NN__hidden_layer_sizes': (100, 100), 'filter__n': 4}",0.9383026611942274,0.9361758474576272,0.9463647199046484,0.9413322738710105,0.941862005032446,0.940807246146512,0.0034639924786669767,121,0.9414004303923191,0.9405747202542541,0.9412718906213792,0.9407753169795081,0.9417022544443341,0.941144922538359,0.0004132221980704368
178,8.338439989089967,2.2422084038122883,0.018720006942749022,0.006240081788931256,0.0001,"(100, 100)",5,"{'NN__alpha': 0.0001, 'NN__hidden_layer_sizes': (100, 100), 'filter__n': 5}",0.9604130808950087,0.9610699152542372,0.9631836842802278,0.9586809694080254,0.9557674480201298,0.9598230838497802,0.0024878411024714885,68,0.9614302267836451,0.9607031715553201,0.9612010461151389,0.9587843877246995,0.9613003608435131,0.9606838386044634,0.0009811203801765327
179,11.432759952545165,1.2680683985592862,0.015600109100341797,1.1680077279964342e-07,0.0001,"(100, 100)",6,"{'NN__alpha': 0.0001, 'NN__hidden_layer_sizes': (100, 100), 'filter__n': 6}",0.9683569442605587,0.9686175847457628,0.9748377698318104,0.9694080254270957,0.9645080121838168,0.9691456115260342,0.003312808617085198,6,0.9714616785300447,0.9713301992981527,0.9705366305823153,0.9679875525540438,0.968583440924289,0.9699799003777692,0.001431675315392515
180,11.152760076522828,0.8281621019641752,0.028080034255981445,0.006240034104304502,0.0001,"(100, 100)",7,"{'NN__alpha': 0.0001, 'NN__hidden_layer_sizes': (100, 100), 'filter__n': 7}",0.9692837283198729,0.9688824152542372,0.9699377565885313,0.9700701893788902,0.9682161303138657,0.9692780337941628,0.0006850933304440519,4,0.9727859625889753,0.9704694431569887,0.9695765882080313,0.9701724765782765,0.9711325189525607,0.9708273978969665,0.0011000593546560947
181,10.626600122451782,2.446286975523739,0.018720054626464845,0.006239938736872875,0.0001,"(100, 100)",8,"{'NN__alpha': 0.0001, 'NN__hidden_layer_sizes': (100, 100), 'filter__n': 8}",0.9621342512908778,0.9699417372881356,0.971659382863197,0.9687458614753013,0.9639782810223811,0.9672916997722337,0.003627525508364818,22,0.9655024002648568,0.9716281533470171,0.9683186016486245,0.9696759029364055,0.9695103783891151,0.9689270873172038,0.00201471820455979
182,3.9604800224304197,1.4428781358888416,0.015599918365478516,1.784161275279017e-07,0.0001,"(25, 25, 25)",2,"{'NN__alpha': 0.0001, 'NN__hidden_layer_sizes': (25, 25, 25), 'filter__n': 2}",0.9368462862438766,0.9369703389830508,0.9476890478082374,0.9386836180638326,0.936961991789167,0.9394300545579745,0.004185239311441386,141,0.9406720741599073,0.940045024167384,0.9423643526334955,0.9391862813255206,0.9362399443837521,0.9397015353340119,0.00201983290209054
183,4.719840002059937,1.2450973123547036,0.015600061416625977,1.1680077279964342e-07,0.0001,"(25, 25, 25)",3,"{'NN__alpha': 0.0001, 'NN__hidden_layer_sizes': (25, 25, 25), 'filter__n': 3}",0.9341983317886933,0.9371027542372882,0.9450403920010595,0.9445106608396239,0.9398755131770626,0.9401451348058689,0.0041885134500701015,129,0.9383214699553054,0.939614646096802,0.9403780580660112,0.9417684642632502,0.939815274605224,0.9399795825973186,0.0011196779548723371
184,4.089400053024292,0.2623372572272509,0.006240034103393554,0.007642449765811761,0.0001,"(25, 25, 25)",4,"{'NN__alpha': 0.0001, 'NN__hidden_layer_sizes': (25, 25, 25), 'filter__n': 4}",0.9369786839666358,0.9386917372881356,0.9442457952589061,0.9408025427095749,0.9400079459674215,0.9401451348058689,0.0024251101486183024,129,0.9399106108260222,0.9398132821293783,0.9396166451484755,0.94074221207005,0.9406760022511338,0.9401517504850119,0.0004653024138730275
185,5.377360057830811,2.451545581451995,0.009360027313232423,0.007642430300627835,0.0001,"(25, 25, 25)",5,"{'NN__alpha': 0.0001, 'NN__hidden_layer_sizes': (25, 25, 25), 'filter__n': 5}",0.9563087514894744,0.9560381355932204,0.9618593563766389,0.9611971924248444,0.9573566415044364,0.9585518300757455,0.0024785454674144994,75,0.9581526237377918,0.9561676488114944,0.9571291422517959,0.9610355215678485,0.9635845995961201,0.9592139071930103,0.002726664210078389
186,5.699119949340821,1.1680836750219266,0.006239986419677735,0.007642391365053469,0.0001,"(25, 25, 25)",6,"{'NN__alpha': 0.0001, 'NN__hidden_layer_sizes': (25, 25, 25), 'filter__n': 6}",0.9655765920826161,0.9670286016949152,0.9635809826513044,0.9668918024102768,0.9650377433452523,0.9656231791938132,0.0012727692673443211,30,0.9674557192517795,0.9689796729126664,0.9609362068394743,0.9659019432581852,0.9672592445459661,0.9661065573616143,0.002763262925371222
187,6.765560054779053,1.380238110259506,0.015600013732910156,1.784161275279017e-07,0.0001,"(25, 25, 25)",7,"{'NN__alpha': 0.0001, 'NN__hidden_layer_sizes': (25, 25, 25), 'filter__n': 7}",0.9627962399046737,0.9615995762711864,0.9688782942656602,0.9646404449741756,0.965435041716329,0.9646697388632872,0.0024993630380409394,43,0.9669260056282073,0.9632854399788121,0.9671268249081338,0.9652067401595656,0.9704704207633992,0.9666030862876236,0.002378714549094628
188,6.675880002975464,1.8839604430501389,0.015600109100341797,1.1680077279964342e-07,0.0001,"(25, 25, 25)",8,"{'NN__alpha': 0.0001, 'NN__hidden_layer_sizes': (25, 25, 25), 'filter__n': 8}",0.9616046603998412,0.964115466101695,0.9695404582174546,0.9668918024102768,0.9622566547477155,0.964881614492293,0.0029651621984814573,39,0.9648733653368647,0.9692114149506721,0.9698083225742378,0.9643460125136558,0.9668619856324693,0.96702022020158,0.0022072725258125547
189,5.912079954147339,0.7969610898111973,0.015600156784057618,9.5367431640625e-08,0.0001,"(100, 25, 100)",2,"{'NN__alpha': 0.0001, 'NN__hidden_layer_sizes': (100, 25, 100), 'filter__n': 2}",0.9367138885211175,0.9390889830508474,0.944378228049265,0.941862005032446,0.9408025427095749,0.9405688860638804,0.002580330924345822,126,0.9406720741599073,0.9406078262596835,0.939848379514682,0.9414705200781276,0.942132618267289,0.9409462836559379,0.0007845191389149484
190,7.216440010070801,1.1213718285696468,0.018720006942749022,0.006239962580324958,0.0001,"(100, 25, 100)",3,"{'NN__alpha': 0.0001, 'NN__hidden_layer_sizes': (100, 25, 100), 'filter__n': 3}",0.93790546802595,0.9410752118644068,0.945570123162495,0.9427890345649583,0.9414647066613694,0.941760686477038,0.002489619760588766,114,0.9413011090878993,0.9421307025094352,0.9400139040619724,0.9405766875227596,0.9417022544443341,0.9411449315252801,0.0007627409874298728
191,10.92240014076233,3.4913725005483713,0.018720054626464845,0.006239938736872875,0.0001,"(100, 25, 100)",4,"{'NN__alpha': 0.0001, 'NN__hidden_layer_sizes': (100, 25, 100), 'filter__n': 4}",0.9383026611942274,0.940677966101695,0.9482187789696729,0.9419944378228049,0.9421268706131638,0.9422638910959267,0.0032789872588838078,113,0.9429233570600893,0.9446798649274979,0.9439864931969411,0.9415036249875857,0.9433243950077796,0.9432835470359787,0.0010717616183905272
192,10.595800065994263,2.394781194826438,0.018720102310180665,0.006239914894787227,0.0001,"(100, 25, 100)",5,"{'NN__alpha': 0.0001, 'NN__hidden_layer_sizes': (100, 25, 100), 'filter__n': 5}",0.9589567059446578,0.9621292372881356,0.9633161170705867,0.9621242219573567,0.9584161038273077,0.9609883998093119,0.001936705026816266,64,0.9583843734481046,0.9620605177779249,0.9610355215678485,0.9617638295759261,0.9635845995961201,0.9613657683931848,0.0017065825561112496
193,9.07908010482788,2.080097058040139,0.018920040130615233,0.006152264219342528,0.0001,"(100, 25, 100)",6,"{'NN__alpha': 0.0001, 'NN__hidden_layer_sizes': (100, 25, 100), 'filter__n': 6}",0.9663709784191712,0.9672934322033898,0.9727188451860681,0.970335054959608,0.9670242352006356,0.9687483447216484,0.002409281597166603,11,0.969375931137229,0.9698404290538304,0.9706359453106895,0.969907637302612,0.9694772734796571,0.9698474432568036,0.0004437921481943843
194,9.934640026092529,2.190366733527648,0.018720006942749022,0.006239962580324958,0.0001,"(100, 25, 100)",7,"{'NN__alpha': 0.0001, 'NN__hidden_layer_sizes': (100, 25, 100), 'filter__n': 7}",0.9682245465377995,0.9684851694915254,0.9708647861210435,0.9702026221692491,0.9637134154416633,0.9682981090100111,0.002500893485137853,13,0.9707002151961596,0.9716943653578759,0.9709669944052703,0.9711325189525607,0.9678551329162115,0.9704698453656156,0.0013472590035923393
195,11.798000049591064,1.0124103839626322,0.021840000152587892,0.007642449765811761,0.0001,"(100, 25, 100)",8,"{'NN__alpha': 0.0001, 'NN__hidden_layer_sizes': (100, 25, 100), 'filter__n': 8}",0.9696809214881504,0.9661016949152542,0.970335054959608,0.9692755926367369,0.9649053105548934,0.9680597489273797,0.002147897662363378,14,0.9751365667935772,0.9712639872872939,0.9706690502201476,0.9722911907835932,0.9727546595160063,0.9724230909201236,0.0015434031686126822
