,mean_fit_time,std_fit_time,mean_score_time,std_score_time,param_NN__alpha,param_NN__hidden_layer_sizes,param_pca__n_components,params,split0_test_score,split1_test_score,split2_test_score,split3_test_score,split4_test_score,mean_test_score,std_test_score,rank_test_score,split0_train_score,split1_train_score,split2_train_score,split3_train_score,split4_train_score,mean_train_score,std_train_score
0,0.7897599220275879,0.08894410613939435,0.006239986419677735,0.007642391365053469,0.1,"(25,)",2,"{'NN__alpha': 0.1, 'NN__hidden_layer_sizes': (25,), 'pca__n_components': 2}",0.926122070700384,0.9318061440677966,0.9340484704012714,0.9287511587869156,0.9333863064494768,0.930822607129615,0.0029777337502909867,192,0.9321966561827512,0.929980798516851,0.9298838017678022,0.932101830701493,0.9301486410434667,0.9308623456424726,0.001054585751223874
1,1.0019199848175049,0.2970968766526927,0.0,0.0,0.1,"(25,)",3,"{'NN__alpha': 0.1, 'NN__hidden_layer_sizes': (25,), 'pca__n_components': 3}",0.9312855818879915,0.9360434322033898,0.9385511852734737,0.9356376638855781,0.9355052310952192,0.9354044176068648,0.0023384711301721794,162,0.9367654361860619,0.9358074554724227,0.9345515940013904,0.9364716787499586,0.9369020425729135,0.9360996413965494,0.0008610883222783272
2,0.9767601013183593,0.16810592973838076,0.0,0.0,0.1,"(25,)",4,"{'NN__alpha': 0.1, 'NN__hidden_layer_sizes': (25,), 'pca__n_components': 4}",0.9348603204024891,0.9345868644067796,0.9397430803867037,0.9366971262084492,0.9345782015627069,0.9360930134011335,0.0019884539223757186,150,0.938023506042046,0.9366019996027279,0.9358426854702553,0.9364385738405006,0.9367365180256232,0.9367286565962306,0.0007157976983250976
3,1.8382800579071046,1.162878496152792,0.0,0.0,0.1,"(25,)",5,"{'NN__alpha': 0.1, 'NN__hidden_layer_sizes': (25,), 'pca__n_components': 5}",0.9484972858466835,0.9529925847457628,0.9556350152297709,0.9513971659382863,0.9451728247914184,0.9507389162561576,0.0036190380079480994,112,0.9502069193842079,0.9565318148712176,0.9510047340020525,0.9505081603601814,0.9503757407223491,0.9517254738680018,0.0024178510812127617
4,2.543000078201294,0.9644004297145018,0.0,0.0,0.1,"(25,)",6,"{'NN__alpha': 0.1, 'NN__hidden_layer_sizes': (25,), 'pca__n_components': 6}",0.9523368198066994,0.9506091101694916,0.9589458349887432,0.9540458217454642,0.9475566150178785,0.952698765824461,0.003788791975895044,102,0.9528554875020692,0.9523273521816857,0.9553083722316019,0.9523289303803754,0.9518985665574204,0.9529437417706305,0.0012206216801391697
5,2.113039970397949,0.7532137356500965,0.0031200408935546874,0.006240081787109375,0.1,"(25,)",7,"{'NN__alpha': 0.1, 'NN__hidden_layer_sizes': (25,), 'pca__n_components': 7}",0.9514100357473851,0.9495497881355932,0.9537809561647463,0.9578863726658721,0.945570123162495,0.9516393876794321,0.0041197084018328445,108,0.9514649892401921,0.9524597762034033,0.9498129572615619,0.9557387360545568,0.9510709438209687,0.9521094805161365,0.002003105057776695
6,3.6584400177001952,2.430468066247393,0.006240081787109375,0.007642508165826269,0.1,"(25,)",8,"{'NN__alpha': 0.1, 'NN__hidden_layer_sizes': (25,), 'pca__n_components': 8}",0.947305706341851,0.9553760593220338,0.9618593563766389,0.949278241292544,0.9537809561647463,0.9535197838868584,0.0050925094547047455,98,0.948849528223804,0.9598424154141562,0.9599430595557321,0.9491839639818586,0.9580891846260801,0.9551816303603262,0.0050777065012448785
7,0.8740000247955322,0.03243916262014079,0.003119945526123047,0.006239891052246094,0.1,"(50,)",2,"{'NN__alpha': 0.1, 'NN__hidden_layer_sizes': (50,), 'pca__n_components': 2}",0.9273136502052165,0.931541313559322,0.9348430671434247,0.9290160243676334,0.9329890080784002,0.9311404205731236,0.0026998450811247967,190,0.9314351928488661,0.9307753426471562,0.9297513821299699,0.93163836196908,0.9307776343231702,0.9308755827836486,0.0006600703911592927
8,1.0582800388336182,0.0787435519308152,0.0031200408935546874,0.006240081787109375,0.1,"(50,)",3,"{'NN__alpha': 0.1, 'NN__hidden_layer_sizes': (50,), 'pca__n_components': 3}",0.9326095591155832,0.9352489406779662,0.9392133492252682,0.9365646934180903,0.9356376638855781,0.935854653318502,0.0021321648792760376,152,0.9363350438669095,0.9362047275375753,0.9335253418081901,0.9359420001986295,0.9366040983877909,0.9357222423598192,0.0011189864368599978
9,1.4825999736785889,0.3545930493479916,0.003119945526123047,0.006239891052246094,0.1,"(50,)",4,"{'NN__alpha': 0.1, 'NN__hidden_layer_sizes': (50,), 'pca__n_components': 4}",0.9330067522838608,0.933792372881356,0.9398755131770626,0.9388160508541915,0.9347106343530658,0.9360400444938821,0.0027726270500670804,151,0.9370965072007945,0.9359729854995696,0.9357764756513391,0.9360413149270037,0.9372993014864104,0.9364373169530236,0.0006303461981871297
10,2.5001200675964355,1.4610813834365914,0.0,0.0,0.1,"(50,)",5,"{'NN__alpha': 0.1, 'NN__hidden_layer_sizes': (50,), 'pca__n_components': 5}",0.949688865351516,0.9511387711864406,0.9544431201165409,0.9523241954707986,0.9528539266322341,0.9520896233910694,0.0016029045490134196,105,0.9500082767753684,0.952525988214262,0.9495812228953554,0.9516337272817559,0.9567980931572152,0.9521094616647913,0.0025764336613304556
11,2.805880069732666,1.8337196067227817,0.006240034103393554,0.007642449765811762,0.1,"(50,)",6,"{'NN__alpha': 0.1, 'NN__hidden_layer_sizes': (50,), 'pca__n_components': 6}",0.9586919104991394,0.9488877118644068,0.9564296119719242,0.9537809561647463,0.9472917494371607,0.9530165792679697,0.004342049513276676,101,0.9610991557689125,0.9497450837581938,0.9517330420101301,0.9524944549276658,0.9516337272817559,0.9533410927493315,0.00398337902040275
12,4.512600040435791,1.127414905847223,0.009360027313232423,0.007642430299140261,0.1,"(50,)",7,"{'NN__alpha': 0.1, 'NN__hidden_layer_sizes': (50,), 'pca__n_components': 7}",0.952866410697736,0.9523305084745762,0.9601377301019732,0.9607998940537678,0.9548404184876176,0.9561947137030563,0.0035944023548786304,90,0.9532527727197484,0.9554062106866186,0.9577912404409574,0.9588174926341576,0.9596451153706095,0.9569825663704183,0.002345477914735796
13,4.657639980316162,1.2162884517081178,0.006239986419677735,0.007642391366541052,0.1,"(50,)",8,"{'NN__alpha': 0.1, 'NN__hidden_layer_sizes': (50,), 'pca__n_components': 8}",0.9541903879253277,0.9565677966101694,0.9614620580055622,0.9633161170705867,0.9523241954707986,0.9575719052915939,0.004197779666476599,86,0.9554709485184573,0.9596768853870092,0.958056079716622,0.9614989903002615,0.9574932962558348,0.958439240035637,0.0020369690077769263
14,1.2800000667572022,0.33499914729561203,0.009359931945800782,0.007642352433445989,0.1,"(25, 25)",2,"{'NN__alpha': 0.1, 'NN__hidden_layer_sizes': (25, 25), 'pca__n_components': 2}",0.9263868661459023,0.9302171610169492,0.9348430671434247,0.9294133227387101,0.9287511587869156,0.9299221357063404,0.0027724026662632214,196,0.9332560834298957,0.9297821624842747,0.9301817459529248,0.9327308239811964,0.9290561790313504,0.9310013989759284,0.0016743214846194493
15,2.2315999984741213,1.0016537136556756,0.0031199932098388674,0.006239986419677735,0.1,"(25, 25)",3,"{'NN__alpha': 0.1, 'NN__hidden_layer_sizes': (25, 25), 'pca__n_components': 3}",0.9334039454521382,0.9364406779661016,0.936961991789167,0.9355052310952192,0.9362998278373725,0.9357222310503734,0.0012497359042011203,156,0.9372951498096341,0.9365026815864398,0.9338232859933128,0.9374317211242428,0.936637203297249,0.9363380083621756,0.0013078830856597119
16,2.1534000396728517,0.5583361169331293,0.00935988426208496,0.007642313498367468,0.1,"(25, 25)",4,"{'NN__alpha': 0.1, 'NN__hidden_layer_sizes': (25, 25), 'pca__n_components': 4}",0.9357871044618032,0.9364406779661016,0.9388160508541915,0.9374917229506026,0.9377565885313204,0.9372583293606653,0.001054751854429298,133,0.9381890415494123,0.9384228299013441,0.934352964544642,0.9379613996755719,0.9380607144039461,0.9373973900149833,0.0015300242938722473
17,4.497520017623901,0.2606785245753786,0.0031199932098388674,0.006239986419677735,0.1,"(25, 25)",5,"{'NN__alpha': 0.1, 'NN__hidden_layer_sizes': (25, 25), 'pca__n_components': 5}",0.9613398649543228,0.9614671610169492,0.964243146603099,0.9639782810223811,0.9610647596344855,0.9624185603051009,0.0013901816169995032,66,0.9638139380897203,0.962755743891942,0.9627238719502103,0.9629887112258748,0.9643791174231139,0.9633322765161723,0.0006555084816021173
18,3.98351993560791,1.4052548433058554,0.006240034103393554,0.007642449765811762,0.1,"(25, 25)",6,"{'NN__alpha': 0.1, 'NN__hidden_layer_sizes': (25, 25), 'pca__n_components': 6}",0.9598834900039719,0.958156779661017,0.9619917891669978,0.964243146603099,0.9516620315190041,0.9591874569627629,0.004280094706031525,85,0.9612315841748055,0.9618287757399192,0.9629556063164167,0.9631873406826232,0.9563346244248022,0.9611075862677134,0.0024922765101977077
19,5.365280103683472,0.8614720432815475,0.012479925155639648,0.006239962578503042,0.1,"(25, 25)",7,"{'NN__alpha': 0.1, 'NN__hidden_layer_sizes': (25, 25), 'pca__n_components': 7}",0.9621342512908778,0.9645127118644068,0.9650377433452523,0.9674215335717123,0.9633161170705867,0.9644843476879073,0.001778877948581422,38,0.9650720079457044,0.9676885387009203,0.9645446419704042,0.965372264706856,0.9658357334392691,0.9657026373526307,0.001077897172519828
20,5.963199949264526,0.577493707125016,0.012480020523071289,0.0062400102622188576,0.1,"(25, 25)",8,"{'NN__alpha': 0.1, 'NN__hidden_layer_sizes': (25, 25), 'pca__n_components': 8}",0.9647822057460612,0.9663665254237288,0.9653026089259701,0.9671566679909945,0.9630512514898689,0.9653318502039303,0.0014074119628629093,33,0.9674888263532527,0.9684168708203668,0.96444532724203,0.9652398450690237,0.9678551329162115,0.966689200480177,0.0015568714143032083
21,2.884680080413818,0.766421377329337,0.012480020523071289,0.0062400102622188576,0.1,"(50, 50)",2,"{'NN__alpha': 0.1, 'NN__hidden_layer_sizes': (50, 50), 'pca__n_components': 2}",0.9251952866410698,0.933792372881356,0.9376241557409615,0.9290160243676334,0.9352403655145014,0.9321733142645268,0.00448121505704583,180,0.9325277271974839,0.9328941269946368,0.9310424735988347,0.9330949779852352,0.9315390472407058,0.9322196706033793,0.0007956122486408254
22,1.9539199829101563,0.560378325674607,0.009359979629516601,0.007642391366541052,0.1,"(50, 50)",3,"{'NN__alpha': 0.1, 'NN__hidden_layer_sizes': (50, 50), 'pca__n_components': 3}",0.9348603204024891,0.9364406779661016,0.9368295589988082,0.9355052310952192,0.9348430671434247,0.9356957465967477,0.0008126185617487058,159,0.9375931137228936,0.9365357875918692,0.9328632436190287,0.9358426854702553,0.9364716787499586,0.9358613018308011,0.0016009599036186008
23,3.272160053253174,1.0864134194251645,0.006239986419677735,0.007642391365053469,0.1,"(50, 50)",4,"{'NN__alpha': 0.1, 'NN__hidden_layer_sizes': (50, 50), 'pca__n_components': 4}",0.9360518999073216,0.9359110169491526,0.9409349754999338,0.9389484836445504,0.9366971262084492,0.9377085650723026,0.0019465610217760411,129,0.9399106108260222,0.9385221479176322,0.9372993014864104,0.9367365180256232,0.9386897076836495,0.9382316571878675,0.001115150995009604
24,5.107120180130005,1.005622910645163,0.006239891052246094,0.007642274564280669,0.1,"(50, 50)",5,"{'NN__alpha': 0.1, 'NN__hidden_layer_sizes': (50, 50), 'pca__n_components': 5}",0.9589567059446578,0.960010593220339,0.9633161170705867,0.9633161170705867,0.96053502847305,0.9612267598919434,0.0017799903074447974,79,0.9602714782320808,0.9637158180493942,0.962591452312378,0.9631211308637071,0.964014963419075,0.962742968575327,0.0013295589789674188
25,6.0905200958251955,0.8352854065513016,0.0031199932098388674,0.006239986419677735,0.1,"(50, 50)",6,"{'NN__alpha': 0.1, 'NN__hidden_layer_sizes': (50, 50), 'pca__n_components': 6}",0.9598834900039719,0.9606726694915254,0.9646404449741756,0.965435041716329,0.9597404317308965,0.9620742624079666,0.0024531605336162465,70,0.9638139380897203,0.9642786201416937,0.9640480683285331,0.963054921044791,0.9639818585096169,0.9638354812228709,0.00041778702400495024
26,6.458280038833618,1.1230440487895454,0.01247997283935547,0.006239986419677735,0.1,"(50, 50)",7,"{'NN__alpha': 0.1, 'NN__hidden_layer_sizes': (50, 50), 'pca__n_components': 7}",0.9606778763405269,0.9639830508474576,0.9647728777645345,0.9667593696199179,0.9639782810223811,0.96403411197627,0.0019618512084526164,41,0.9635490812779341,0.9672581606303383,0.9642135928758235,0.9664316218095144,0.9694772734796571,0.9661859460146534,0.0021394424415796687
27,5.2434000968933105,0.8776043625133484,0.006239986419677735,0.007642391366541051,0.1,"(50, 50)",8,"{'NN__alpha': 0.1, 'NN__hidden_layer_sizes': (50, 50), 'pca__n_components': 8}",0.9629286376274329,0.962791313559322,0.9651701761356112,0.9674215335717123,0.96291881869951,0.9642459876052757,0.001819368366428517,40,0.9669591127296805,0.9663974044891743,0.9636508094150362,0.9662992021716821,0.9675902936405469,0.966179364489224,0.0013456761618951176
28,3.2565599918365478,0.9700157576551803,0.012480020523071289,0.006240010264040759,0.1,"(100, 100)",2,"{'NN__alpha': 0.1, 'NN__hidden_layer_sizes': (100, 100), 'pca__n_components': 2}",0.9304911955514366,0.9349841101694916,0.9366971262084492,0.929678188319428,0.9340484704012714,0.9331797235023042,0.002678472727673192,169,0.9343486177785135,0.9330927630272131,0.9298838017678022,0.9333598172608998,0.9320356208825769,0.932544124143401,0.0015204241430803254
29,4.001440000534058,1.3546133030368386,0.009359979629516601,0.007642391366541051,0.1,"(100, 100)",3,"{'NN__alpha': 0.1, 'NN__hidden_layer_sizes': (100, 100), 'pca__n_components': 3}",0.9341983317886933,0.9368379237288136,0.9384187524831148,0.9351079327241425,0.9362998278373725,0.9361724667620107,0.0014515886952240018,147,0.9371958285052143,0.9369330596570218,0.9351474823716357,0.9370344622107458,0.937100672029662,0.9366823009548559,0.0007721800905839856
30,4.794719934463501,1.678019364820321,0.015600061416625977,1.1680077279964342e-07,0.1,"(100, 100)",4,"{'NN__alpha': 0.1, 'NN__hidden_layer_sizes': (100, 100), 'pca__n_components': 4}",0.9365814907983583,0.9364406779661016,0.9409349754999338,0.9402728115481394,0.9376241557409615,0.9383706764129456,0.0018802689558006355,122,0.9389505048832975,0.9406078262596835,0.9362399443837521,0.9376965603999073,0.9416029397159599,0.9390195551285201,0.0019327596846706286
31,8.23356008529663,0.8114893282107505,0.015599918365478516,1.784161275279017e-07,0.1,"(100, 100)",5,"{'NN__alpha': 0.1, 'NN__hidden_layer_sizes': (100, 100), 'pca__n_components': 5}",0.9601482854494903,0.9608050847457628,0.965435041716329,0.964243146603099,0.9590782677791021,0.961941840139838,0.0024578929837316982,73,0.9646416156265519,0.9640799841091174,0.9637170192339524,0.9615983050286357,0.9634521799582878,0.963497820791309,0.0010300943577430588
32,8.394080066680909,1.8766080034045003,0.015599966049194336,1.5078914929239175e-07,0.1,"(100, 100)",6,"{'NN__alpha': 0.1, 'NN__hidden_layer_sizes': (100, 100), 'pca__n_components': 6}",0.9616046603998412,0.9614671610169492,0.964243146603099,0.9649053105548934,0.9613296252152033,0.9627098892949838,0.0015389199492189167,61,0.9654361860619103,0.9631530159570946,0.9634190750488297,0.9643460125136558,0.9656039990730625,0.9643916577309106,0.0010042952720525577
33,7.0916400909423825,2.1427952572115188,0.015600013732910156,1.784161275279017e-07,0.1,"(100, 100)",7,"{'NN__alpha': 0.1, 'NN__hidden_layer_sizes': (100, 100), 'pca__n_components': 7}",0.9616046603998412,0.964645127118644,0.9637134154416633,0.9682161303138657,0.9607998940537678,0.9637957518936384,0.0026093168141870554,44,0.965038900844231,0.9688803548963782,0.9631873406826232,0.9674909789121727,0.9651736352501076,0.9659542421171026,0.0020013313693193592
34,9.532279968261719,1.5655187737502807,0.015600109100341797,1.1680077279964342e-07,0.1,"(100, 100)",8,"{'NN__alpha': 0.1, 'NN__hidden_layer_sizes': (100, 100), 'pca__n_components': 8}",0.9642526148550244,0.9663665254237288,0.9676863991524302,0.9686134286849424,0.96411071381274,0.9662058371735791,0.0018010400252582576,24,0.9675550405561993,0.9703370191352712,0.9659681530771014,0.9670937199986758,0.9694772734796571,0.9680862412493809,0.0015971563400223484
35,2.363040065765381,0.48040750852899305,0.006240034103393554,0.007642449765811762,0.1,"(25, 25, 25)",2,"{'NN__alpha': 0.1, 'NN__hidden_layer_sizes': (25, 25, 25), 'pca__n_components': 2}",0.9278432410962532,0.9339247881355932,0.9360349622566547,0.9290160243676334,0.9337836048205536,0.9321203453572753,0.0031393777033251542,182,0.9340837609667274,0.9326292789512017,0.9306452146853378,0.9330949779852352,0.9315390472407058,0.9323984559658415,0.0011992592267382092
36,2.790879964828491,0.3025111739112597,0.0031199932098388674,0.006239986419677735,0.1,"(25, 25, 25)",3,"{'NN__alpha': 0.1, 'NN__hidden_layer_sizes': (25, 25, 25), 'pca__n_components': 3}",0.9322123659473057,0.9332627118644068,0.9392133492252682,0.9356376638855781,0.9357700966759369,0.9352190264314847,0.0024207972745903367,164,0.9364343651713293,0.9359729854995696,0.9351143774621776,0.9369020425729135,0.9368689376634555,0.9362585416738891,0.0006645667228246339
37,3.3425200462341307,1.6684688697368304,0.01247997283935547,0.006239986421499643,0.1,"(25, 25, 25)",4,"{'NN__alpha': 0.1, 'NN__hidden_layer_sizes': (25, 25, 25), 'pca__n_components': 4}",0.9341983317886933,0.9352489406779662,0.939345782015627,0.9408025427095749,0.9382863196927559,0.9375761428041739,0.0024848498399114793,130,0.9392153616950836,0.9375289677547507,0.9362068394742941,0.9395835402390175,0.9417022544443341,0.938847392721496,0.0018728756303528651
38,5.325320100784301,1.3601501833310006,0.006240034103393554,0.007642449765811762,0.1,"(25, 25, 25)",5,"{'NN__alpha': 0.1, 'NN__hidden_layer_sizes': (25, 25, 25), 'pca__n_components': 5}",0.9637230239639878,0.9597457627118644,0.9656999072970468,0.9659647728777645,0.9619917891669978,0.9634249695428784,0.0023368780313445105,51,0.9659990067869558,0.9611335496259021,0.9647432714271527,0.9650081107028172,0.9643129076041977,0.9642393692294051,0.0016488012926882476
39,3.6120400428771973,0.3396291406226244,0.009359931945800782,0.007642352431958399,0.1,"(25, 25, 25)",6,"{'NN__alpha': 0.1, 'NN__hidden_layer_sizes': (25, 25, 25), 'pca__n_components': 6}",0.9627962399046737,0.9601430084745762,0.9637134154416633,0.9625215203284333,0.96053502847305,0.961941840139838,0.0013725374295730011,73,0.964409865916239,0.9638151360656824,0.9621279835799649,0.9631542357731652,0.9631873406826232,0.963338912403535,0.0007612041070435624
40,5.781040096282959,0.8458441704582363,0.003119945526123047,0.006239891052246094,0.1,"(25, 25, 25)",7,"{'NN__alpha': 0.1, 'NN__hidden_layer_sizes': (25, 25, 25), 'pca__n_components': 7}",0.9645174103005428,0.962791313559322,0.9662296384584823,0.9708647861210435,0.96291881869951,0.9654642724720589,0.0029755534277330644,32,0.9673232908458864,0.967059524597762,0.9655708941636044,0.9701393716688185,0.9681861820107922,0.9676558526573726,0.001500824595826276
41,5.789600038528443,1.4590639027835979,0.003119945526123047,0.006239891052246094,0.1,"(25, 25, 25)",8,"{'NN__alpha': 0.1, 'NN__hidden_layer_sizes': (25, 25, 25), 'pca__n_components': 8}",0.9672977624784854,0.9642478813559322,0.9653026089259701,0.9672891007813534,0.9621242219573567,0.9652523968430531,0.001955937422759097,34,0.9697070021519616,0.9672581606303383,0.9664647267189724,0.9675902936405469,0.9666964610851789,0.9675433288453996,0.001152872614890975
42,4.551559925079346,0.9829220540842394,0.015600013732910156,1.784161275279017e-07,0.1,"(100, 25, 100)",2,"{'NN__alpha': 0.1, 'NN__hidden_layer_sizes': (100, 25, 100), 'pca__n_components': 2}",0.9281080365417714,0.933395127118644,0.9384187524831148,0.9282214276254801,0.9341809031916303,0.9324646432544097,0.0039050415950742283,174,0.9335209402416819,0.9336555651195126,0.9313735226934154,0.9354123216473003,0.9328632436190287,0.9333651186641877,0.0013052212558212618
43,3.727079963684082,0.5189568878398705,0.015600109100341797,1.1680077279964342e-07,0.1,"(100, 25, 100)",3,"{'NN__alpha': 0.1, 'NN__hidden_layer_sizes': (100, 25, 100), 'pca__n_components': 3}",0.9338011386204157,0.9373675847457628,0.9390809164349093,0.9361673950470136,0.9368295589988082,0.9366491869272737,0.0017208416973771494,138,0.9372951498096341,0.9368006356353042,0.9343860694541001,0.9365378885688748,0.9376303505809912,0.9365300188097809,0.0011371868529630432
44,4.55728006362915,1.6845123803464983,0.015799999237060547,0.0004000664041494148,0.1,"(100, 25, 100)",4,"{'NN__alpha': 0.1, 'NN__hidden_layer_sizes': (100, 25, 100), 'pca__n_components': 4}",0.9368462862438766,0.9368379237288136,0.9414647066613694,0.9377565885313204,0.9366971262084492,0.9379204407013083,0.0018116277065125788,128,0.9415328587982122,0.9388201019664967,0.9364716787499586,0.9394511206011852,0.9399145893335982,0.9392380698898901,0.0016490447186861819
45,6.379879999160766,1.1142822178994003,0.015600109100341797,1.1680077279964342e-07,0.1,"(100, 25, 100)",5,"{'NN__alpha': 0.1, 'NN__hidden_layer_sizes': (100, 25, 100), 'pca__n_components': 5}",0.9630610353501919,0.9619968220338984,0.9643755793934579,0.9656999072970468,0.9606674612634089,0.9631601250066211,0.001760865610347408,54,0.9664625062075816,0.9633847579951003,0.9641473830569074,0.9643129076041977,0.9656702088919786,0.9647955527511531,0.001112400047168907
46,7.944400024414063,1.9183139794062614,0.015600013732910156,9.5367431640625e-08,0.1,"(100, 25, 100)",6,"{'NN__alpha': 0.1, 'NN__hidden_layer_sizes': (100, 25, 100), 'pca__n_components': 6}",0.9633258307957103,0.9638506355932204,0.9646404449741756,0.9638458482320222,0.9607998940537678,0.9632925472747497,0.0013151589225959945,52,0.9670584340341003,0.9664967225054625,0.9633859701393717,0.9648425861555269,0.9661998874433079,0.9655967200555539,0.0013241265946758334
47,8.035880184173584,1.965441355886907,0.015599822998046875,1.1680077279964342e-07,0.1,"(100, 25, 100)",7,"{'NN__alpha': 0.1, 'NN__hidden_layer_sizes': (100, 25, 100), 'pca__n_components': 7}",0.962266649013637,0.9651747881355932,0.9656999072970468,0.9699377565885313,0.9674215335717123,0.9660998993590763,0.00253720103270941,26,0.9660983280913756,0.9677878567172085,0.9660343628960175,0.97080146985798,0.9709669944052703,0.9683378023935703,0.00217282428767739
48,8.980239963531494,0.8546916932579004,0.015600109100341797,1.1680077279964342e-07,0.1,"(100, 25, 100)",8,"{'NN__alpha': 0.1, 'NN__hidden_layer_sizes': (100, 25, 100), 'pca__n_components': 8}",0.9658413875281345,0.9692796610169492,0.9664945040392001,0.9702026221692491,0.966626936829559,0.9676889665766195,0.0017214546981565288,15,0.9695745737460685,0.9725220154936105,0.9657033138014367,0.9703048962161088,0.9723242956930512,0.9700858189900552,0.0024682605053978203
49,0.817639970779419,0.10649753269428953,0.0,0.0,0.01,"(25,)",2,"{'NN__alpha': 0.01, 'NN__hidden_layer_sizes': (25,), 'pca__n_components': 2}",0.9257248775321064,0.9310116525423728,0.9344457687723481,0.9288835915772745,0.9331214408687591,0.9306372159542349,0.003099209962144544,195,0.9320642277768582,0.9300139045222804,0.9297182772205118,0.9317045717879961,0.9300493263150925,0.9307100615245478,0.0009723845533072185
50,1.0112799644470214,0.2541126153461231,0.006240081787109375,0.007642508165826268,0.01,"(25,)",3,"{'NN__alpha': 0.01, 'NN__hidden_layer_sizes': (25,), 'pca__n_components': 3}",0.9310207864424732,0.9364406779661016,0.9370944245795259,0.9355052310952192,0.9359025294662958,0.935192541977859,0.002153294016453806,165,0.9365336864757491,0.9358736674832815,0.9339888105406031,0.9360744198364618,0.9363392591121263,0.9357619686896443,0.0009146589238004151
51,1.0810399532318116,0.20054972944037425,0.003119945526123047,0.006239891052246094,0.01,"(25,)",4,"{'NN__alpha': 0.01, 'NN__hidden_layer_sizes': (25,), 'pca__n_components': 4}",0.9353899112935258,0.9344544491525424,0.9397430803867037,0.9373592901602437,0.9347106343530658,0.936331373483765,0.001986528704191923,144,0.938652540970038,0.9365026815864398,0.9357433707418811,0.9364054689310425,0.9367034131161651,0.9368014950691134,0.0009799739066085156
52,2.0667200088500977,1.6702868571919163,0.0031199932098388674,0.006239986419677735,0.01,"(25,)",5,"{'NN__alpha': 0.01, 'NN__hidden_layer_sizes': (25,), 'pca__n_components': 5}",0.9498212630742752,0.9564353813559322,0.9568269103430009,0.9503377036154151,0.945570123162495,0.9517982944011865,0.004280613319675068,106,0.951332560834299,0.9603390054955969,0.951236468368259,0.94898533452511,0.9505743701790975,0.9524935478804725,0.0040117365070084544
53,3.1840001583099364,0.5977074214263215,0.0,0.0,0.01,"(25,)",6,"{'NN__alpha': 0.01, 'NN__hidden_layer_sizes': (25,), 'pca__n_components': 6}",0.9551171719846419,0.9524629237288136,0.9568269103430009,0.9545755529068998,0.9496755396636207,0.9537316595158641,0.002460589095063992,96,0.9547425922860454,0.9553731046811892,0.9529910285695369,0.9537855463965306,0.9541165954911114,0.9542017734848827,0.0008137450800918697
54,2.272760105133057,0.7136767354447405,0.0,0.0,0.01,"(25,)",7,"{'NN__alpha': 0.01, 'NN__hidden_layer_sizes': (25,), 'pca__n_components': 7}",0.9529988084204951,0.9514036016949152,0.9535160905840286,0.9541782545358231,0.9449079592107006,0.9514010275968007,0.0033732916697040965,109,0.9528554875020692,0.9554062106866186,0.9502764259939749,0.9529910285695369,0.9510047340020525,0.9525067773508503,0.0017884861239445195
55,2.053759956359863,1.3691107532753224,0.006240081787109375,0.007642508165826268,0.01,"(25,)",8,"{'NN__alpha': 0.01, 'NN__hidden_layer_sizes': (25,), 'pca__n_components': 8}",0.9467761154508142,0.9520656779661016,0.9627863859091511,0.9499404052443385,0.9439809296781884,0.9511096986069177,0.00645312342730491,111,0.9484522430061249,0.956300072833212,0.9600754791935644,0.9487536001589035,0.9490846492534843,0.9525332088890577,0.004772994732258525
56,0.8742000102996826,0.01691250087439126,0.00935988426208496,0.0076423134983674675,0.01,"(50,)",2,"{'NN__alpha': 0.01, 'NN__hidden_layer_sizes': (50,), 'pca__n_components': 2}",0.9271812524824573,0.9314088983050848,0.9348430671434247,0.9290160243676334,0.9331214408687591,0.9311139361194979,0.0027528831276124343,191,0.9313358715444463,0.9307753426471562,0.9296520674015957,0.9318038865163704,0.9307776343231702,0.9308689604865478,0.0007197258040950881
57,1.1951600551605224,0.3164304332340043,0.009359931945800782,0.007642352431958399,0.01,"(50,)",3,"{'NN__alpha': 0.01, 'NN__hidden_layer_sizes': (50,), 'pca__n_components': 3}",0.9328743545611016,0.9360434322033898,0.9394782148059859,0.9345782015627069,0.9360349622566547,0.9358016844112506,0.002176984205966277,155,0.9364343651713293,0.935575713434417,0.9335253418081901,0.9357433707418811,0.9369020425729135,0.9356361667457463,0.0011584724039057999
58,1.67684006690979,0.48638853940779575,0.006240034103393554,0.007642449765811761,0.01,"(50,)",4,"{'NN__alpha': 0.01, 'NN__hidden_layer_sizes': (50,), 'pca__n_components': 4}",0.9316827750562691,0.935646186440678,0.9397430803867037,0.9397430803867037,0.9359025294662958,0.9365432491127708,0.00301064957159061,142,0.936268829663963,0.9378269218036152,0.9355778461945906,0.9369020425729135,0.9379282947661138,0.9369007870002392,0.0009014479363272325
59,2.824400043487549,0.8492142581282857,0.006240034103393554,0.007642449765811762,0.01,"(50,)",5,"{'NN__alpha': 0.01, 'NN__hidden_layer_sizes': (50,), 'pca__n_components': 5}",0.9510128425791077,0.9498146186440678,0.955502582439412,0.955502582439412,0.9511323003575686,0.9525928280099581,0.002419943829465891,104,0.9517629531534514,0.951665232073098,0.9523951401992915,0.954381434766776,0.9570629324328798,0.9534535385250994,0.0020525614094595236
60,3.9675200462341307,2.208440841944876,0.009359979629516601,0.007642391366541052,0.01,"(50,)",6,"{'NN__alpha': 0.01, 'NN__hidden_layer_sizes': (50,), 'pca__n_components': 6}",0.9609426717860453,0.9486228813559322,0.9615944907959211,0.9516620315190041,0.9568269103430009,0.9559298691667991,0.005091772702414325,91,0.9633173315676212,0.9497781897636232,0.9592147515476546,0.9520309861952527,0.9607044724732677,0.9570091463094839,0.005203501549253555
61,3.6545199871063234,1.3631687548740128,0.006240034103393554,0.007642449765811762,0.01,"(50,)",7,"{'NN__alpha': 0.01, 'NN__hidden_layer_sizes': (50,), 'pca__n_components': 7}",0.949688865351516,0.9541843220338984,0.9576215070851543,0.9658323400874056,0.9596079989405377,0.9573865141162138,0.0054006571398995335,87,0.9505048832974673,0.9572270409852347,0.9542490151289437,0.9631873406826232,0.9636177045055782,0.9577571969199695,0.005079694245074494
62,4.579040002822876,1.2069770407627642,0.0031199932098388674,0.006239986419677735,0.01,"(50,)",8,"{'NN__alpha': 0.01, 'NN__hidden_layer_sizes': (50,), 'pca__n_components': 8}",0.9588243082218986,0.9560381355932204,0.9643755793934579,0.967951264733148,0.9527214938418752,0.9599819905715345,0.005521092118070267,83,0.9623241185234233,0.9603721115010263,0.9619955639421326,0.9661667825338498,0.9594464859138611,0.9620610124828586,0.0023073357674213437
63,1.6727201461791992,0.3613377658319788,0.009359931945800782,0.007642352431958399,0.01,"(25, 25)",2,"{'NN__alpha': 0.01, 'NN__hidden_layer_sizes': (25, 25), 'pca__n_components': 2}",0.9273136502052165,0.933792372881356,0.9365646934180903,0.9299430539001456,0.9337836048205536,0.9322792520790296,0.0032568470333431657,178,0.9337526899519947,0.9325299609349136,0.9305458999569636,0.9331280828946933,0.9323335650676995,0.9324580397612529,0.001077220697235427
64,1.4513999938964843,0.3033566801922731,0.0031199932098388674,0.006239986419677735,0.01,"(25, 25)",3,"{'NN__alpha': 0.01, 'NN__hidden_layer_sizes': (25, 25), 'pca__n_components': 3}",0.9334039454521382,0.9361758474576272,0.9365646934180903,0.9355052310952192,0.9348430671434247,0.9352984797923619,0.0011147230188094865,163,0.9374275782155272,0.9361385155267166,0.9337239712649386,0.936670308206707,0.9361075247459199,0.9360135795919617,0.0012407598923070984
65,2.352359962463379,0.8445336776057661,0.006240034103393554,0.007642449765811761,0.01,"(25, 25)",4,"{'NN__alpha': 0.01, 'NN__hidden_layer_sizes': (25, 25), 'pca__n_components': 4}",0.9361842976300807,0.9367055084745762,0.9402728115481394,0.9378890213216793,0.9362998278373725,0.937470204989671,0.0015256279036367725,131,0.9401754676378083,0.9386876779447791,0.9368027278445393,0.9382593438606945,0.9367365180256232,0.9381323470626889,0.0012818024984974639
66,3.7146000385284426,0.6808545495891136,0.006240034103393554,0.007642449765811762,0.01,"(25, 25)",5,"{'NN__alpha': 0.01, 'NN__hidden_layer_sizes': (25, 25), 'pca__n_components': 5}",0.9612074672315636,0.9629237288135594,0.9658323400874056,0.9633161170705867,0.9589458349887432,0.9624450447587266,0.00229068083731655,65,0.9638470451911935,0.9647089982122757,0.9647432714271527,0.9630218161353329,0.9615983050286357,0.9635838871989181,0.0011779438989543676
67,4.8598401069641115,0.7633947823064368,0.009359931945800782,0.007642352431958399,0.01,"(25, 25)",6,"{'NN__alpha': 0.01, 'NN__hidden_layer_sizes': (25, 25), 'pca__n_components': 6}",0.9605454786177677,0.9626588983050848,0.964243146603099,0.9623890875380744,0.960402595682691,0.9620477779543408,0.001433384998648874,71,0.9645091872206588,0.9651393762828577,0.9645115370609462,0.9615652001191777,0.9645115370609462,0.9640473675489172,0.001264738890464278
68,4.472760009765625,0.9122252913575237,0.006239938735961914,0.007642332965038969,0.01,"(25, 25)",7,"{'NN__alpha': 0.01, 'NN__hidden_layer_sizes': (25, 25), 'pca__n_components': 7}",0.9623990467363961,0.9610699152542372,0.96411071381274,0.9674215335717123,0.9646404449741756,0.963928174161767,0.00215647576944587,42,0.9666280417149479,0.9648414222339933,0.9634190750488297,0.9668288807230112,0.9706359453106895,0.9664706730062944,0.002427726476421353
69,5.868000030517578,0.5019189912146739,0.009360027313232423,0.007642430300627835,0.01,"(25, 25)",8,"{'NN__alpha': 0.01, 'NN__hidden_layer_sizes': (25, 25), 'pca__n_components': 8}",0.9655765920826161,0.966896186440678,0.9660972056681234,0.9699377565885313,0.9663620712488412,0.966973886328725,0.0015417817996948846,20,0.9695745737460685,0.9708336092167119,0.9652729499784818,0.9695103783891151,0.9717946171417221,0.9693972256944198,0.0022300040098406524
70,2.962280035018921,0.7000501496969017,0.006239938735961914,0.007642332965038969,0.01,"(50, 50)",2,"{'NN__alpha': 0.01, 'NN__hidden_layer_sizes': (50, 50), 'pca__n_components': 2}",0.9263868661459023,0.934322033898305,0.9380214541120382,0.9287511587869156,0.9351079327241425,0.9325176121616611,0.004290297562602991,172,0.933421618937262,0.93325829305436,0.9320025159731188,0.9330949779852352,0.9321349356109511,0.9327824683121854,0.0005933311474942907
71,2.260079860687256,0.5929339371318089,0.006240081787109375,0.007642508165826268,0.01,"(50, 50)",3,"{'NN__alpha': 0.01, 'NN__hidden_layer_sizes': (50, 50), 'pca__n_components': 3}",0.9330067522838608,0.9368379237288136,0.936961991789167,0.9361673950470136,0.9356376638855781,0.9357222310503734,0.0014395984790972136,156,0.939016719086244,0.9371316956895981,0.9329625583474029,0.9365709934783328,0.9371999867580362,0.9365763906719227,0.0019855604604472644
72,3.4991199493408205,1.2161115534879494,0.012480068206787109,0.006240034104304502,0.01,"(50, 50)",4,"{'NN__alpha': 0.01, 'NN__hidden_layer_sizes': (50, 50), 'pca__n_components': 4}",0.9364490930755991,0.9359110169491526,0.9415971394517283,0.940670109919216,0.9360349622566547,0.9381323163303141,0.0024742947560328367,124,0.939645754014236,0.9387207839502085,0.9378289800377396,0.9404442678849273,0.9394842255106433,0.939224802279551,0.0008870119892660928
73,5.1006800651550295,1.0755876444353951,0.006240034103393554,0.007642449765811762,0.01,"(50, 50)",5,"{'NN__alpha': 0.01, 'NN__hidden_layer_sizes': (50, 50), 'pca__n_components': 5}",0.9605454786177677,0.9608050847457628,0.9650377433452523,0.9670242352006356,0.9598728645212554,0.9626569203877324,0.0028417822502391065,63,0.9634497599735143,0.9646758922068464,0.9637170192339524,0.9658357334392691,0.9638494388717846,0.9643055687450733,0.0008678014864618701
74,4.84736008644104,0.7128193209504968,0.0031200408935546874,0.006240081787109375,0.01,"(50, 50)",6,"{'NN__alpha': 0.01, 'NN__hidden_layer_sizes': (50, 50), 'pca__n_components': 6}",0.9612074672315636,0.9604078389830508,0.9646404449741756,0.9646404449741756,0.960402595682691,0.9622596535833465,0.001965732684892906,68,0.9643105446118192,0.963450970005959,0.9631542357731652,0.9646770616082365,0.9653391597973979,0.9641863943593154,0.0007989037634247895
75,5.540400075912475,0.7695034118694124,0.0,0.0,0.01,"(50, 50)",7,"{'NN__alpha': 0.01, 'NN__hidden_layer_sizes': (50, 50), 'pca__n_components': 7}",0.9647822057460612,0.9653072033898306,0.9646404449741756,0.9688782942656602,0.965435041716329,0.9658085703691933,0.0015640574788086446,30,0.9692766098328092,0.9672912666357677,0.9645115370609462,0.9697421127553216,0.9714304631376833,0.9684503978845056,0.002370238479283301
76,6.118399953842163,1.8392913156407926,0.006240034103393554,0.007642449765811762,0.01,"(50, 50)",8,"{'NN__alpha': 0.01, 'NN__hidden_layer_sizes': (50, 50), 'pca__n_components': 8}",0.9653117966370979,0.9651747881355932,0.9656999072970468,0.9698053237981724,0.9647728777645345,0.9661528682663276,0.0018500256933313625,25,0.9694752524416488,0.9710653512547176,0.9629556063164167,0.971264938590393,0.9725891349687159,0.9694700567143784,0.003403918499583896
77,2.8871999263763426,0.9130263954421232,0.015600156784057618,9.5367431640625e-08,0.01,"(100, 100)",2,"{'NN__alpha': 0.01, 'NN__hidden_layer_sizes': (100, 100), 'pca__n_components': 2}",0.9254600820865881,0.9345868644067796,0.9372268573698848,0.929678188319428,0.9337836048205536,0.932146829810901,0.004129216012732443,181,0.9333885118357887,0.9333576110706482,0.930281060681299,0.9332273976230675,0.9323335650676995,0.9325176292557005,0.0011835451547248692
78,4.686599969863892,1.6623180458178815,0.015600109100341797,1.9073486328124998e-07,0.01,"(100, 100)",3,"{'NN__alpha': 0.01, 'NN__hidden_layer_sizes': (100, 100), 'pca__n_components': 3}",0.9331391500066198,0.9360434322033898,0.9392133492252682,0.9368295589988082,0.9380214541120382,0.9366491869272737,0.002058130534636721,138,0.9374275782155272,0.9364033635701516,0.9360082100175456,0.9371999867580362,0.938027609494488,0.9370133496111498,0.0007235372063791933
79,4.535760068893433,2.0675746535261976,0.015600013732910156,1.784161275279017e-07,0.01,"(100, 100)",4,"{'NN__alpha': 0.01, 'NN__hidden_layer_sizes': (100, 100), 'pca__n_components': 4}",0.9372434794121541,0.9363082627118644,0.9402728115481394,0.9433187657263938,0.9398755131770626,0.9394035701043487,0.002472005834802497,114,0.9396788611157093,0.9389525259882142,0.937531035852617,0.9417684642632502,0.9446816962955606,0.9405225167030702,0.00248904573998772
80,8.704760026931762,1.3962017397047561,0.018720006942749022,0.006240081788931256,0.01,"(100, 100)",5,"{'NN__alpha': 0.01, 'NN__hidden_layer_sizes': (100, 100), 'pca__n_components': 5}",0.9613398649543228,0.9621292372881356,0.967951264733148,0.966626936829559,0.9614620580055622,0.9639016897081413,0.002810031438276487,43,0.9656348286707499,0.9648414222339933,0.9665309365378886,0.9671599298175919,0.968550336014831,0.9665434906550109,0.0012751695304325827
81,7.569000101089477,0.8586701446584515,0.015599966049194336,1.5078914929239175e-07,0.01,"(100, 100)",6,"{'NN__alpha': 0.01, 'NN__hidden_layer_sizes': (100, 100), 'pca__n_components': 6}",0.9635906262412286,0.9612023305084746,0.9658323400874056,0.9670242352006356,0.9613296252152033,0.9637957518936384,0.002341760486771934,44,0.9671577553385201,0.9660001324240217,0.9664647267189724,0.9661667825338498,0.9659350481676433,0.9663448890366014,0.0004457939616054049
82,9.05499997138977,1.3308594135339409,0.015600109100341797,1.1680077279964342e-07,0.01,"(100, 100)",7,"{'NN__alpha': 0.01, 'NN__hidden_layer_sizes': (100, 100), 'pca__n_components': 7}",0.9683569442605587,0.9688824152542372,0.9671566679909945,0.9696728910078135,0.965435041716329,0.9679008422056253,0.0014795237085537501,13,0.9743088892567455,0.9733496656293452,0.96719303472705,0.9714966729565995,0.97080146985798,0.971429946485544,0.002462701346632555
83,8.747840118408202,2.278968039901016,0.015599966049194336,2.132480599880018e-07,0.01,"(100, 100)",8,"{'NN__alpha': 0.01, 'NN__hidden_layer_sizes': (100, 100), 'pca__n_components': 8}",0.969416126042632,0.9702065677966102,0.9670242352006356,0.9688782942656602,0.967951264733148,0.9686953758143969,0.0011120253810778457,9,0.975103459692104,0.9730186055750513,0.9661336776243917,0.9689475949283278,0.9733505478862515,0.9713107771412254,0.003281730432620644
84,2.568760061264038,0.9166018916298101,0.0031200408935546874,0.006240081787109375,0.01,"(25, 25, 25)",2,"{'NN__alpha': 0.01, 'NN__hidden_layer_sizes': (25, 25, 25), 'pca__n_components': 2}",0.9290348206010857,0.9319385593220338,0.9366971262084492,0.9294133227387101,0.9344457687723481,0.9323057365326554,0.0029347312924329293,176,0.9342824035755669,0.9319340528371847,0.9308107392326282,0.9333598172608998,0.9326646141622803,0.932610325413712,0.0011879718597243526
85,2.703119993209839,0.5149130934218921,0.0031199932098388674,0.006239986419677735,0.01,"(25, 25, 25)",3,"{'NN__alpha': 0.01, 'NN__hidden_layer_sizes': (25, 25, 25), 'pca__n_components': 3}",0.9335363431748974,0.9345868644067796,0.9365646934180903,0.9362998278373725,0.9364322606277314,0.9354838709677419,0.0012109021107406092,161,0.9372289356066876,0.936866847646163,0.9353461118283841,0.9367696229350813,0.9374317211242428,0.9367286478281118,0.000731680785693923
86,3.3113200187683107,1.6084924637555797,0.009360074996948242,0.007642469232731191,0.01,"(25, 25, 25)",4,"{'NN__alpha': 0.01, 'NN__hidden_layer_sizes': (25, 25, 25), 'pca__n_components': 4}",0.9343307295114524,0.9368379237288136,0.940670109919216,0.9398755131770626,0.9421268706131638,0.9387679432173315,0.0028122499676890562,119,0.9392153616950836,0.9403429782162485,0.9363392591121263,0.9388221273214817,0.9454100043036382,0.9400259461297157,0.0029928741964359473
87,5.303079986572266,0.5191725170401239,0.006240034103393554,0.007642449765811761,0.01,"(25, 25, 25)",5,"{'NN__alpha': 0.01, 'NN__hidden_layer_sizes': (25, 25, 25), 'pca__n_components': 5}",0.9639878194095062,0.9626588983050848,0.9609323268441267,0.9660972056681234,0.9600052973116143,0.9627363737486095,0.002171599209083066,60,0.9661976493957954,0.9648414222339933,0.9631873406826232,0.964412222332572,0.9666633561757209,0.9650603981641408,0.001252137488175443
88,4.044919967651367,0.5971887173889977,0.006240034103393554,0.007642449765811762,0.01,"(25, 25, 25)",6,"{'NN__alpha': 0.01, 'NN__hidden_layer_sizes': (25, 25, 25), 'pca__n_components': 6}",0.9629286376274329,0.9589512711864406,0.965435041716329,0.9625215203284333,0.9596079989405377,0.9618888712325865,0.002361684559912504,75,0.9664625062075816,0.9641793021254056,0.9641142781474493,0.9641473830569074,0.9622272983083391,0.9642261535691367,0.0013429528240747612
89,5.207560014724732,1.1847001614112056,0.0031199932098388674,0.006239986419677735,0.01,"(25, 25, 25)",7,"{'NN__alpha': 0.01, 'NN__hidden_layer_sizes': (25, 25, 25), 'pca__n_components': 7}",0.9601482854494903,0.9631885593220338,0.9671566679909945,0.9683485631042246,0.9671566679909945,0.9651994279358017,0.0030704986616697915,35,0.9641450091044529,0.9667284645434682,0.966729565994637,0.9696427980269474,0.9737809117092064,0.9682053498757422,0.00328629403655841
90,5.000840091705323,1.7517758217009443,0.0031200408935546874,0.006240081787109375,0.01,"(25, 25, 25)",8,"{'NN__alpha': 0.01, 'NN__hidden_layer_sizes': (25, 25, 25), 'pca__n_components': 8}",0.9691513305971138,0.9629237288135594,0.966626936829559,0.9692755926367369,0.9618593563766389,0.9659674770909477,0.003087284346878505,27,0.9721569276609833,0.9679864927497848,0.9650743205217334,0.9709007845863542,0.9686165458337471,0.9689470142705205,0.0024556192812689847
91,4.4486000537872314,1.369543075852833,0.012479925155639648,0.006239962578503042,0.01,"(100, 25, 100)",2,"{'NN__alpha': 0.01, 'NN__hidden_layer_sizes': (100, 25, 100), 'pca__n_components': 2}",0.928505229710049,0.9335275423728814,0.9380214541120382,0.9279565620447623,0.9341809031916303,0.932438158800784,0.0037669180607657936,175,0.9338189041549413,0.9334900350923657,0.9317376766974542,0.9354123216473003,0.9332936074419836,0.9335505090068089,0.0011742571059195157
92,3.7578800201416014,0.8518971425214249,0.01248011589050293,0.006240057945934673,0.01,"(100, 25, 100)",3,"{'NN__alpha': 0.01, 'NN__hidden_layer_sizes': (100, 25, 100), 'pca__n_components': 3}",0.9339335363431749,0.9377648305084746,0.9384187524831148,0.9351079327241425,0.9360349622566547,0.9362519201228878,0.0016562233230398723,145,0.9381890415494123,0.9367675296298749,0.9349819578243453,0.9378620849471977,0.9385903929552752,0.9372782013812211,0.0012981461140983517
93,4.841720056533814,1.9065212077943476,0.015600061416625977,1.1680077279964342e-07,0.01,"(100, 25, 100)",4,"{'NN__alpha': 0.01, 'NN__hidden_layer_sizes': (100, 25, 100), 'pca__n_components': 4}",0.9377730703031908,0.939353813559322,0.9410674082902927,0.9396106475963448,0.938153886902397,0.939191694475343,0.0011670168088081824,115,0.9427247144512498,0.9406409322651129,0.9362068394742941,0.940311848247095,0.9412387857119211,0.9402246240299345,0.002172670678139789
94,5.890920162200928,2.0258544499775315,0.018719911575317383,0.0062400102622188576,0.01,"(100, 25, 100)",5,"{'NN__alpha': 0.01, 'NN__hidden_layer_sizes': (100, 25, 100), 'pca__n_components': 5}",0.9635906262412286,0.9630561440677966,0.9643755793934579,0.9621242219573567,0.9613296252152033,0.9628952804703639,0.0010720214785182778,57,0.967521933454726,0.965503542342581,0.9628893964975006,0.9605389479259774,0.9673585592743403,0.9647624758990251,0.0026925842364018838
95,8.416719961166383,2.2391757245052157,0.018720054626464845,0.006239938736872875,0.01,"(100, 25, 100)",6,"{'NN__alpha': 0.01, 'NN__hidden_layer_sizes': (100, 25, 100), 'pca__n_components': 6}",0.9631934330729511,0.9649099576271186,0.9663620712488412,0.9633161170705867,0.96053502847305,0.9636633296255098,0.0019474944210405903,49,0.9693097169342824,0.9682182347877905,0.9666633561757209,0.9632535505015394,0.9675240838216308,0.9669937884441928,0.002061192478086513
96,8.26496000289917,2.0204347704947265,0.015600109100341797,1.1680077279964342e-07,0.01,"(100, 25, 100)",7,"{'NN__alpha': 0.01, 'NN__hidden_layer_sizes': (100, 25, 100), 'pca__n_components': 7}",0.9704753078247054,0.9710010593220338,0.9653026089259701,0.9709972189114024,0.9684809958945835,0.9692515493405371,0.0021813998590364697,4,0.9729846051978149,0.9748394358736675,0.9639487536001589,0.9756016817294004,0.9759989406428974,0.9726746834087878,0.004484240428479157
97,9.754399919509888,2.014921712022882,0.018720102310180665,0.006240034104304501,0.01,"(100, 25, 100)",8,"{'NN__alpha': 0.01, 'NN__hidden_layer_sizes': (100, 25, 100), 'pca__n_components': 8}",0.9688865351515954,0.9692796610169492,0.9672891007813534,0.9724539796053503,0.9705999205403257,0.9697017850521744,0.0017345946467882988,1,0.9765270650554544,0.9744421638085149,0.9668288807230112,0.9764955142847684,0.9759658357334393,0.9740518919210377,0.003690126180277977
98,0.805359935760498,0.1293278534181827,0.0031199932098388674,0.006239986419677735,0.001,"(25,)",2,"{'NN__alpha': 0.001, 'NN__hidden_layer_sizes': (25,), 'pca__n_components': 2}",0.9259896729776248,0.9310116525423728,0.9344457687723481,0.9288835915772745,0.9331214408687591,0.9306901848614864,0.0030159443319093112,193,0.9319649064724383,0.9300801165331392,0.9297182772205118,0.9316714668785381,0.9300493263150925,0.9306968186839439,0.000928988379769975
99,0.9582399368286133,0.1929644276776435,0.0,0.0,0.001,"(25,)",3,"{'NN__alpha': 0.001, 'NN__hidden_layer_sizes': (25,), 'pca__n_components': 3}",0.9310207864424732,0.9359110169491526,0.9368295589988082,0.9355052310952192,0.9359025294662958,0.9350336352561046,0.002053200833373089,167,0.9365667935772223,0.9362709395484341,0.934352964544642,0.9361075247459199,0.9362399443837521,0.935907633359994,0.0007916900765630212
100,1.0019200325012207,0.1357514992016226,0.0,0.0,0.001,"(25,)",4,"{'NN__alpha': 0.001, 'NN__hidden_layer_sizes': (25,), 'pca__n_components': 4}",0.9348603204024891,0.9344544491525424,0.9397430803867037,0.9372268573698848,0.9347106343530658,0.9361989512156365,0.0020330757530887616,146,0.9382552557523589,0.9366682116135867,0.9353461118283841,0.9364054689310425,0.9367034131161651,0.9366756922483075,0.0009313055356840858
101,2.09411997795105,1.184456074848315,0.0,0.0,0.001,"(25,)",5,"{'NN__alpha': 0.001, 'NN__hidden_layer_sizes': (25,), 'pca__n_components': 5}",0.9499536607970342,0.9516684322033898,0.9582836710369488,0.9503377036154151,0.9454376903721361,0.9511361830605435,0.00414420572093612,110,0.9513656679357723,0.955008938621466,0.9560697851491377,0.9490515443440262,0.9506736849074717,0.9524339241915747,0.0026657190930531914
102,3.4277600288391112,1.1447999837936833,0.006239986419677735,0.007642391366541052,0.001,"(25,)",6,"{'NN__alpha': 0.001, 'NN__hidden_layer_sizes': (25,), 'pca__n_components': 6}",0.9551171719846419,0.9515360169491526,0.9596079989405377,0.9551052840683353,0.9486160773407496,0.9539965040521214,0.00371410303672606,94,0.953948021850687,0.954148182480302,0.9582878140828285,0.9540834905816532,0.954414539676234,0.954976409734341,0.001662645082884205
103,2.1950400829315186,0.5747800546208202,0.009360027313232423,0.007642430300627835,0.001,"(25,)",7,"{'NN__alpha': 0.001, 'NN__hidden_layer_sizes': (25,), 'pca__n_components': 7}",0.9519396266384218,0.9500794491525424,0.9578863726658721,0.9541782545358231,0.9447755264203417,0.9517718099475608,0.004359172412965591,107,0.9522595596755504,0.9521949281599682,0.9543152249478598,0.9529248187506207,0.9508723143642203,0.9525133691796439,0.0011202553113924835
104,2.7968000411987304,1.5759244186493142,0.0,0.0,0.001,"(25,)",8,"{'NN__alpha': 0.001, 'NN__hidden_layer_sizes': (25,), 'pca__n_components': 8}",0.9466437177280551,0.9557733050847458,0.9634485498609455,0.9602701628923321,0.9439809296781884,0.9540229885057471,0.007565985343965641,93,0.9484191359046515,0.9602727934847382,0.9613003608435131,0.9584202337206608,0.9490846492534843,0.9554994346414094,0.0055901139252374004
105,0.8673600196838379,0.04255124406954258,0.012480020523071289,0.006240010264040759,0.001,"(50,)",2,"{'NN__alpha': 0.001, 'NN__hidden_layer_sizes': (50,), 'pca__n_components': 2}",0.9271812524824573,0.9314088983050848,0.9351079327241425,0.9290160243676334,0.9331214408687591,0.9311669050267493,0.0028257114927406697,188,0.9313358715444463,0.9308084486525856,0.9296851723110537,0.9317707816069123,0.9308438441420863,0.9308888236514168,0.0006978483359267132
106,1.1764400959014893,0.166502312122822,0.0031200408935546874,0.006240081787109375,0.001,"(50,)",3,"{'NN__alpha': 0.001, 'NN__hidden_layer_sizes': (50,), 'pca__n_components': 3}",0.9327419568383424,0.9364406779661016,0.939345782015627,0.9361673950470136,0.9360349622566547,0.936145982308385,0.00209413826375717,148,0.9364674722728025,0.935145335363835,0.933459131989274,0.9355116363756745,0.9369020425729135,0.9354971237148998,0.0011993956191693632
107,2.5714799404144286,1.2926607567377364,0.006239938735961914,0.007642332965038968,0.001,"(50,)",4,"{'NN__alpha': 0.001, 'NN__hidden_layer_sizes': (50,), 'pca__n_components': 4}",0.9331391500066198,0.9359110169491526,0.939345782015627,0.9397430803867037,0.9348430671434247,0.9365962180200222,0.0025674038064588452,140,0.9370634000993213,0.938588359928491,0.9362399443837521,0.9369351474823716,0.9376303505809912,0.9372914404949855,0.0007850415617318161
108,3.5178400039672852,1.9546078514948744,0.0,0.0,0.001,"(50,)",5,"{'NN__alpha': 0.001, 'NN__hidden_layer_sizes': (50,), 'pca__n_components': 5}",0.9506156494108301,0.949947033898305,0.9558998808104887,0.9613296252152033,0.9515295987286452,0.9538640817839928,0.004271341311570953,95,0.9511008111239861,0.9515659140568099,0.9524944549276658,0.9589499122719899,0.9569636177045056,0.9542149420169915,0.00315120286646166
109,4.344240045547485,2.750771035418169,0.003119945526123047,0.006239891052246094,0.001,"(50,)",6,"{'NN__alpha': 0.001, 'NN__hidden_layer_sizes': (50,), 'pca__n_components': 6}",0.9605454786177677,0.9486228813559322,0.9619917891669978,0.9515295987286452,0.9614620580055622,0.9568303405900737,0.005609918588258175,88,0.9625227611322629,0.9495795537310469,0.9611679412056808,0.9521965107425431,0.9647432714271527,0.9580420076477374,0.0060089684472430785
110,4.335279941558838,0.8012663550348628,0.006239986419677735,0.007642391365053469,0.001,"(50,)",7,"{'NN__alpha': 0.001, 'NN__hidden_layer_sizes': (50,), 'pca__n_components': 7}",0.9594862968356944,0.9541843220338984,0.9646404449741756,0.9635809826513044,0.9590782677791021,0.9601938662005403,0.0037176304380701214,82,0.9635490812779341,0.9567966629146527,0.9624590326745457,0.9600423742841063,0.9645777468798623,0.9614849796062203,0.002786967097610587
111,5.455560111999512,0.8007739576974733,0.0,0.0,0.001,"(50,)",8,"{'NN__alpha': 0.001, 'NN__hidden_layer_sizes': (50,), 'pca__n_components': 8}",0.9618694558453594,0.9638506355932204,0.9647728777645345,0.9700701893788902,0.9623890875380744,0.9645902855024101,0.0029276810884147357,37,0.9645091872206588,0.9677216447063497,0.9627900817691264,0.9678551329162115,0.9669281954513854,0.9659608484127464,0.0019892490535729926
112,1.6723199367523194,0.3617586342804881,0.009360027313232423,0.007642430299140261,0.001,"(25, 25)",2,"{'NN__alpha': 0.001, 'NN__hidden_layer_sizes': (25, 25), 'pca__n_components': 2}",0.9274460479279757,0.9340572033898306,0.9361673950470136,0.929545755529069,0.9339160376109125,0.9322262831717781,0.0032180168171375414,179,0.9336533686475749,0.9324968549294842,0.9302479557718409,0.9331942927136094,0.9324328797960738,0.9324050703717166,0.0011699112493328652
113,1.641319990158081,0.385181980011624,0.0,0.0,0.001,"(25, 25)",3,"{'NN__alpha': 0.001, 'NN__hidden_layer_sizes': (25, 25), 'pca__n_components': 3}",0.9334039454521382,0.9372351694915254,0.9366971262084492,0.9361673950470136,0.9357700966759369,0.935854653318502,0.001321185937417141,152,0.9374606853170004,0.9363702575647223,0.9336577614460224,0.9359751051080876,0.9358095805607972,0.935854677999326,0.0012400048872761647
114,2.9770800113677978,1.1186772181523041,0.009360027313232423,0.007642430299140261,0.001,"(25, 25)",4,"{'NN__alpha': 0.001, 'NN__hidden_layer_sizes': (25, 25), 'pca__n_components': 4}",0.9368462862438766,0.9361758474576272,0.9401403787577804,0.9402728115481394,0.936961991789167,0.9380793474230626,0.0017578979183893973,126,0.9398112895216024,0.9388863139773554,0.9370013573012878,0.9414705200781276,0.9415367298970437,0.9397412421550833,0.001700409139080718
115,4.284359979629516,1.2062296829327865,0.012480020523071289,0.006240010264040759,0.001,"(25, 25)",5,"{'NN__alpha': 0.001, 'NN__hidden_layer_sizes': (25, 25), 'pca__n_components': 5}",0.9617370581226002,0.9631885593220338,0.9662296384584823,0.9638458482320222,0.96053502847305,0.9631071560993697,0.0019387729274045252,55,0.9638470451911935,0.9645103621796994,0.9646770616082365,0.9624590326745457,0.9666633561757209,0.9644313715658791,0.0013623447747890638
116,4.4594799995422365,0.4669113191060756,0.009359931945800782,0.007642352431958399,0.001,"(25, 25)",6,"{'NN__alpha': 0.001, 'NN__hidden_layer_sizes': (25, 25), 'pca__n_components': 6}",0.9610750695088045,0.9615995762711864,0.9619917891669978,0.9653026089259701,0.9614620580055622,0.9622861380369723,0.0015363862080363913,67,0.9645754014236053,0.964907634244852,0.9619624590326745,0.9633528652299136,0.965372264706856,0.9640341249275803,0.0012330880907032047
117,5.723880052566528,0.8769767077360907,0.006239938735961914,0.007642332965038969,0.001,"(25, 25)",7,"{'NN__alpha': 0.001, 'NN__hidden_layer_sizes': (25, 25), 'pca__n_components': 7}",0.9657089898053753,0.9661016949152542,0.9647728777645345,0.9686134286849424,0.9627863859091511,0.9655966947401875,0.0018943833044479305,31,0.9697401092534349,0.9697411110375422,0.9653391597973979,0.9679213427351276,0.9679213427351276,0.9681326131117262,0.0016164133868754398
118,5.4203200340271,0.8180129165396283,0.003119945526123047,0.006239891052246094,0.001,"(25, 25)",8,"{'NN__alpha': 0.001, 'NN__hidden_layer_sizes': (25, 25), 'pca__n_components': 8}",0.9671653647557262,0.9661016949152542,0.9653026089259701,0.9720566812342736,0.9659647728777645,0.9673181842258595,0.002443303108516848,17,0.9705677867902666,0.968350658809508,0.9639156486907008,0.9716621975038898,0.9710994140431026,0.9691191411674935,0.002833869771987118
119,2.646560049057007,0.7878341636491172,0.0031200408935546874,0.006240081787109375,0.001,"(50, 50)",2,"{'NN__alpha': 0.001, 'NN__hidden_layer_sizes': (50, 50), 'pca__n_components': 2}",0.9262544684231431,0.930614406779661,0.9388160508541915,0.9287511587869156,0.9349754999337836,0.9318819852746438,0.004488417781998359,186,0.9334878331402086,0.9308084486525856,0.9318700963352865,0.9333267123514417,0.9323666699771576,0.9323719520913359,0.0009852093963320238
120,2.2692400455474853,0.6275888351814227,0.0031200408935546874,0.006240081787109375,0.001,"(50, 50)",3,"{'NN__alpha': 0.001, 'NN__hidden_layer_sizes': (50, 50), 'pca__n_components': 3}",0.9359195021845624,0.9375,0.936961991789167,0.9356376638855781,0.9368295589988082,0.9365697335663965,0.0006896903296572508,141,0.9384870054626717,0.9372310137058862,0.9329294534379449,0.9364054689310425,0.9380607144039461,0.9366227311882984,0.0019799406733264566
121,3.2742799282073975,0.9748730016366977,0.009360074996948242,0.007642469232731191,0.001,"(50, 50)",4,"{'NN__alpha': 0.001, 'NN__hidden_layer_sizes': (50, 50), 'pca__n_components': 4}",0.935654706739044,0.9360434322033898,0.9414647066613694,0.9398755131770626,0.9373592901602437,0.9380793474230626,0.002246298537971262,126,0.9396126469127628,0.9387869959610673,0.938027609494488,0.9377627702188235,0.9414705200781276,0.9391321085330538,0.0013351549663512998
122,5.006279993057251,1.2929401736563757,0.006240034103393554,0.007642449765811762,0.001,"(50, 50)",5,"{'NN__alpha': 0.001, 'NN__hidden_layer_sizes': (50, 50), 'pca__n_components': 5}",0.9597510922812128,0.9601430084745762,0.96291881869951,0.9649053105548934,0.9615944907959211,0.9618623867789607,0.0018900360258050934,76,0.9632511173646747,0.96232536582136,0.9636508094150362,0.96444532724203,0.9657364187108948,0.9638818077107991,0.001151588303543874
123,5.849079990386963,0.7814771101094536,0.0031200408935546874,0.006240081787109375,0.001,"(50, 50)",6,"{'NN__alpha': 0.001, 'NN__hidden_layer_sizes': (50, 50), 'pca__n_components': 6}",0.9581623196081027,0.9604078389830508,0.965435041716329,0.9649053105548934,0.9609323268441267,0.9619683245934636,0.002779898694619653,72,0.9636152954808807,0.9652386942991459,0.96444532724203,0.9632535505015394,0.9670937199986758,0.9647293175044543,0.0013674390413252364
124,6.01776008605957,1.6172772365017267,0.012480068206787109,0.006240034106126396,0.001,"(50, 50)",7,"{'NN__alpha': 0.001, 'NN__hidden_layer_sizes': (50, 50), 'pca__n_components': 7}",0.9674301602012445,0.9657044491525424,0.9663620712488412,0.9692755926367369,0.9667593696199179,0.9671063085968536,0.0012206420416071223,19,0.9718589637477238,0.9682844467986492,0.9652067401595656,0.9693779587512829,0.971264938590393,0.969198609609523,0.002372765519926611
125,6.131279993057251,1.0546230227282525,0.009359979629516601,0.007642391365053469,0.001,"(50, 50)",8,"{'NN__alpha': 0.001, 'NN__hidden_layer_sizes': (50, 50), 'pca__n_components': 8}",0.9630610353501919,0.9643802966101694,0.9667593696199179,0.9699377565885313,0.965435041716329,0.9659145081836962,0.002350599590255291,28,0.9667273630193677,0.9712639872872939,0.9664647267189724,0.9710663091336446,0.9724898202403417,0.969602441279924,0.002504073847120213
126,3.21188006401062,0.9737680299133868,0.015599966049194336,1.5078914929239175e-07,0.001,"(100, 100)",2,"{'NN__alpha': 0.001, 'NN__hidden_layer_sizes': (100, 100), 'pca__n_components': 2}",0.9251952866410698,0.9344544491525424,0.9370944245795259,0.9287511587869156,0.9335187392398357,0.9318025319137666,0.004265067308646439,187,0.9334547260387354,0.9334900350923657,0.9302148508623829,0.9334922368987321,0.9322342503393253,0.9325772198463083,0.001275846408964812
127,4.206960010528564,1.218621536402389,0.012480020523071289,0.006240010264040759,0.001,"(100, 100)",3,"{'NN__alpha': 0.001, 'NN__hidden_layer_sizes': (100, 100), 'pca__n_components': 3}",0.9348603204024891,0.9360434322033898,0.9394782148059859,0.9373592901602437,0.9365646934180903,0.9368610625562794,0.0015399510692996508,135,0.9377586492302599,0.9364695755810104,0.9356109511040487,0.9377296653093654,0.9383917634985268,0.9371921209446423,0.0010070968540165062
128,4.50536003112793,1.66092898553358,0.015600061416625977,1.1680077279964342e-07,0.001,"(100, 100)",4,"{'NN__alpha': 0.001, 'NN__hidden_layer_sizes': (100, 100), 'pca__n_components': 4}",0.9372434794121541,0.9360434322033898,0.9400079459674215,0.9419944378228049,0.9396106475963448,0.9389798188463372,0.0021061973785963,117,0.939645754014236,0.9388863139773554,0.9351474823716357,0.9406097924322177,0.9454100043036382,0.9399398694198166,0.0033025635210078195
129,8.05300006866455,2.1957059820535108,0.018720102310180665,0.006240034104304502,0.001,"(100, 100)",5,"{'NN__alpha': 0.001, 'NN__hidden_layer_sizes': (100, 100), 'pca__n_components': 5}",0.9633258307957103,0.9610699152542372,0.9671566679909945,0.9635809826513044,0.9633161170705867,0.9636898140791356,0.0019578735711846397,47,0.9672239695414666,0.9652718003045753,0.9648425861555269,0.9643791174231139,0.968550336014831,0.9660535618879027,0.0015801969990891103
130,8.276240158081055,0.6317251556333031,0.02183990478515625,0.007642332966526561,0.001,"(100, 100)",6,"{'NN__alpha': 0.001, 'NN__hidden_layer_sizes': (100, 100), 'pca__n_components': 6}",0.9639878194095062,0.962791313559322,0.9656999072970468,0.9664945040392001,0.9596079989405377,0.9637162985327613,0.002427276991876346,46,0.9673232908458864,0.9666622525326094,0.9665640414473466,0.9665309365378886,0.9660674678054756,0.9666295978338415,0.0004030628199751519
131,8.848800086975098,0.7440636150701806,0.018719959259033202,0.006239986421499643,0.001,"(100, 100)",7,"{'NN__alpha': 0.001, 'NN__hidden_layer_sizes': (100, 100), 'pca__n_components': 7}",0.9663709784191712,0.9692796610169492,0.9670242352006356,0.970335054959608,0.967951264733148,0.9681921711955083,0.0014500784929688565,12,0.9712961430226784,0.973415877640204,0.9674909789121727,0.9734167577051677,0.974443009898368,0.9720125534357182,0.0024821807799577803
132,10.20016007423401,1.9091847139302551,0.015600013732910156,1.784161275279017e-07,0.001,"(100, 100)",8,"{'NN__alpha': 0.001, 'NN__hidden_layer_sizes': (100, 100), 'pca__n_components': 8}",0.9690189328743546,0.9725900423728814,0.9675539663620712,0.9704674877499669,0.9653026089259701,0.9689867048042798,0.0024820303197130283,7,0.9760635656348287,0.975832616036549,0.9688151752904955,0.9737147018902903,0.9703380011255669,0.9729528119955461,0.0029157437857034968
133,2.0951199531555176,0.4103924109382897,0.0031200408935546874,0.006240081787109375,0.001,"(25, 25, 25)",2,"{'NN__alpha': 0.001, 'NN__hidden_layer_sizes': (25, 25, 25), 'pca__n_components': 2}",0.9289024228783265,0.9322033898305084,0.936961991789167,0.9292808899483512,0.9341809031916303,0.9323057365326554,0.0030311416148763198,176,0.9341830822711472,0.9320002648480434,0.9310755785082928,0.9334260270798159,0.9328963485284868,0.9327162602471573,0.0010855646987325957
134,2.4098400115966796,0.5804185768692451,0.009360027313232423,0.007642430300627835,0.001,"(25, 25, 25)",3,"{'NN__alpha': 0.001, 'NN__hidden_layer_sizes': (25, 25, 25), 'pca__n_components': 3}",0.9322123659473057,0.9341896186440678,0.936961991789167,0.9365646934180903,0.9357700966759369,0.9351395730706076,0.0017448135979803415,166,0.9365999006786956,0.9370323776733099,0.9356771609229648,0.9363061542026683,0.9370675671202039,0.9365366321195685,0.0005144840809001087
135,3.1613600730895994,0.9804192783960323,0.0031200408935546874,0.006240081787109375,0.001,"(25, 25, 25)",4,"{'NN__alpha': 0.001, 'NN__hidden_layer_sizes': (25, 25, 25), 'pca__n_components': 4}",0.9373758771349133,0.9364406779661016,0.9378890213216793,0.9388160508541915,0.9408025427095749,0.9382647385984427,0.001483415377013644,123,0.9411024664790597,0.9404422962325366,0.9342867547257259,0.9388552322309398,0.9433243950077796,0.9396022289352084,0.0030207024405486853
136,5.281240034103393,1.5821854987780906,0.0,0.0,0.001,"(25, 25, 25)",5,"{'NN__alpha': 0.001, 'NN__hidden_layer_sizes': (25, 25, 25), 'pca__n_components': 5}",0.9633258307957103,0.961864406779661,0.9631836842802278,0.9667593696199179,0.9598728645212554,0.9630012182848667,0.0022511993175954007,56,0.9654692931633836,0.9636496060385354,0.9638163339623266,0.9647432714271527,0.9680206574635019,0.9651398324109801,0.001583501232662815
137,3.8795598983764648,0.5648995003398432,0.009360074996948242,0.007642469232731191,0.001,"(25, 25, 25)",6,"{'NN__alpha': 0.001, 'NN__hidden_layer_sizes': (25, 25, 25), 'pca__n_components': 6}",0.9606778763405269,0.9586864406779662,0.9638458482320222,0.9623890875380744,0.9602701628923321,0.961173790984692,0.0017813391620569606,80,0.9658665783810627,0.9634178640005296,0.9613334657529712,0.9631873406826232,0.9651736352501076,0.9637957768134588,0.0015976671356648015
138,5.716200065612793,1.1142360640377096,0.0,0.0,0.001,"(25, 25, 25)",7,"{'NN__alpha': 0.001, 'NN__hidden_layer_sizes': (25, 25, 25), 'pca__n_components': 7}",0.9706077055474646,0.9657044491525424,0.9655674745066879,0.9713945172824792,0.9682161303138657,0.9682981090100111,0.0024129702695830815,10,0.9743088892567455,0.9676554326954909,0.9659019432581852,0.9718608269606382,0.9741119608037871,0.9707678105949695,0.003414112611264806
139,5.3128400325775145,1.1904658404638402,0.0031199932098388674,0.006239986419677735,0.001,"(25, 25, 25)",8,"{'NN__alpha': 0.001, 'NN__hidden_layer_sizes': (25, 25, 25), 'pca__n_components': 8}",0.9680921488150404,0.9658368644067796,0.9658323400874056,0.9702026221692491,0.9668918024102768,0.9673711531331108,0.0016424490219188678,16,0.9699718589637477,0.9696748990266835,0.9656702088919786,0.9716953024133479,0.9743105902605357,0.9702645719112587,0.0028269708447618102
140,4.456159973144532,1.369521600284531,0.012479925155639648,0.006239962580324957,0.001,"(100, 25, 100)",2,"{'NN__alpha': 0.001, 'NN__hidden_layer_sizes': (100, 25, 100), 'pca__n_components': 2}",0.9286376274328082,0.9336599576271186,0.9385511852734737,0.9279565620447623,0.9347106343530658,0.9327030033370411,0.003954790685907625,170,0.9337526899519947,0.9336555651195126,0.9316714668785381,0.9346840136392227,0.9337239712649386,0.9334975413708413,0.000988292193192703
141,4.322799968719482,1.418559930763419,0.009360027313232423,0.007642430300627835,0.001,"(100, 25, 100)",3,"{'NN__alpha': 0.001, 'NN__hidden_layer_sizes': (100, 25, 100), 'pca__n_components': 3}",0.9339335363431749,0.9372351694915254,0.9392133492252682,0.9370944245795259,0.9365646934180903,0.9368080936490281,0.0016954661674785396,136,0.9389173977818241,0.9367013176190161,0.9353792167378422,0.9369682523918297,0.9377958751282816,0.9371524119317586,0.0011756565780086344
142,6.021479988098145,2.104457217429016,0.015600013732910156,2.3360154559928684e-07,0.001,"(100, 25, 100)",4,"{'NN__alpha': 0.001, 'NN__hidden_layer_sizes': (100, 25, 100), 'pca__n_components': 4}",0.9383026611942274,0.9380296610169492,0.9410674082902927,0.9386836180638326,0.9413322738710105,0.9394830234652259,0.00141946589096426,113,0.9438503559013408,0.940905780308548,0.936173734564836,0.9395835402390175,0.9458734730360513,0.9412773768099587,0.0033704199257455114
143,9.179119968414307,1.416327588272081,0.015600109100341797,1.1680077279964342e-07,0.001,"(100, 25, 100)",5,"{'NN__alpha': 0.001, 'NN__hidden_layer_sizes': (100, 25, 100), 'pca__n_components': 5}",0.9631934330729511,0.965042372881356,0.9667593696199179,0.9656999072970468,0.9607998940537678,0.9642989565125272,0.0020992012754808323,39,0.9671908624399934,0.9691452029398133,0.9675902936405469,0.9674909789121727,0.9682192869202503,0.9679273249705554,0.0006949580688168981
144,7.380600166320801,1.3313987910092986,0.02183995246887207,0.007642391365053469,0.001,"(100, 25, 100)",6,"{'NN__alpha': 0.001, 'NN__hidden_layer_sizes': (100, 25, 100), 'pca__n_components': 6}",0.9626638421819145,0.9604078389830508,0.9663620712488412,0.9634485498609455,0.9611971924248444,0.9628158271094868,0.002069625198135228,58,0.9695745737460685,0.9644441501688407,0.9670606150892177,0.9671599298175919,0.9666964610851789,0.9669871459813795,0.0016298073390935152
145,7.082280015945434,1.7379403261694728,0.018719959259033202,0.006239986421499643,0.001,"(100, 25, 100)",7,"{'NN__alpha': 0.001, 'NN__hidden_layer_sizes': (100, 25, 100), 'pca__n_components': 7}",0.9651793989143387,0.971530720338983,0.966626936829559,0.969143159846378,0.9690107270560191,0.9682981090100111,0.0021996780775806464,10,0.969144181426916,0.9769582202211481,0.9669281954513854,0.9700731618499023,0.9759327308239812,0.9718072979546666,0.00393589266780247
146,8.143279886245727,1.4178782385126227,0.015600109100341797,1.1680077279964342e-07,0.001,"(100, 25, 100)",8,"{'NN__alpha': 0.001, 'NN__hidden_layer_sizes': (100, 25, 100), 'pca__n_components': 8}",0.9700781146564279,0.9716631355932204,0.9651701761356112,0.9720566812342736,0.9671566679909945,0.9692250648869114,0.002661145945676003,5,0.9739778182420129,0.9750380719062438,0.9657695236203528,0.9763961995563942,0.9737147018902903,0.9729792630430587,0.003726458758606887
147,0.8018401145935059,0.13549568594385147,0.006239986419677735,0.007642391366541052,0.0001,"(25,)",2,"{'NN__alpha': 0.0001, 'NN__hidden_layer_sizes': (25,), 'pca__n_components': 2}",0.9259896729776248,0.9310116525423728,0.9344457687723481,0.9288835915772745,0.9331214408687591,0.9306901848614864,0.0030159443319093112,193,0.931931799370965,0.9300801165331392,0.9297182772205118,0.9316714668785381,0.9300493263150925,0.9306901972636494,0.0009200009229007436
148,0.9297599792480469,0.18101383005261626,0.0,0.0,0.0001,"(25,)",3,"{'NN__alpha': 0.0001, 'NN__hidden_layer_sizes': (25,), 'pca__n_components': 3}",0.9310207864424732,0.9359110169491526,0.9368295589988082,0.9355052310952192,0.9359025294662958,0.9350336352561046,0.002053200833373089,167,0.9365667935772223,0.9363040455538635,0.9342867547257259,0.9361406296553779,0.9362730492932102,0.9359142545610799,0.0008254064747557507
149,0.9921601772308349,0.1161545909667887,0.0031199932098388674,0.006239986419677735,0.0001,"(25,)",4,"{'NN__alpha': 0.0001, 'NN__hidden_layer_sizes': (25,), 'pca__n_components': 4}",0.9348603204024891,0.934322033898305,0.9396106475963448,0.9372268573698848,0.9347106343530658,0.936145982308385,0.002010542560367127,148,0.9382552557523589,0.9367013176190161,0.9357764756513391,0.9364385738405006,0.9367365180256232,0.9367816281777674,0.00081339791246014
150,2.503239965438843,1.2787199698538059,0.0031200408935546874,0.006240081787109375,0.0001,"(25,)",5,"{'NN__alpha': 0.0001, 'NN__hidden_layer_sizes': (25,), 'pca__n_components': 5}",0.9502184562425526,0.9551112288135594,0.9577539398755132,0.9547079856972587,0.9454376903721361,0.9526457969172096,0.004342067693391524,103,0.9512001324284058,0.9590809772892803,0.9553745820505181,0.952163405833085,0.9506405799980137,0.9536919355198605,0.0031537066036753532
151,2.7778000831604004,0.7650041333770821,0.0031200408935546874,0.006240081787109375,0.0001,"(25,)",6,"{'NN__alpha': 0.0001, 'NN__hidden_layer_sizes': (25,), 'pca__n_components': 6}",0.9549847742618827,0.9516684322033898,0.9576215070851543,0.9551052840683353,0.9484836445503907,0.9535727527941099,0.003170405103043515,97,0.9539811289521603,0.9541150764748726,0.9526599794749562,0.9549442182275631,0.954414539676234,0.9540229885611573,0.0007576282140692352
152,2.839600086212158,0.9308855565346135,0.0,0.0,0.0001,"(25,)",7,"{'NN__alpha': 0.0001, 'NN__hidden_layer_sizes': (25,), 'pca__n_components': 7}",0.9572355355487886,0.9523305084745762,0.9581512382465899,0.9541782545358231,0.9446430936299828,0.9533079082578526,0.0048098014149114,99,0.9576229101142195,0.9560683307952063,0.954381434766776,0.953057238388453,0.9508723143642203,0.9544004456857751,0.0023417256718757024
153,2.6572000980377197,1.7316760635210386,0.0,0.0,0.0001,"(25,)",8,"{'NN__alpha': 0.0001, 'NN__hidden_layer_sizes': (25,), 'pca__n_components': 8}",0.9466437177280551,0.9589512711864406,0.9536485233743875,0.9630512514898689,0.9439809296781884,0.9532549393506012,0.00718723443448821,100,0.9484191359046515,0.9627226378865126,0.9508061045453041,0.9613665706624293,0.9490515443440262,0.9544731986685846,0.006246045400562697
154,0.8644400596618652,0.020957380778683775,0.0,0.0,0.0001,"(50,)",2,"{'NN__alpha': 0.0001, 'NN__hidden_layer_sizes': (50,), 'pca__n_components': 2}",0.9271812524824573,0.9314088983050848,0.9351079327241425,0.9290160243676334,0.9331214408687591,0.9311669050267493,0.0028257114927406697,188,0.9313358715444463,0.9308084486525856,0.9296851723110537,0.9317707816069123,0.9308438441420863,0.9308888236514168,0.0006978483359267132
155,1.1240000247955322,0.20325223261637843,0.0,0.0,0.0001,"(50,)",3,"{'NN__alpha': 0.0001, 'NN__hidden_layer_sizes': (50,), 'pca__n_components': 3}",0.9327419568383424,0.9361758474576272,0.9392133492252682,0.9344457687723481,0.9360349622566547,0.9357222310503734,0.002144920373398104,156,0.9364343651713293,0.9351784413692644,0.9334922368987321,0.9357764756513391,0.9369351474823716,0.9355633333146072,0.0011936148822339642
156,1.8411999702453614,0.7747110900901892,0.0031200408935546874,0.006240081787109375,0.0001,"(50,)",4,"{'NN__alpha': 0.0001, 'NN__hidden_layer_sizes': (50,), 'pca__n_components': 4}",0.9330067522838608,0.935646186440678,0.9396106475963448,0.9397430803867037,0.9359025294662958,0.9367816091954023,0.0025724150710839653,137,0.937030292997848,0.9379262398199033,0.9361406296553779,0.9370344622107458,0.9378289800377396,0.9371921209443229,0.0006482589790525995
157,4.385600185394287,1.91805772453479,0.006239986419677735,0.007642391366541052,0.0001,"(50,)",5,"{'NN__alpha': 0.0001, 'NN__hidden_layer_sizes': (50,), 'pca__n_components': 5}",0.9507480471335893,0.9612023305084746,0.9557674480201298,0.9613296252152033,0.9541782545358231,0.9566449494146936,0.004107291495581216,89,0.9512332395298791,0.961894987750778,0.9524944549276658,0.9588505975436157,0.9584202337206608,0.9565787026945198,0.0040514364314540065
158,3.0402799606323243,1.389984821298396,0.003119945526123047,0.006239891052246094,0.0001,"(50,)",6,"{'NN__alpha': 0.0001, 'NN__hidden_layer_sizes': (50,), 'pca__n_components': 6}",0.9605454786177677,0.9486228813559322,0.9598728645212554,0.951794464309363,0.951794464309363,0.9545261931246358,0.004787432990292652,92,0.9626882966396292,0.9495795537310469,0.9593802760949449,0.9520971960141689,0.9580229748071639,0.9563536594573907,0.004818311730751241
159,4.831959915161133,1.295079335401871,0.012480020523071289,0.0062400102622188576,0.0001,"(50,)",7,"{'NN__alpha': 0.0001, 'NN__hidden_layer_sizes': (50,), 'pca__n_components': 7}",0.9639878194095062,0.9541843220338984,0.9645080121838168,0.9634485498609455,0.9596079989405377,0.9611473065310663,0.00388622581069952,81,0.9670584340341003,0.956995298947229,0.9623597179461714,0.9601085841030225,0.9641804879663655,0.9621405045993777,0.003435038825408571
160,3.9336000442504884,1.2893285178418115,0.012480020523071289,0.006240010264040759,0.0001,"(50,)",8,"{'NN__alpha': 0.0001, 'NN__hidden_layer_sizes': (50,), 'pca__n_components': 8}",0.9617370581226002,0.9565677966101694,0.9649053105548934,0.9596079989405377,0.9547079856972587,0.9595052704062715,0.0036274451132884,84,0.9661314351928488,0.9599417334304443,0.9631542357731652,0.9576919257125832,0.9609362068394743,0.9615711073897032,0.0028778079797846584
161,1.8558800220489502,0.37169737558546967,0.0031200408935546874,0.006240081787109375,0.0001,"(25, 25)",2,"{'NN__alpha': 0.0001, 'NN__hidden_layer_sizes': (25, 25), 'pca__n_components': 2}",0.9274460479279757,0.9329978813559322,0.9366971262084492,0.9284862932061978,0.9340484704012714,0.9319349541818952,0.003473306294251864,184,0.9337526899519947,0.9324637489240548,0.9308107392326282,0.9343860694541001,0.9326315092528222,0.93280895136312,0.0012264946915429898
162,1.6321601390838623,0.38328680221774486,0.009359979629516601,0.007642391366541051,0.0001,"(25, 25)",3,"{'NN__alpha': 0.0001, 'NN__hidden_layer_sizes': (25, 25), 'pca__n_components': 3}",0.9334039454521382,0.9372351694915254,0.9366971262084492,0.9357700966759369,0.9360349622566547,0.9358281688648763,0.0013159683421072688,154,0.9373944711140539,0.9363371515592929,0.9336908663554805,0.9360744198364618,0.9358095805607972,0.9358612978852173,0.0012112741672945639
163,3.0800399780273438,0.9864929057400448,0.00019998550415039061,0.00039997100830078123,0.0001,"(25, 25)",4,"{'NN__alpha': 0.0001, 'NN__hidden_layer_sizes': (25, 25), 'pca__n_components': 4}",0.9365814907983583,0.9360434322033898,0.940670109919216,0.9385511852734737,0.9386836180638326,0.9381058318766884,0.001654381932393318,125,0.9408376096672736,0.9389194199827848,0.9368027278445393,0.9387228125931075,0.9419339888105406,0.9394433117796492,0.0017840293653767615
164,4.277200174331665,0.7283040186464901,0.0,0.0,0.0001,"(25, 25)",5,"{'NN__alpha': 0.0001, 'NN__hidden_layer_sizes': (25, 25), 'pca__n_components': 5}",0.9613398649543228,0.9633209745762712,0.9646404449741756,0.9655674745066879,0.9611971924248444,0.9632130939138726,0.001741530865870415,53,0.9636152954808807,0.9647421042177051,0.9641473830569074,0.9645115370609462,0.9656702088919786,0.9645373057416837,0.0006823809214456542
165,4.088599967956543,0.7455345027456746,0.0031200408935546874,0.006240081787109375,0.0001,"(25, 25)",6,"{'NN__alpha': 0.0001, 'NN__hidden_layer_sizes': (25, 25), 'pca__n_components': 6}",0.9586919104991394,0.9608050847457628,0.9611971924248444,0.9651701761356112,0.9613296252152033,0.9614386355209492,0.002094791938737544,78,0.9610329415659659,0.9643448321525525,0.9629225014069587,0.9633528652299136,0.9650743205217334,0.9633454921754249,0.0013794487097630412
166,5.122000026702881,0.6606876349472222,0.0031199932098388674,0.006239986419677735,0.0001,"(25, 25)",7,"{'NN__alpha': 0.0001, 'NN__hidden_layer_sizes': (25, 25), 'pca__n_components': 7}",0.9657089898053753,0.964645127118644,0.964243146603099,0.969143159846378,0.965435041716329,0.965835054822819,0.0017360043677454708,29,0.9695745737460685,0.9694762629941072,0.9637832290528685,0.9682854967391664,0.9719270367795544,0.968609319862353,0.0026865057198118456
167,5.420440053939819,1.035876586092879,0.006239986419677735,0.007642391365053469,0.0001,"(25, 25)",8,"{'NN__alpha': 0.0001, 'NN__hidden_layer_sizes': (25, 25), 'pca__n_components': 8}",0.9672977624784854,0.9661016949152542,0.96291881869951,0.9694080254270957,0.9668918024102768,0.9665236506170878,0.0021083490690191413,23,0.9708326436020527,0.9697411110375422,0.9628893964975006,0.9698745323931539,0.9721587711457609,0.9690992909352021,0.003223062267961013
168,2.6280399322509767,0.8034002497865178,0.006239986419677735,0.007642391366541052,0.0001,"(50, 50)",2,"{'NN__alpha': 0.0001, 'NN__hidden_layer_sizes': (50, 50), 'pca__n_components': 2}",0.9263868661459023,0.9308792372881356,0.9386836180638326,0.9284862932061978,0.9351079327241425,0.9319084697282695,0.004458659742635776,185,0.9333885118357887,0.9309077666688738,0.9319032012447446,0.9333598172608998,0.9322342503393253,0.9323587094699264,0.0009371149931793923
169,3.524879884719849,1.384432042120625,0.009360122680664062,0.007642508165826269,0.0001,"(50, 50)",3,"{'NN__alpha': 0.0001, 'NN__hidden_layer_sizes': (50, 50), 'pca__n_components': 3}",0.9363166953528399,0.9389565677966102,0.9368295589988082,0.9373592901602437,0.9370944245795259,0.9373112982679167,0.0008919485793681791,132,0.9393146829995034,0.9381248758524796,0.932995663256861,0.9382593438606945,0.9375641407620751,0.9372517413463228,0.0022020512735082473
170,4.406319952011108,1.4532122044101345,0.009359931945800782,0.007642352431958399,0.0001,"(50, 50)",4,"{'NN__alpha': 0.0001, 'NN__hidden_layer_sizes': (50, 50), 'pca__n_components': 4}",0.9364490930755991,0.9359110169491526,0.9408025427095749,0.9431863329360349,0.9373592901602437,0.9387414587637057,0.002799322929343546,120,0.9401754676378083,0.9387538899556379,0.9379613996755719,0.9412718906213792,0.9408084218889662,0.9397942139558728,0.0012489181431031102
171,5.571000051498413,2.265686115020188,0.009359931945800782,0.0076423524319583986,0.0001,"(50, 50)",5,"{'NN__alpha': 0.0001, 'NN__hidden_layer_sizes': (50, 50), 'pca__n_components': 5}",0.9600158877267311,0.9574947033898306,0.96411071381274,0.9659647728777645,0.96053502847305,0.9616240266963293,0.003028145614172668,77,0.9633173315676212,0.9594120373435742,0.9633859701393717,0.9666633561757209,0.9659350481676433,0.9637427486787862,0.002545563062019355
172,6.565159940719605,1.209648376761231,0.012480068206787109,0.006240034104304502,0.0001,"(50, 50)",6,"{'NN__alpha': 0.0001, 'NN__hidden_layer_sizes': (50, 50), 'pca__n_components': 6}",0.9605454786177677,0.9608050847457628,0.9667593696199179,0.9650377433452523,0.9607998940537678,0.962789342655861,0.0025979108665149676,59,0.9650057937427579,0.965768390386016,0.9649419008839011,0.9636839143244943,0.9668619856324693,0.9652523969939277,0.0010463635743032237
173,5.4169200420379635,0.7876896239389498,0.009360027313232423,0.007642430299140262,0.0001,"(50, 50)",7,"{'NN__alpha': 0.0001, 'NN__hidden_layer_sizes': (50, 50), 'pca__n_components': 7}",0.9682245465377995,0.965572033898305,0.9659647728777645,0.9686134286849424,0.9664945040392001,0.966973886328725,0.0012219360865137869,20,0.9709650720079457,0.9679533867443554,0.9653391597973979,0.9694110636607409,0.9710663091336446,0.9689469982688168,0.002134629670163558
174,6.329760026931763,1.2077549880182223,0.0031200408935546874,0.006240081787109375,0.0001,"(50, 50)",8,"{'NN__alpha': 0.0001, 'NN__hidden_layer_sizes': (50, 50), 'pca__n_components': 8}",0.9649146034688203,0.9649099576271186,0.9675539663620712,0.9709972189114024,0.9660972056681234,0.9668944329678478,0.0022698364779374677,22,0.9698063234563814,0.9714295173144408,0.9664978316284305,0.9720594564173867,0.9727877644254643,0.9705161786484208,0.0022372752579970195
175,2.8743200302124023,0.8454710294233985,0.015600013732910156,1.784161275279017e-07,0.0001,"(100, 100)",2,"{'NN__alpha': 0.0001, 'NN__hidden_layer_sizes': (100, 100), 'pca__n_components': 2}",0.925327684363829,0.9345868644067796,0.9370944245795259,0.929678188319428,0.9336511720301947,0.9320673764500238,0.004129532827394412,183,0.933421618937262,0.9335231410977951,0.9302479557718409,0.932995663256861,0.9323004601582414,0.9324977678444,0.0012044397599846944
176,4.213200092315674,1.0308534777134983,0.015999984741210938,0.000799918180073268,0.0001,"(100, 100)",3,"{'NN__alpha': 0.0001, 'NN__hidden_layer_sizes': (100, 100), 'pca__n_components': 3}",0.9343307295114524,0.9361758474576272,0.9377565885313204,0.9368295589988082,0.9374917229506026,0.9365167646591451,0.0012232095545858768,143,0.938520112564145,0.936436469575581,0.9350812725527196,0.9371999867580362,0.9386566027741914,0.9371788888449346,0.0013367232416998595
177,4.248319959640503,2.8700357198626296,0.015600109100341797,1.1680077279964342e-07,0.0001,"(100, 100)",4,"{'NN__alpha': 0.0001, 'NN__hidden_layer_sizes': (100, 100), 'pca__n_components': 4}",0.9373758771349133,0.9363082627118644,0.940670109919216,0.9382863196927559,0.9413322738710105,0.9387944276709571,0.0019188648447047729,118,0.9396788611157093,0.9388863139773554,0.9375641407620751,0.9388552322309398,0.9462707319495481,0.9402510560071257,0.0030852638072493997
178,8.049880123138427,1.662461127884872,0.015599870681762695,1.1680077279964342e-07,0.0001,"(100, 100)",5,"{'NN__alpha': 0.0001, 'NN__hidden_layer_sizes': (100, 100), 'pca__n_components': 5}",0.962266649013637,0.9622616525423728,0.9662296384584823,0.9659647728777645,0.9614620580055622,0.9636368451718841,0.0020317098052360523,50,0.9672239695414666,0.9643779381579819,0.9648756910649849,0.9647101665176946,0.968550336014831,0.9659476202593918,0.001646051193226566
179,9.348000097274781,1.747448045521799,0.015599918365478516,9.5367431640625e-08,0.0001,"(100, 100)",6,"{'NN__alpha': 0.0001, 'NN__hidden_layer_sizes': (100, 100), 'pca__n_components': 6}",0.9642526148550244,0.963718220338983,0.9674215335717123,0.9674215335717123,0.960402595682691,0.9646432544096615,0.0026239878868927124,36,0.9674226121503062,0.9666953585380388,0.9675240838216308,0.9680537623729599,0.9664978316284305,0.9672387297022732,0.0005698596599797157
180,9.395200061798096,2.797141939031202,0.018719959259033202,0.006239986421499643,0.0001,"(100, 100)",7,"{'NN__alpha': 0.0001, 'NN__hidden_layer_sizes': (100, 100), 'pca__n_components': 7}",0.9687541374288362,0.9713983050847458,0.966626936829559,0.969143159846378,0.9676863991524302,0.9687218602680226,0.0016001692149288052,8,0.9729183909948684,0.9754353439713964,0.9677227132783792,0.9699738471215281,0.9754692620915681,0.9723039114915479,0.003053505391961029
181,9.473600101470947,2.3547717029989896,0.01247997283935547,0.006239986423321552,0.0001,"(100, 100)",8,"{'NN__alpha': 0.0001, 'NN__hidden_layer_sizes': (100, 100), 'pca__n_components': 8}",0.9710048987157421,0.9695444915254238,0.967951264733148,0.9692755926367369,0.9686134286849424,0.9692780337941628,0.0010252283533375988,3,0.9754345307068366,0.9739786797325035,0.9688151752904955,0.9693779587512829,0.9742112755321615,0.972363524002656,0.0027187634827939293
182,2.646959972381592,0.5076943079966475,0.0031199932098388674,0.006239986419677735,0.0001,"(25, 25, 25)",2,"{'NN__alpha': 0.0001, 'NN__hidden_layer_sizes': (25, 25, 25), 'pca__n_components': 2}",0.9294320137693631,0.9336599576271186,0.9364322606277314,0.9294133227387101,0.9341809031916303,0.932623549976164,0.002774779636160142,171,0.9342161893726204,0.9329603390054956,0.9308107392326282,0.9331280828946933,0.9326646141622803,0.9327559929335436,0.0011049655141917901
183,2.422520112991333,0.8028847914546638,0.012479877471923828,0.006239938736872875,0.0001,"(25, 25, 25)",3,"{'NN__alpha': 0.0001, 'NN__hidden_layer_sizes': (25, 25, 25), 'pca__n_components': 3}",0.9334039454521382,0.9353813559322034,0.9362998278373725,0.9365646934180903,0.9362998278373725,0.9355898087822448,0.0011645460693187476,160,0.9370634000993213,0.9373303317221744,0.9347833283675969,0.9364054689310425,0.9372330916674942,0.936563124157526,0.0009466010937974667
184,3.186320114135742,2.0257483410169037,0.006240081787109375,0.007642508165826268,0.0001,"(25, 25, 25)",4,"{'NN__alpha': 0.0001, 'NN__hidden_layer_sizes': (25, 25, 25), 'pca__n_components': 4}",0.9351251158480074,0.9371027542372882,0.939345782015627,0.9392133492252682,0.9427890345649583,0.93871497431008,0.0025585838635956803,121,0.9394471114053965,0.9411375223465537,0.9360744198364618,0.9370013573012878,0.9452113748468898,0.9397743571473178,0.0032528613512358465
185,4.93452000617981,0.1904034123875809,0.009360027313232423,0.007642430299140261,0.0001,"(25, 25, 25)",5,"{'NN__alpha': 0.0001, 'NN__hidden_layer_sizes': (25, 25, 25), 'pca__n_components': 5}",0.9620018535681186,0.9623940677966102,0.9613296252152033,0.9664945040392001,0.9602701628923321,0.9624980136659781,0.002123941614150847,64,0.9653368647574905,0.9649738462557108,0.9639156486907008,0.9649419008839011,0.9664647267189724,0.9651265974613551,0.0008195907427019657
186,4.4037199974060055,0.7492032000404589,0.0031199932098388674,0.006239986419677735,0.0001,"(25, 25, 25)",6,"{'NN__alpha': 0.0001, 'NN__hidden_layer_sizes': (25, 25, 25), 'pca__n_components': 6}",0.9621342512908778,0.9597457627118644,0.9655674745066879,0.9625215203284333,0.9606674612634089,0.9621272313152179,0.001989587195283836,69,0.9665949346134746,0.9628219559028007,0.9640480683285331,0.9639156486907008,0.9650081107028172,0.9644777436476651,0.0012653846431385923
187,5.923559999465942,1.2835683371862119,0.0031199932098388674,0.006239986419677735,0.0001,"(25, 25, 25)",7,"{'NN__alpha': 0.0001, 'NN__hidden_layer_sizes': (25, 25, 25), 'pca__n_components': 7}",0.9698133192109095,0.965572033898305,0.9645080121838168,0.9707323533306846,0.967951264733148,0.9677154510302453,0.002384943343174511,14,0.9729183909948684,0.9692776269615309,0.9646439566987784,0.9722580858741351,0.9739464362564968,0.9706088993571619,0.003362901944927815
188,5.686840009689331,0.9846025033134915,0.0031199932098388674,0.006239986419677735,0.0001,"(25, 25, 25)",8,"{'NN__alpha': 0.0001, 'NN__hidden_layer_sizes': (25, 25, 25), 'pca__n_components': 8}",0.9719316827750563,0.9642478813559322,0.9631836842802278,0.9700701893788902,0.966626936829559,0.9672122464113565,0.0033407456343948136,18,0.9735805330243337,0.9673905846520559,0.9652067401595656,0.9733174429767935,0.9728208693349224,0.9704632340295343,0.003478344662989583
189,5.266640090942383,2.238469341787413,0.01247997283935547,0.006239986421499643,0.0001,"(100, 25, 100)",2,"{'NN__alpha': 0.0001, 'NN__hidden_layer_sizes': (100, 25, 100), 'pca__n_components': 2}",0.9265192638686615,0.934322033898305,0.9392133492252682,0.9276916964640445,0.9347106343530658,0.9324911277080353,0.0047363565025583115,173,0.9331567621254759,0.9342514732172416,0.9319032012447446,0.9342867547257259,0.9334260270798159,0.9334048436786008,0.0008730947100270201
190,4.594040060043335,1.8168783168800557,0.015600061416625977,1.9073486328124998e-07,0.0001,"(100, 25, 100)",3,"{'NN__alpha': 0.0001, 'NN__hidden_layer_sizes': (100, 25, 100), 'pca__n_components': 3}",0.9344631272342115,0.9376324152542372,0.9382863196927559,0.9372268573698848,0.9373592901602437,0.936993484824408,0.0013169434903689636,134,0.9379241847376262,0.9367675296298749,0.9350150627338034,0.9383255536796107,0.9388552322309398,0.9373775126023709,0.001366348141323139
191,4.185520029067993,1.4402052286432594,0.015600061416625977,1.1680077279964342e-07,0.0001,"(100, 25, 100)",4,"{'NN__alpha': 0.0001, 'NN__hidden_layer_sizes': (100, 25, 100), 'pca__n_components': 4}",0.9371110816893949,0.9373675847457628,0.9413322738710105,0.9413322738710105,0.938153886902397,0.9390592722072144,0.0018873270803061275,116,0.9423936434365171,0.9400781301728134,0.9361075247459199,0.9406760022511338,0.9411063660740888,0.9400723333360947,0.0021232927826652344
192,7.054800033569336,1.3208215329233548,0.015600061416625977,1.9073486328124998e-07,0.0001,"(100, 25, 100)",5,"{'NN__alpha': 0.0001, 'NN__hidden_layer_sizes': (100, 25, 100), 'pca__n_components': 5}",0.9617370581226002,0.9633209745762712,0.9658323400874056,0.966626936829559,0.9609323268441267,0.9636898140791356,0.002225722438538515,47,0.9656679357722231,0.9658346023968748,0.9659681530771014,0.9683517065580826,0.9673916641837984,0.9666428123976161,0.0010526016614216499
193,6.470959997177124,1.4924686015666635,0.015600109100341797,1.1680077279964342e-07,0.0001,"(100, 25, 100)",6,"{'NN__alpha': 0.0001, 'NN__hidden_layer_sizes': (100, 25, 100), 'pca__n_components': 6}",0.962266649013637,0.9619968220338984,0.965435041716329,0.9630512514898689,0.9607998940537678,0.9627098892949838,0.0015424115366743177,61,0.9694421453401755,0.9660994504403099,0.9643791174231139,0.9631542357731652,0.9664978316284305,0.965914556121039,0.0021351919044320876
194,9.838840007781982,1.0297326336387742,0.015600109100341797,1.1680077279964342e-07,0.0001,"(100, 25, 100)",7,"{'NN__alpha': 0.0001, 'NN__hidden_layer_sizes': (100, 25, 100), 'pca__n_components': 7}",0.9699457169336687,0.9717955508474576,0.9651701761356112,0.9727188451860681,0.9682161303138657,0.9695693627840458,0.002690676269326624,2,0.9753352094024168,0.9766271601668542,0.9672923494554242,0.9760320455523555,0.9769258781077234,0.9744425285369548,0.003616300452583041
195,8.130200052261353,2.046802244867971,0.015600013732910156,9.5367431640625e-08,0.0001,"(100, 25, 100)",8,"{'NN__alpha': 0.0001, 'NN__hidden_layer_sizes': (100, 25, 100), 'pca__n_components': 8}",0.9698133192109095,0.9691472457627118,0.9663620712488412,0.9719242484439147,0.9688782942656602,0.9692250648869114,0.001786252953684488,5,0.9747723886773713,0.9746407998410912,0.9661667825338498,0.9780183401198398,0.9754692620915681,0.973813514652744,0.004012440879714037
