,x,y,target
0,-55.09062957763672,-29.073657989501953,0.0
1,-1.118100881576538,21.513547897338867,1.0
2,16.828189849853516,12.106606483459473,2.0
3,12.219871520996094,-31.02151107788086,3.0
4,-8.873382568359375,45.971717834472656,4.0
5,2.3194785118103027,-34.57579803466797,5.0
6,-35.36359786987305,16.81749153137207,6.0
7,28.88294219970703,42.80510711669922,7.0
8,8.729775428771973,-4.407317638397217,8.0
9,1.8516665697097778,-32.9316291809082,9.0
10,-49.29889678955078,-25.403560638427734,0.0
11,-2.8598031997680664,30.26711082458496,1.0
12,47.58608627319336,-11.515682220458984,2.0
13,25.59693717956543,-31.920473098754883,3.0
14,-3.9317994117736816,49.41729736328125,4.0
15,-11.985427856445312,1.435428500175476,5.0
16,-41.370521545410156,20.816843032836914,6.0
17,30.56627655029297,38.421634674072266,7.0
18,16.267988204956055,1.8351939916610718,8.0
19,3.6210644245147705,-38.17851638793945,9.0
20,-56.46456527709961,-15.876072883605957,0.0
21,-1.4696555137634277,28.91868019104004,1.0
22,46.20887756347656,-10.390345573425293,2.0
23,25.2154541015625,-27.434818267822266,3.0
24,-8.4174165725708,44.104454040527344,4.0
25,-18.280162811279297,-5.022082328796387,5.0
26,-35.344303131103516,15.455891609191895,6.0
27,25.383150100708008,44.86304473876953,7.0
28,12.025405883789062,0.7688303589820862,8.0
29,3.5999042987823486,-37.95878601074219,9.0
30,-55.86922836303711,-32.39857864379883,0.0
31,3.5572187900543213,-38.319252014160156,9.0
32,-16.552587509155273,-11.148944854736328,5.0
33,-11.118582725524902,1.057876706123352,5.0
34,-38.813453674316406,19.306961059570312,6.0
35,-10.882229804992676,-1.2718843221664429,5.0
36,-51.59133529663086,-16.6477108001709,0.0
37,6.522890090942383,-29.098365783691406,9.0
38,17.76686668395996,2.430084228515625,8.0
39,-7.3170695304870605,-40.198387145996094,9.0
40,14.816391944885254,0.22699490189552307,8.0
41,-4.368006706237793,50.570167541503906,4.0
42,-3.5915112495422363,29.585186004638672,1.0
43,30.84928321838379,40.64592742919922,7.0
44,32.88352584838867,29.333980560302734,7.0
45,20.821317672729492,-31.927711486816406,3.0
46,-10.398726463317871,-1.7115797996520996,5.0
47,-2.868856906890869,27.119173049926758,1.0
48,-57.24643325805664,-22.73011016845703,0.0
49,-60.84244155883789,-19.690351486206055,0.0
50,17.912710189819336,11.458793640136719,2.0
51,17.376646041870117,13.271960258483887,2.0
52,26.259918212890625,44.110076904296875,7.0
53,10.801634788513184,0.3867590129375458,8.0
54,17.501949310302734,13.596199989318848,2.0
55,-55.756614685058594,-16.117141723632812,0.0
56,-2.3963634967803955,28.161903381347656,1.0
57,16.832660675048828,12.239256858825684,2.0
58,-36.129642486572266,14.717584609985352,6.0
59,21.558128356933594,-28.549959182739258,3.0
60,20.84130859375,-31.31988525390625,3.0
61,30.996400833129883,39.06226348876953,7.0
62,21.56034278869629,-31.144805908203125,3.0
63,26.360227584838867,-31.023305892944336,3.0
64,-7.245753765106201,48.09569549560547,4.0
65,-38.74692153930664,15.968868255615234,6.0
66,-44.79487609863281,23.65399169921875,6.0
67,-55.05594253540039,18.68394660949707,6.0
68,-0.41875043511390686,53.16002655029297,4.0
69,21.947952270507812,6.963281631469727,9.0
70,-2.7952678203582764,26.15645408630371,1.0
71,-16.793540954589844,-11.997631072998047,5.0
72,-57.60820007324219,-16.643779754638672,0.0
73,2.7159359455108643,-35.45845413208008,9.0
74,-8.565957069396973,-9.030012130737305,5.0
75,16.90162467956543,13.383673667907715,2.0
76,13.564858436584473,-2.2585527896881104,8.0
77,17.420516967773438,14.184362411499023,2.0
78,-62.46988296508789,-21.557891845703125,0.0
79,-62.98833465576172,-24.192407608032227,0.0
80,-2.5079457759857178,28.54427146911621,1.0
81,32.192317962646484,32.536197662353516,7.0
82,-36.121551513671875,16.559663772583008,6.0
83,26.2957763671875,-30.014509201049805,3.0
84,46.01228332519531,-4.0148162841796875,2.0
85,-4.001056671142578,27.942556381225586,1.0
86,24.71045684814453,44.872657775878906,7.0
87,-3.4330334663391113,19.387475967407227,4.0
88,-37.47077560424805,17.271434783935547,6.0
89,21.97063446044922,-30.693655014038086,3.0
90,-3.598328113555908,29.611616134643555,1.0
91,28.087642669677734,-30.84337043762207,3.0
92,-8.848271369934082,-40.50410842895508,9.0
93,-1.29039466381073,21.59838104248047,1.0
94,30.128353118896484,36.561058044433594,7.0
95,-33.320011138916016,16.63164520263672,6.0
96,15.45203971862793,3.7256033420562744,8.0
97,-8.922551155090332,44.70676803588867,4.0
98,26.664716720581055,-30.896923065185547,3.0
99,2.048170804977417,12.614965438842773,1.0
100,-8.727410316467285,44.900028228759766,4.0
101,-59.14033508300781,-15.995518684387207,0.0
102,-20.12546730041504,-8.201377868652344,5.0
103,28.1590576171875,-24.935874938964844,3.0
104,-33.552799224853516,15.8868408203125,6.0
105,1.1901922225952148,-38.268856048583984,9.0
106,-35.699947357177734,18.785722732543945,6.0
107,-2.979048013687134,31.4445858001709,1.0
108,30.8725528717041,40.15951919555664,7.0
109,-18.50547218322754,-6.1090826988220215,5.0
110,-0.5098317265510559,55.500648498535156,4.0
111,-1.0781854391098022,53.661930084228516,4.0
112,30.84035873413086,35.85759353637695,7.0
113,33.49404525756836,-3.2060115337371826,2.0
114,11.526814460754395,-1.3357484340667725,8.0
115,17.991655349731445,11.669337272644043,2.0
116,18.176910400390625,11.28822135925293,2.0
117,-13.8722505569458,0.35114485025405884,5.0
118,28.634876251220703,39.78329086303711,7.0
119,0.26661673188209534,-39.06462478637695,9.0
120,-8.513171195983887,-8.861477851867676,5.0
121,-0.914425790309906,52.01723861694336,4.0
122,12.870017051696777,2.037337064743042,8.0
123,8.048795700073242,-2.2047154903411865,8.0
124,-4.399535655975342,50.8999137878418,4.0
125,-1.5811560153961182,-26.331880569458008,9.0
126,-57.123016357421875,-16.820098876953125,0.0
127,16.904098510742188,3.1491737365722656,8.0
128,-14.33229923248291,-34.2504768371582,9.0
129,2.314081907272339,11.017145156860352,8.0
130,-55.468482971191406,-22.579437255859375,0.0
131,1.1475005149841309,32.389808654785156,1.0
132,45.07538986206055,0.3123435974121094,2.0
133,27.811254501342773,-29.65464210510254,3.0
134,-10.408321380615234,39.36758041381836,4.0
135,-13.949654579162598,1.940180778503418,5.0
136,-52.202693939208984,16.68754768371582,6.0
137,32.92545700073242,37.18537521362305,7.0
138,16.21823501586914,-6.300677299499512,8.0
139,0.33528655767440796,-37.135711669921875,9.0
140,-52.92045211791992,-17.86641502380371,0.0
141,-1.8140976428985596,32.215816497802734,1.0
142,35.61833572387695,-3.8904623985290527,2.0
143,27.28423500061035,-32.541839599609375,3.0
144,-12.666467666625977,39.87467575073242,4.0
145,-12.392916679382324,0.5181691646575928,5.0
146,-41.84071731567383,16.320817947387695,6.0
147,33.1051139831543,37.58200454711914,7.0
148,10.472394943237305,-5.378978729248047,8.0
149,0.5917263627052307,-34.828346252441406,9.0
150,-60.64350509643555,-17.970890045166016,0.0
151,-1.0751655101776123,32.97356033325195,1.0
152,39.31081008911133,-10.273627281188965,2.0
153,27.28768539428711,-29.214576721191406,3.0
154,-11.956161499023438,41.43217086791992,4.0
155,-16.23298454284668,3.244915008544922,5.0
156,-38.10334777832031,16.988658905029297,6.0
157,37.024993896484375,37.79780960083008,7.0
158,8.920685768127441,1.6877073049545288,8.0
159,1.063004493713379,-36.102359771728516,9.0
160,-49.8570671081543,-19.93639373779297,0.0
161,1.663656234741211,-36.534942626953125,9.0
162,-12.593701362609863,0.7587857246398926,5.0
163,-12.681479454040527,3.988612651824951,5.0
164,-54.702247619628906,17.00532341003418,6.0
165,-14.860594749450684,0.26602625846862793,5.0
166,-52.51105880737305,-21.91135597229004,0.0
167,-0.24581874907016754,-40.24045181274414,9.0
168,16.316822052001953,-6.295708656311035,8.0
169,0.3230811059474945,-37.653812408447266,9.0
170,13.594389915466309,6.275154113769531,8.0
171,-14.18581485748291,40.81446075439453,4.0
172,0.05560734122991562,31.626731872558594,1.0
173,25.917705535888672,42.62713623046875,7.0
174,24.349458694458008,38.34603500366211,7.0
175,23.71190071105957,-29.438451766967773,3.0
176,-12.152470588684082,2.0045816898345947,5.0
177,-0.1410875916481018,32.73580551147461,1.0
178,-62.82857131958008,-25.484745025634766,0.0
179,-55.468223571777344,-15.221057891845703,0.0
180,40.75397872924805,-6.374056816101074,2.0
181,39.29969024658203,-4.773098945617676,2.0
182,33.619285583496094,36.033424377441406,7.0
183,8.50243091583252,-3.246312379837036,8.0
184,50.52378845214844,-5.047985553741455,2.0
185,-56.48469161987305,-16.796707153320312,0.0
186,-0.6338847875595093,29.463972091674805,1.0
187,45.434871673583984,-6.413308143615723,2.0
188,-51.98793411254883,18.46566390991211,6.0
189,27.0667667388916,-32.59846878051758,3.0
190,25.57942008972168,-30.16489601135254,3.0
191,38.949527740478516,35.71765899658203,7.0
192,25.563451766967773,-27.768611907958984,3.0
193,24.66796875,-30.814844131469727,3.0
194,-13.19185733795166,43.50768280029297,4.0
195,-37.92306137084961,15.933990478515625,6.0
196,-51.82190704345703,18.562772750854492,6.0
197,-53.473670959472656,16.523048400878906,6.0
198,-15.448272705078125,43.382835388183594,4.0
199,1.51345694065094,-34.60255432128906,9.0
200,-3.7412986755371094,31.006927490234375,1.0
201,-14.211214065551758,1.086529016494751,5.0
202,-59.0243034362793,-18.323915481567383,0.0
203,-3.0562148094177246,-30.97723388671875,9.0
204,-14.912951469421387,3.1612627506256104,5.0
205,39.03036117553711,-10.38204574584961,2.0
206,13.648685455322266,6.158282279968262,8.0
207,39.6192512512207,-5.657054901123047,2.0
208,-55.236427307128906,-16.700904846191406,0.0
209,-59.122222900390625,-16.360685348510742,0.0
210,-0.5155344605445862,31.674699783325195,1.0
211,37.181617736816406,27.365957260131836,7.0
212,-55.007476806640625,18.307615280151367,6.0
213,26.349040985107422,-30.097152709960938,3.0
214,40.14860153198242,-5.306763648986816,2.0
215,-4.303216934204102,32.006187438964844,1.0
216,37.97377014160156,36.24724578857422,7.0
217,22.944278717041016,-31.10343360900879,3.0
218,-0.920820415019989,33.00764465332031,1.0
219,24.9953556060791,-30.52383041381836,3.0
220,-3.3562161922454834,-30.8430118560791,9.0
221,-1.2568578720092773,30.172922134399414,1.0
222,25.84246253967285,41.497657775878906,7.0
223,-39.380821228027344,19.968671798706055,6.0
224,6.1551713943481445,-1.9255856275558472,8.0
225,-13.442017555236816,40.733619689941406,4.0
226,26.865379333496094,-29.009662628173828,3.0
227,-3.1925699710845947,30.73612403869629,1.0
228,-12.865134239196777,40.910133361816406,4.0
229,-63.38303756713867,-24.586950302124023,0.0
230,-14.205745697021484,0.04611900821328163,5.0
231,19.141645431518555,33.10697937011719,3.0
232,-43.6472282409668,11.802521705627441,6.0
233,1.4689522981643677,-35.63933181762695,9.0
234,-50.67511749267578,14.040605545043945,6.0
235,-0.9204568266868591,31.14337158203125,1.0
236,36.288902282714844,33.1655158996582,7.0
237,-15.800570487976074,-1.1036607027053833,5.0
238,-15.39062786102295,43.46976852416992,4.0
239,-11.472329139709473,41.29817199707031,4.0
240,37.527679443359375,36.766544342041016,7.0
241,50.74428176879883,-4.384416580200195,2.0
242,9.513053894042969,1.2793818712234497,8.0
243,46.01072692871094,1.1621813774108887,2.0
244,40.64810562133789,-6.733164310455322,2.0
245,-13.621139526367188,2.2892494201660156,5.0
246,-13.235418319702148,1.6953197717666626,5.0
247,-10.671772003173828,41.587100982666016,4.0
248,9.028002738952637,-1.402590274810791,8.0
249,8.124532699584961,-2.2838804721832275,8.0
250,-12.632431983947754,40.02162170410156,4.0
251,-0.8008702397346497,-30.618675231933594,9.0
252,-57.946533203125,-17.728147506713867,0.0
253,6.2606282234191895,-1.8882139921188354,8.0
254,1.079795479774475,-29.735240936279297,9.0
255,11.106884956359863,-1.7750991582870483,8.0
256,-48.916839599609375,-25.994285583496094,0.0
257,6.474221229553223,10.883334159851074,1.0
258,43.265445709228516,-5.606232643127441,2.0
259,11.756855964660645,-31.146888732910156,3.0
260,-1.6603504419326782,53.86581039428711,4.0
261,-15.674850463867188,-15.682055473327637,5.0
262,-51.61015319824219,13.759687423706055,6.0
263,15.59321117401123,43.66098403930664,7.0
264,9.556392669677734,-12.990486145019531,8.0
265,15.226831436157227,28.07468605041504,9.0
266,-60.91325378417969,-23.20796012878418,0.0
267,-4.774681568145752,30.215116500854492,1.0
268,43.50440216064453,-5.169231414794922,2.0
269,16.56682777404785,-34.75919723510742,3.0
270,-3.320639133453369,52.78374099731445,4.0
271,-13.244831085205078,-4.135737895965576,5.0
272,-49.39802932739258,15.745738983154297,6.0
273,33.485076904296875,33.35627746582031,7.0
274,17.325511932373047,-2.982462167739868,8.0
275,16.42986297607422,28.671234130859375,9.0
276,-54.32320022583008,-24.610641479492188,0.0
277,4.11897611618042,20.141132354736328,1.0
278,42.76011276245117,-0.4085148870944977,2.0
279,19.77513313293457,-35.323665618896484,3.0
280,-3.258802890777588,55.402278900146484,4.0
281,-17.09210205078125,-14.4493989944458,5.0
282,-54.9997673034668,16.93401336669922,6.0
283,14.940180778503418,43.6073112487793,7.0
284,17.353174209594727,-3.1591079235076904,8.0
285,-8.297325134277344,-36.78251266479492,9.0
286,-49.16115951538086,-26.4896240234375,0.0
287,-0.8655553460121155,-39.825443267822266,9.0
288,-15.896621704101562,-14.79650592803955,5.0
289,-20.405410766601562,-13.233701705932617,5.0
290,-45.60436248779297,17.19175148010254,6.0
291,-15.634944915771484,-24.621675491333008,5.0
292,-53.211822509765625,-32.013938903808594,0.0
293,-3.9973182678222656,-28.072229385375977,9.0
294,20.299177169799805,-8.770556449890137,8.0
295,-9.65180778503418,-32.0073356628418,9.0
296,14.340127944946289,-9.597617149353027,8.0
297,-5.967839241027832,51.456905364990234,4.0
298,2.935398817062378,8.272775650024414,1.0
299,34.32032012939453,33.982574462890625,7.0
300,23.514175415039062,38.970664978027344,7.0
301,16.989727020263672,-35.0319709777832,3.0
302,-14.926825523376465,-14.32265853881836,5.0
303,8.373001098632812,9.847052574157715,1.0
304,-57.239620208740234,-23.111949920654297,0.0
305,-55.691715240478516,-25.52898406982422,0.0
306,44.18727493286133,1.1624951362609863,2.0
307,40.46673583984375,-4.761669158935547,2.0
308,24.058231353759766,42.22412872314453,7.0
309,8.950094223022461,-12.845403671264648,8.0
310,42.724220275878906,-5.083519458770752,2.0
311,-55.39445114135742,-25.23174285888672,0.0
312,-4.16983699798584,31.730087280273438,1.0
313,44.57144546508789,-2.3658812046051025,2.0
314,-53.324954986572266,11.776378631591797,6.0
315,13.587002754211426,-32.28061294555664,3.0
316,17.86697006225586,-33.78782653808594,3.0
317,13.92402172088623,43.91963195800781,7.0
318,14.554157257080078,-34.0600700378418,3.0
319,15.202485084533691,-33.77657699584961,3.0
320,-3.886392593383789,53.634666442871094,4.0
321,-48.630523681640625,17.162147521972656,6.0
322,-48.48872756958008,17.12332534790039,6.0
323,-46.17225646972656,20.840333938598633,6.0
324,-4.906248092651367,56.53828811645508,4.0
325,14.97057056427002,29.796844482421875,9.0
326,4.495177268981934,11.639887809753418,1.0
327,28.014568328857422,-14.842437744140625,5.0
328,-54.59925842285156,-23.100753784179688,0.0
329,16.21577262878418,28.88088035583496,9.0
330,-16.075977325439453,-14.584321975708008,5.0
331,42.59693908691406,-4.398841857910156,2.0
332,10.971068382263184,-12.143865585327148,8.0
333,43.24052429199219,0.5215443968772888,2.0
334,-48.911380767822266,-24.650131225585938,0.0
335,-53.95310974121094,-23.857505798339844,0.0
336,4.02105188369751,20.451826095581055,1.0
337,29.454469680786133,37.23569107055664,7.0
338,-39.96468734741211,20.633024215698242,6.0
339,16.713008880615234,-34.78229904174805,3.0
340,40.41691589355469,-4.013556003570557,2.0
341,3.74017333984375,21.216495513916016,1.0
342,30.45958137512207,37.35970687866211,7.0
343,-3.41316819190979,52.86054611206055,4.0
344,-52.097923278808594,14.799009323120117,6.0
345,18.570993423461914,-33.269378662109375,3.0
346,7.420361042022705,11.53392505645752,1.0
347,14.176513671875,-30.622730255126953,3.0
348,15.588188171386719,28.5329647064209,9.0
349,4.740975379943848,13.529373168945312,1.0
350,35.46132278442383,35.726234436035156,7.0
351,-45.19706344604492,16.912399291992188,6.0
352,15.398103713989258,-5.133694171905518,8.0
353,-8.333941459655762,51.72527313232422,4.0
354,13.94711971282959,-30.617395401000977,3.0
355,7.477455139160156,14.4559907913208,1.0
356,1.0628224611282349,50.319026947021484,4.0
357,-58.956695556640625,-21.82542610168457,0.0
358,-19.396421432495117,-17.307090759277344,5.0
359,19.663007736206055,-35.39341354370117,3.0
360,-50.21250915527344,15.804964065551758,6.0
361,15.660629272460938,29.490371704101562,9.0
362,-47.82415771484375,17.33720588684082,6.0
363,0.8094009160995483,8.565703392028809,1.0
364,36.585411071777344,38.72158432006836,7.0
365,-18.087677001953125,-10.628110885620117,5.0
366,-13.164127349853516,50.6979866027832,4.0
367,-5.214509010314941,51.513328552246094,4.0
368,30.338571548461914,37.24087142944336,7.0
369,42.824214935302734,-5.632876396179199,2.0
370,13.296253204345703,-9.28889274597168,8.0
371,43.1054801940918,0.8295916318893433,2.0
372,46.352638244628906,-1.2172644138336182,2.0
373,-20.02033233642578,-13.838454246520996,5.0
374,24.67177391052246,40.05638122558594,7.0
375,7.851645469665527,35.44954299926758,9.0
376,-15.03927993774414,1.9947251081466675,5.0
377,-4.3316264152526855,54.629638671875,4.0
378,13.168402671813965,-14.313867568969727,8.0
379,14.477566719055176,-9.804473876953125,8.0
380,-4.275445461273193,50.40708541870117,4.0
381,7.136142730712891,36.16123962402344,9.0
382,-59.28403091430664,-22.406888961791992,0.0
383,17.179330825805664,-3.0309622287750244,8.0
384,15.175371170043945,28.7508487701416,9.0
385,22.723318099975586,-28.6467227935791,3.0
386,-63.814292907714844,-22.84953498840332,0.0
387,2.156924247741699,29.768421173095703,1.0
388,47.0622673034668,-10.187500953674316,2.0
389,18.57070541381836,-32.284183502197266,3.0
390,-14.40135669708252,43.987327575683594,4.0
391,-12.893257141113281,-10.951105117797852,5.0
392,-42.504703521728516,10.411394119262695,6.0
393,13.661487579345703,40.82505798339844,7.0
394,7.047940731048584,-10.283892631530762,8.0
395,-14.541165351867676,-34.453147888183594,9.0
396,-62.27969741821289,-24.454357147216797,0.0
397,-0.4489644169807434,25.39928436279297,1.0
398,48.93373489379883,-11.808710098266602,2.0
399,10.252874374389648,-32.5154914855957,3.0
400,-9.722160339355469,58.52297592163086,4.0
401,-13.616446495056152,-8.876657485961914,5.0
402,-41.94760513305664,10.466252326965332,6.0
403,14.046628952026367,42.029075622558594,7.0
404,15.781376838684082,-0.7970532774925232,8.0
405,0.6553899645805359,-40.57848358154297,9.0
406,-58.492801666259766,-18.163766860961914,0.0
407,-0.16742214560508728,27.345218658447266,1.0
408,48.03921890258789,-6.936506271362305,2.0
409,8.943140983581543,-40.53221130371094,3.0
410,-12.619219779968262,43.848724365234375,4.0
411,-13.478504180908203,-9.371790885925293,5.0
412,-41.36222839355469,12.365543365478516,6.0
413,13.595062255859375,43.016902923583984,7.0
414,3.9050467014312744,-10.805580139160156,8.0
415,0.49353060126304626,-40.78719711303711,9.0
416,-50.5427360534668,-18.29701805114746,0.0
417,-0.27553001046180725,-31.283458709716797,9.0
418,-12.847865104675293,-11.690424919128418,5.0
419,-14.624098777770996,-9.095804214477539,5.0
420,-41.48322296142578,10.747029304504395,6.0
421,-11.562198638916016,-12.04516315460205,5.0
422,-65.0501708984375,-23.068302154541016,0.0
423,-0.772428572177887,-32.1152458190918,9.0
424,9.24173641204834,-7.4893717765808105,8.0
425,-4.133669376373291,-34.58407211303711,9.0
426,9.32072925567627,-9.166396141052246,8.0
427,-10.63524055480957,43.230648040771484,4.0
428,-1.1823092699050903,28.19118309020996,1.0
429,13.44644832611084,41.266422271728516,7.0
430,15.987774848937988,42.41544723510742,7.0
431,9.560625076293945,-34.81059646606445,3.0
432,-12.899566650390625,-9.765880584716797,5.0
433,-0.7577819228172302,25.483779907226562,1.0
434,-62.675010681152344,-24.16907501220703,0.0
435,-59.92232894897461,-19.173221588134766,0.0
436,49.436832427978516,-15.609031677246094,2.0
437,47.03240203857422,-7.478117942810059,2.0
438,13.679162979125977,40.93450927734375,7.0
439,6.808755874633789,-13.011025428771973,8.0
440,47.1679801940918,-7.907063007354736,2.0
441,-58.306209564208984,-28.38290786743164,0.0
442,55.096275329589844,-17.001760482788086,1.0
443,48.76152420043945,-11.051409721374512,2.0
444,-45.08435821533203,12.4031343460083,6.0
445,9.125818252563477,-35.059879302978516,3.0
446,9.280233383178711,-31.100025177001953,3.0
447,12.879681587219238,43.80215072631836,7.0
448,9.73814582824707,-30.384687423706055,3.0
449,9.397616386413574,-31.340181350708008,3.0
450,-12.87804126739502,45.11434555053711,4.0
451,-41.7000732421875,12.571298599243164,6.0
452,-42.66354751586914,10.973055839538574,6.0
453,-41.82167053222656,12.62007999420166,6.0
454,-12.210189819335938,43.658714294433594,4.0
455,-4.680222988128662,-33.87114715576172,9.0
456,-0.743412435054779,28.704252243041992,1.0
457,-13.750960350036621,-13.5643892288208,5.0
458,-51.68120574951172,-20.864686965942383,0.0
459,-1.0923773050308228,-32.240360260009766,9.0
460,-14.274412155151367,-9.487271308898926,5.0
461,47.7078971862793,-9.998479843139648,2.0
462,8.114283561706543,-9.163349151611328,8.0
463,47.009559631347656,-6.252024173736572,2.0
464,-57.41382598876953,-29.628190994262695,0.0
465,-62.3419189453125,-20.10725212097168,0.0
466,-1.2677253484725952,25.159582138061523,1.0
467,12.716592788696289,42.17158126831055,7.0
468,-37.80628204345703,13.90658187866211,6.0
469,9.748978614807129,-31.816450119018555,3.0
470,49.1214714050293,-5.8154683113098145,2.0
471,-1.5990102291107178,24.707963943481445,1.0
472,17.66167449951172,40.108497619628906,7.0
473,-8.738457679748535,43.639427185058594,4.0
474,-42.03572082519531,15.568066596984863,6.0
475,10.119418144226074,-31.660905838012695,3.0
476,-2.7401657104492188,29.119779586791992,1.0
477,6.865020751953125,-29.176288604736328,3.0
478,-2.322004795074463,-33.683895111083984,9.0
479,-0.0805097222328186,26.594560623168945,1.0
480,13.956016540527344,29.060009002685547,7.0
481,-42.70130157470703,12.965195655822754,6.0
482,11.571617126464844,-10.761128425598145,8.0
483,-13.094450950622559,45.26598358154297,4.0
484,12.586010932922363,-32.155181884765625,3.0
485,-0.4291473925113678,25.863521575927734,1.0
486,-11.700482368469238,43.154266357421875,4.0
487,-64.33085632324219,-20.953323364257812,0.0
488,-12.258824348449707,-6.873037815093994,5.0
489,9.163402557373047,-32.975807189941406,3.0
490,-40.85304641723633,13.405158042907715,6.0
491,-0.8085249662399292,-32.20115280151367,9.0
492,-33.34569549560547,10.576322555541992,6.0
493,-0.2998819053173065,27.638647079467773,1.0
494,13.472725868225098,43.536094665527344,7.0
495,-13.08130168914795,-6.988996982574463,5.0
496,-9.547112464904785,43.234344482421875,4.0
497,-11.67214584350586,43.984275817871094,4.0
498,14.252657890319824,41.49675369262695,7.0
499,47.10248565673828,-5.115368843078613,2.0
500,10.867798805236816,-13.325780868530273,8.0
501,47.98874282836914,-6.176050186157227,2.0
502,-13.501855850219727,59.19993209838867,2.0
503,-17.306299209594727,-3.7763357162475586,5.0
504,17.5968017578125,40.106849670410156,7.0
505,-2.760399341583252,-33.70515823364258,9.0
506,-12.845222473144531,-9.424943923950195,5.0
507,-9.288894653320312,43.70854187011719,4.0
508,10.143576622009277,-7.594485282897949,8.0
509,9.543136596679688,-6.478032112121582,8.0
510,-14.753649711608887,43.8745002746582,4.0
511,-13.085916519165039,-36.48080062866211,9.0
512,-56.285099029541016,-24.397720336914062,0.0
513,6.847898960113525,-8.713254928588867,8.0
514,-2.8141629695892334,-33.885780334472656,9.0
515,9.087596893310547,-9.264084815979004,8.0
516,-52.44422912597656,-22.446731567382812,0.0
517,52.83637619018555,-19.524484634399414,1.0
518,45.111473083496094,-16.043537139892578,2.0
519,7.522940635681152,-21.498165130615234,3.0
520,-6.71455192565918,58.84959411621094,4.0
521,-21.682104110717773,-18.759981155395508,5.0
522,-38.008766174316406,12.885954856872559,6.0
523,37.206329345703125,27.635417938232422,7.0
524,3.4114372730255127,-0.6656852960586548,8.0
525,-9.269949913024902,-29.539844512939453,9.0
526,-56.68810272216797,-25.868406295776367,0.0
527,53.71491241455078,-17.338085174560547,1.0
528,42.333396911621094,-7.617324352264404,2.0
529,8.840734481811523,-20.439985275268555,3.0
530,-4.26733922958374,58.62006759643555,4.0
531,-17.263683319091797,-19.899185180664062,5.0
532,-46.11674499511719,11.714767456054688,6.0
533,31.815786361694336,30.102516174316406,7.0
534,3.827204704284668,-3.176811695098877,8.0
535,-13.56419849395752,-38.23769760131836,9.0
536,-51.22980499267578,-23.514705657958984,0.0
537,55.666175842285156,-18.650997161865234,1.0
538,47.36638259887695,-20.11705207824707,2.0
539,9.01253604888916,-19.250429153442383,3.0
540,-10.439614295959473,57.2107048034668,4.0
541,-17.74935531616211,-17.91315269470215,5.0
542,-45.373146057128906,13.886602401733398,6.0
543,23.555023193359375,42.056671142578125,7.0
544,3.9078445434570312,-4.239750862121582,8.0
545,-7.756046772003174,-27.84122657775879,9.0
546,-51.83513641357422,-22.801671981811523,0.0
547,15.565555572509766,-4.754579544067383,9.0
548,-15.642731666564941,-11.471719741821289,5.0
549,-18.24618911743164,-19.780933380126953,5.0
550,-36.82638168334961,11.246888160705566,6.0
551,-18.704090118408203,-19.473819732666016,5.0
552,-60.22038650512695,-26.956758499145508,0.0
553,-13.273346900939941,-33.92361068725586,9.0
554,2.9424657821655273,-1.0047789812088013,8.0
555,-8.74572467803955,-28.43965721130371,9.0
556,3.2453949451446533,-3.834566831588745,8.0
557,-6.769799709320068,57.03660202026367,4.0
558,55.079891204833984,-20.04886245727539,1.0
559,29.687101364135742,39.26628875732422,7.0
560,31.306011199951172,30.776147842407227,7.0
561,7.847825527191162,-21.426897048950195,3.0
562,-17.907522201538086,-17.922948837280273,5.0
563,56.375831604003906,-20.4442138671875,1.0
564,-56.3480224609375,-21.967571258544922,0.0
565,-63.84523010253906,-27.524864196777344,0.0
566,31.90561294555664,-14.831720352172852,2.0
567,46.8538818359375,-19.075138092041016,2.0
568,34.966529846191406,28.85976219177246,7.0
569,2.813105344772339,-4.705832004547119,8.0
570,44.99311828613281,-14.127793312072754,2.0
571,-50.381649017333984,-25.53297233581543,0.0
572,54.65242385864258,-18.37287139892578,1.0
573,46.771934509277344,-19.02263069152832,2.0
574,-35.25438690185547,10.487622261047363,6.0
575,45.825927734375,-21.509729385375977,3.0
576,24.607620239257812,-26.238767623901367,3.0
577,21.788555145263672,42.02964401245117,7.0
578,7.611647605895996,-19.172340393066406,3.0
579,7.919066905975342,-20.480710983276367,3.0
580,-5.850998401641846,55.191436767578125,4.0
581,-37.12031936645508,9.993000984191895,6.0
582,-37.55556106567383,12.22171688079834,6.0
583,-46.042999267578125,11.148165702819824,6.0
584,-4.634631156921387,58.66676330566406,4.0
585,-13.126112937927246,-38.13949966430664,9.0
586,55.27584457397461,-20.74061393737793,1.0
587,-17.83650016784668,-16.22627830505371,5.0
588,-54.3712272644043,-20.465139389038086,0.0
589,-7.596394062042236,-31.32930564880371,9.0
590,-19.31662368774414,-19.88865852355957,5.0
591,48.53816223144531,-17.917726516723633,2.0
592,2.494302749633789,-4.118498802185059,8.0
593,43.66659164428711,-5.84403133392334,2.0
594,-58.136810302734375,-26.309370040893555,0.0
595,-51.389251708984375,-22.695083618164062,0.0
596,56.429405212402344,-20.323406219482422,1.0
597,33.48836135864258,31.22247314453125,7.0
598,-37.14019012451172,9.98427963256836,6.0
599,46.02124786376953,-21.25136947631836,3.0
600,53.32341384887695,-15.183306694030762,2.0
601,56.17475128173828,-20.000019073486328,1.0
602,32.143550872802734,31.035192489624023,7.0
603,-7.081912517547607,59.009281158447266,4.0
604,-35.03327560424805,10.536089897155762,6.0
605,7.040153503417969,-20.361370086669922,3.0
606,56.54168701171875,-19.22874641418457,1.0
607,8.42536735534668,-19.54456329345703,3.0
608,-8.756705284118652,-28.967260360717773,9.0
609,55.71635437011719,-21.14688491821289,1.0
610,33.33523941040039,35.0485725402832,7.0
611,-37.967533111572266,12.497321128845215,6.0
612,3.162881374359131,-3.646448850631714,8.0
613,-7.713498592376709,57.815895080566406,4.0
614,8.61364459991455,-21.077831268310547,3.0
615,4.238494873046875,5.307712554931641,1.0
616,-6.982905387878418,58.134056091308594,4.0
617,-50.54616165161133,-23.666688919067383,0.0
618,-17.135345458984375,-21.463924407958984,5.0
619,8.509186744689941,-20.93934440612793,3.0
620,-37.3895378112793,13.111283302307129,6.0
621,-8.66162109375,-28.600828170776367,9.0
622,-35.95796203613281,10.784664154052734,6.0
623,51.508949279785156,-19.507442474365234,1.0
624,32.2980842590332,32.98148727416992,7.0
625,-17.93147087097168,-15.918723106384277,5.0
626,-11.867000579833984,58.177120208740234,4.0
627,-6.185007572174072,53.720638275146484,4.0
628,37.034271240234375,30.80341148376465,7.0
629,47.44541549682617,-18.547380447387695,2.0
630,2.3648488521575928,-0.9070008993148804,8.0
631,43.217796325683594,-4.381129264831543,2.0
632,47.019439697265625,-18.22310447692871,2.0
633,-22.33588409423828,-19.73661994934082,5.0
634,31.249832153320312,30.335948944091797,7.0
635,-3.3831753730773926,-36.894432067871094,9.0
636,-17.410736083984375,-18.903833389282227,5.0
637,-6.689295291900635,59.68202209472656,4.0
638,3.2149875164031982,-0.8294780254364014,8.0
639,2.423398733139038,-3.6128695011138916,8.0
640,-5.861216068267822,58.84805679321289,4.0
641,-11.883544921875,-35.517433166503906,9.0
642,-55.9840087890625,-24.215547561645508,0.0
643,2.624945640563965,-3.7946600914001465,8.0
644,-0.022071368992328644,-41.690677642822266,9.0
645,2.9294373989105225,-1.2357745170593262,8.0
646,-48.913387298583984,-21.512435913085938,0.0
647,6.22216796875,8.979948997497559,1.0
648,37.668888092041016,-3.2575650215148926,2.0
649,16.1337947845459,-36.93675231933594,3.0
650,-12.04877758026123,41.743621826171875,4.0
651,-24.488088607788086,-14.002693176269531,5.0
652,-49.36784362792969,19.440143585205078,6.0
653,30.48189926147461,30.736852645874023,7.0
654,11.765066146850586,-10.147473335266113,8.0
655,7.0101165771484375,40.66046142578125,9.0
656,-50.319786071777344,-30.70716667175293,0.0
657,2.5975236892700195,7.992659568786621,1.0
658,38.61014175415039,-7.0478363037109375,2.0
659,15.55688190460205,-39.06813049316406,3.0
660,-12.829333305358887,41.8972053527832,4.0
661,-18.977020263671875,-5.084162712097168,5.0
662,-50.1515007019043,17.638893127441406,6.0
663,21.33362579345703,42.160457611083984,7.0
664,14.549691200256348,-7.566121578216553,8.0
665,6.224781513214111,36.45826721191406,9.0
666,-49.196571350097656,-20.970380783081055,0.0
667,2.2047178745269775,8.744051933288574,1.0
668,38.230228424072266,-4.337823390960693,2.0
669,15.945290565490723,-35.991825103759766,3.0
670,-9.401151657104492,41.87626647949219,4.0
671,-19.01996421813965,-4.711859226226807,5.0
672,-50.48040771484375,17.547664642333984,6.0
673,11.590843200683594,44.20720291137695,7.0
674,11.700373649597168,-10.093852043151855,8.0
675,6.555603504180908,35.68561553955078,9.0
676,-53.7710075378418,-23.59037971496582,0.0
677,5.759141445159912,36.43569564819336,9.0
678,-25.224138259887695,-13.549022674560547,5.0
679,-18.29741668701172,-2.239703416824341,5.0
680,-54.05584716796875,16.517446517944336,6.0
681,-18.923025131225586,-3.901064872741699,5.0
682,-61.83934783935547,-24.321008682250977,0.0
683,6.369619846343994,34.407081604003906,9.0
684,13.006678581237793,-6.9568281173706055,8.0
685,6.042555809020996,35.99625015258789,9.0
686,13.017213821411133,-7.315803527832031,8.0
687,-10.36777400970459,40.24519729614258,4.0
688,11.23633861541748,10.139657974243164,1.0
689,9.211983680725098,42.89148712158203,7.0
690,9.379223823547363,37.95379638671875,7.0
691,18.444076538085938,-23.98166847229004,3.0
692,-17.73523712158203,-3.635085105895996,5.0
693,11.192927360534668,10.106633186340332,1.0
694,-54.94013977050781,-18.17756462097168,0.0
695,-51.948795318603516,-25.110027313232422,0.0
696,37.29597854614258,-8.750799179077148,2.0
697,38.01565933227539,-7.413852691650391,2.0
698,24.155630111694336,42.906124114990234,7.0
699,13.571474075317383,-6.340610027313232,8.0
700,36.27393341064453,-9.632253646850586,2.0
701,-54.396766662597656,-15.862547874450684,0.0
702,8.975841522216797,12.532559394836426,1.0
703,36.35725021362305,-9.64412784576416,2.0
704,-54.8116455078125,18.822599411010742,6.0
705,17.024850845336914,-37.65913009643555,3.0
706,16.01753807067871,-37.92072296142578,3.0
707,23.258230209350586,43.0131950378418,7.0
708,17.20595932006836,-38.86369323730469,3.0
709,16.84941291809082,-33.577293395996094,3.0
710,-2.8017971515655518,47.57949447631836,4.0
711,-52.71641540527344,14.373008728027344,6.0
712,-48.072731018066406,19.290607452392578,6.0
713,-56.275691986083984,15.368677139282227,6.0
714,-12.029788970947266,42.34096145629883,4.0
715,6.316282749176025,35.7811164855957,9.0
716,4.616610050201416,8.423436164855957,1.0
717,-24.08207893371582,-12.029657363891602,5.0
718,-54.39017868041992,-17.898330688476562,0.0
719,4.073031902313232,34.78462600708008,9.0
720,-24.344768524169922,-12.266749382019043,5.0
721,37.423824310302734,-8.084569931030273,2.0
722,10.4016752243042,-13.68396282196045,8.0
723,39.12923049926758,-7.1386189460754395,2.0
724,-50.975006103515625,-20.230161666870117,0.0
725,-54.92961120605469,-22.784950256347656,0.0
726,9.345792770385742,12.373971939086914,1.0
727,23.860614776611328,43.54153823852539,7.0
728,-50.206478118896484,17.02602195739746,6.0
729,16.04888343811035,-38.323570251464844,3.0
730,42.80726623535156,2.690279483795166,2.0
731,-0.18215982615947723,9.560769081115723,1.0
732,11.520573616027832,43.95594787597656,7.0
733,-12.397904396057129,42.13743591308594,4.0
734,-45.21940994262695,23.526809692382812,6.0
735,16.670455932617188,-39.199546813964844,3.0
736,0.2536000907421112,8.246641159057617,1.0
737,12.11070442199707,-28.83163833618164,3.0
738,5.057400226593018,35.38331604003906,9.0
739,4.760598182678223,7.858962535858154,1.0
740,23.41714859008789,44.05386734008789,7.0
741,-51.81950378417969,15.13853645324707,6.0
742,11.782344818115234,-4.934499263763428,8.0
743,-6.255500793457031,58.425785064697266,4.0
744,12.064165115356445,-28.887231826782227,3.0
745,4.910451412200928,8.836338996887207,1.0
746,16.554319381713867,35.729461669921875,4.0
747,-57.52788162231445,-19.099607467651367,0.0
748,-21.53788185119629,-13.846503257751465,5.0
749,15.434691429138184,-34.9672737121582,3.0
750,-42.711788177490234,22.202932357788086,6.0
751,6.7117462158203125,37.348270416259766,9.0
752,-42.47542953491211,22.156005859375,6.0
753,5.904964447021484,9.177072525024414,1.0
754,23.488548278808594,44.20874786376953,7.0
755,-16.25441551208496,-4.162361145019531,5.0
756,-13.0795259475708,58.75908660888672,4.0
757,8.116615295410156,46.45643615722656,4.0
758,23.428712844848633,44.76292419433594,7.0
759,37.79499053955078,-5.295681953430176,2.0
760,15.297499656677246,-1.896835446357727,8.0
761,37.76398468017578,-5.7848968505859375,2.0
762,37.93928146362305,-4.604724884033203,2.0
763,-19.43754768371582,-2.324286937713623,5.0
764,32.04270553588867,32.052555084228516,7.0
765,7.35198974609375,38.269866943359375,9.0
766,-16.669172286987305,3.5945305824279785,5.0
767,-11.983453750610352,57.36121368408203,4.0
768,10.433537483215332,-12.027214050292969,8.0
769,13.18729305267334,-3.9743754863739014,8.0
770,16.45578384399414,35.787261962890625,4.0
771,6.94305419921875,40.630226135253906,9.0
772,-54.15470504760742,-18.832242965698242,0.0
773,11.465468406677246,-9.741735458374023,8.0
774,7.037110328674316,34.9208869934082,9.0
775,13.494733810424805,-5.241092205047607,8.0
776,-53.12538146972656,-31.153335571289062,0.0
777,6.5602030754089355,14.384090423583984,1.0
778,44.506439208984375,-0.6325032711029053,2.0
779,13.075325012207031,-28.55105209350586,3.0
780,-11.759331703186035,55.806793212890625,4.0
781,-14.28446102142334,-2.6920440196990967,5.0
782,-50.650604248046875,8.026948928833008,6.0
783,28.60521697998047,37.31950378417969,7.0
784,11.337213516235352,-17.167808532714844,8.0
785,-1.653617262840271,-37.770355224609375,9.0
786,-62.447025299072266,-28.635255813598633,0.0
787,8.618407249450684,14.884902000427246,1.0
788,46.75782775878906,-0.47124648094177246,2.0
789,15.690231323242188,-31.555179595947266,3.0
790,-10.340153694152832,53.782379150390625,4.0
791,-16.208908081054688,0.8617789149284363,5.0
792,-51.20953369140625,7.512894630432129,6.0
793,33.29230499267578,34.06964874267578,7.0
794,-3.7445662021636963,26.015451431274414,8.0
795,-12.85392951965332,-31.76375961303711,9.0
796,-49.300350189208984,-27.051380157470703,0.0
797,8.300950050354004,12.682061195373535,1.0
798,44.632293701171875,2.801382303237915,2.0
799,15.60979175567627,-30.83574104309082,3.0
800,-16.53540802001953,55.14383316040039,4.0
801,-15.365285873413086,1.3623046875,5.0
802,-41.60292053222656,13.88116455078125,6.0
803,33.90532684326172,35.3476676940918,7.0
804,11.75666618347168,-3.3333654403686523,8.0
805,0.09383994340896606,-42.15602111816406,9.0
806,-55.35888671875,-25.744794845581055,0.0
807,-14.504944801330566,-33.58946228027344,9.0
808,-12.504301071166992,-4.252451419830322,5.0
809,-17.216175079345703,-2.9878079891204834,5.0
810,-51.78038787841797,10.082220077514648,6.0
811,-14.395912170410156,-3.481299877166748,5.0
812,-54.88227081298828,-25.55259895324707,0.0
813,6.512168884277344,-22.74093246459961,9.0
814,8.73826789855957,-14.74691390991211,8.0
815,-12.431619644165039,-35.6816520690918,9.0
816,5.484346389770508,-13.733749389648438,8.0
817,-10.338746070861816,51.71562576293945,4.0
818,6.117264747619629,5.253473281860352,1.0
819,36.559532165527344,35.13372802734375,7.0
820,28.138412475585938,37.8027458190918,7.0
821,16.657955169677734,-28.705402374267578,3.0
822,-16.368436813354492,-3.432034969329834,5.0
823,6.332414627075195,7.225875377655029,1.0
824,-47.567283630371094,-21.441556930541992,0.0
825,-48.210105895996094,-24.810850143432617,0.0
826,39.65492630004883,-5.269659042358398,2.0
827,46.33671951293945,2.6957247257232666,2.0
828,37.87487030029297,35.957923889160156,7.0
829,5.1784281730651855,-13.449438095092773,8.0
830,43.740943908691406,2.499070644378662,2.0
831,-55.64279556274414,-31.364776611328125,0.0
832,54.38199996948242,-16.072908401489258,1.0
833,48.957828521728516,-3.780301809310913,2.0
834,-39.659358978271484,15.652731895446777,6.0
835,16.685516357421875,-28.426462173461914,3.0
836,16.658992767333984,-28.082565307617188,3.0
837,32.73910903930664,36.09135818481445,7.0
838,22.56669807434082,-24.645360946655273,3.0
839,22.888059616088867,-25.080604553222656,3.0
840,-9.07740592956543,54.70924758911133,4.0
841,-40.52481460571289,13.40992259979248,6.0
842,-51.95213317871094,9.99873161315918,6.0
843,-50.620704650878906,7.7588300704956055,6.0
844,-10.824524879455566,55.43413543701172,4.0
845,-0.4759466052055359,-41.855247497558594,9.0
846,9.408944129943848,8.069616317749023,1.0
847,-11.93989086151123,-3.553257942199707,5.0
848,-52.46495056152344,-19.26844024658203,0.0
849,-2.4227805137634277,-32.43852615356445,9.0
850,-12.501832008361816,-1.2384941577911377,5.0
851,45.46136474609375,3.7578907012939453,2.0
852,10.146553993225098,-1.9931254386901855,8.0
853,47.22688293457031,2.3238272666931152,2.0
854,-51.69696044921875,-17.55455207824707,0.0
855,-56.5119743347168,-29.127607345581055,0.0
856,1.687292218208313,7.638455390930176,1.0
857,32.27761459350586,36.694461822509766,7.0
858,-49.28854751586914,10.559523582458496,6.0
859,19.57663917541504,-33.35704040527344,3.0
860,40.18160629272461,-11.830353736877441,2.0
861,6.860208988189697,10.042219161987305,1.0
862,26.9940128326416,41.88595199584961,7.0
863,-10.405868530273438,49.97191619873047,4.0
864,-42.72916030883789,14.213187217712402,6.0
865,14.589292526245117,-30.033918380737305,3.0
866,5.075142860412598,11.071098327636719,1.0
867,18.85024642944336,-31.164194107055664,3.0
868,-13.684009552001953,-33.70058822631836,9.0
869,4.821561336517334,11.92874813079834,1.0
870,36.330345153808594,35.771728515625,7.0
871,-47.874576568603516,12.631022453308105,6.0
872,11.024978637695312,-17.127300262451172,8.0
873,-16.813194274902344,56.01554489135742,4.0
874,17.397809982299805,-29.70749282836914,3.0
875,6.6358723640441895,12.64028263092041,1.0
876,-14.971256256103516,50.86725616455078,4.0
877,-55.31804275512695,-29.26943588256836,0.0
878,-12.975168228149414,-6.575063705444336,5.0
879,19.26888656616211,-28.77135467529297,3.0
880,-38.24072265625,19.172893524169922,6.0
881,-0.34983256459236145,-40.49690246582031,9.0
882,-53.959510803222656,15.322056770324707,6.0
883,9.824884414672852,10.28657054901123,1.0
884,33.89417266845703,37.027687072753906,7.0
885,-15.220166206359863,0.8840644955635071,5.0
886,-10.739877700805664,55.754756927490234,4.0
887,-10.205646514892578,52.24055480957031,4.0
888,32.5169792175293,36.37565994262695,7.0
889,45.64530944824219,3.8215463161468506,2.0
890,3.163370370864868,-13.062973976135254,8.0
891,19.461862564086914,33.87384033203125,2.0
892,36.99300765991211,-4.480393886566162,2.0
893,-14.191678047180176,-5.24999475479126,5.0
894,34.76841354370117,32.04979705810547,7.0
895,-14.190649032592773,-36.42781448364258,9.0
896,-15.725326538085938,0.997613787651062,5.0
897,-16.15620231628418,54.41658020019531,4.0
898,3.4085628986358643,-13.02886962890625,8.0
899,8.223830223083496,-30.778959274291992,8.0
900,-16.28157615661621,54.12392807006836,4.0
901,-14.119159698486328,-36.64365005493164,9.0
902,-52.3261833190918,-26.66404151916504,0.0
903,2.7169954776763916,-12.97089958190918,8.0
904,-14.709056854248047,-34.766117095947266,9.0
905,11.267701148986816,-17.249908447265625,8.0
906,54.333438873291016,-16.73362159729004,1.0
907,43.4583854675293,-1.0690518617630005,2.0
908,11.744831085205078,-38.56606674194336,3.0
909,-9.291121482849121,49.186424255371094,4.0
910,-17.416702270507812,-15.650322914123535,5.0
911,-54.64990997314453,14.173813819885254,6.0
912,21.771711349487305,36.4683723449707,7.0
913,13.248449325561523,-11.696895599365234,8.0
914,-3.2950801849365234,-40.45731735229492,9.0
915,-59.23288345336914,-27.31626319885254,0.0
916,54.583045959472656,-17.362937927246094,1.0
917,48.11093521118164,1.6625229120254517,2.0
918,10.0873441696167,-36.8223876953125,3.0
919,-16.96768569946289,55.580692291259766,4.0
920,-14.499944686889648,-20.89519691467285,5.0
921,-55.44491195678711,15.933491706848145,6.0
922,24.214582443237305,34.266075134277344,7.0
923,12.988131523132324,-12.923129081726074,8.0
924,-4.747798442840576,-36.159793853759766,9.0
925,-58.99982833862305,-27.098466873168945,0.0
926,54.9931526184082,-15.846434593200684,1.0
927,45.626094818115234,-2.5692129135131836,2.0
928,12.403480529785156,-33.562644958496094,3.0
929,-5.4472761154174805,46.23530960083008,4.0
930,-12.636186599731445,-23.94129180908203,5.0
931,-52.97309112548828,13.524775505065918,6.0
932,23.236343383789062,36.75183868408203,7.0
933,14.019890785217285,-12.587637901306152,8.0
934,-4.423461437225342,-37.425819396972656,9.0
935,-58.44886779785156,-25.215396881103516,0.0
936,-7.286534786224365,-37.841129302978516,9.0
937,-14.449180603027344,-22.189300537109375,5.0
938,-16.37742042541504,-16.715059280395508,5.0
939,-47.247371673583984,14.580838203430176,6.0
940,-12.989398956298828,-21.44463348388672,5.0
941,-58.853389739990234,-28.765867233276367,0.0
942,-2.9341604709625244,-38.54584503173828,9.0
943,12.718664169311523,-12.009572982788086,8.0
944,-4.101574897766113,-38.679534912109375,9.0
945,9.365819931030273,-9.997710227966309,8.0
946,1.5027225017547607,48.13423538208008,4.0
947,51.93682861328125,-19.592252731323242,1.0
948,24.854711532592773,35.00050735473633,7.0
949,20.972122192382812,38.77861404418945,7.0
950,8.974312782287598,-36.20833969116211,3.0
951,-12.296119689941406,-21.211729049682617,5.0
952,53.18208312988281,-18.65987205505371,1.0
953,46.34788131713867,-2.369546890258789,2.0
954,24.412683486938477,34.71928787231445,7.0
955,12.806825637817383,-13.259922981262207,8.0
956,49.018611907958984,-16.853900909423828,2.0
957,-56.81257247924805,-28.854019165039062,0.0
958,53.734615325927734,-18.575502395629883,1.0
959,46.13351058959961,-13.829497337341309,2.0
960,-54.9035758972168,14.138303756713867,6.0
961,11.473624229431152,-37.06612014770508,3.0
962,9.891892433166504,-36.643707275390625,3.0
963,23.114423751831055,35.93470764160156,7.0
964,11.243982315063477,-39.864295959472656,3.0
965,8.88807201385498,-38.97467803955078,3.0
966,-5.170019149780273,45.919368743896484,4.0
967,-46.76435089111328,13.740499496459961,6.0
968,-48.277408599853516,14.876782417297363,6.0
969,-54.020294189453125,14.10632610321045,6.0
970,-5.392745018005371,46.17311477661133,4.0
971,-2.732807159423828,-40.15085983276367,9.0
972,52.24620056152344,-19.226858139038086,1.0
973,-16.222078323364258,-16.833282470703125,5.0
974,-59.72602844238281,-28.61949920654297,0.0
975,-3.4859211444854736,-39.931053161621094,9.0
976,-14.708391189575195,-20.911182403564453,5.0
977,46.572845458984375,-14.605681419372559,2.0
978,10.436300277709961,-11.348546981811523,8.0
979,49.00010681152344,-16.910131454467773,2.0
980,-53.134037017822266,-31.1933536529541,0.0
981,-60.35966110229492,-24.335689544677734,0.0
982,53.23006057739258,-19.283432006835938,1.0
983,26.085657119750977,36.851924896240234,7.0
984,-53.73424530029297,13.907858848571777,6.0
985,10.89326286315918,-40.59672164916992,3.0
986,48.35157775878906,0.26208579540252686,2.0
987,54.220699310302734,-16.92497444152832,1.0
988,-16.24799156188965,57.029685974121094,4.0
989,-43.06862258911133,20.798614501953125,6.0
990,11.842562675476074,-38.349998474121094,3.0
991,53.13807678222656,-18.796749114990234,1.0
992,9.095403671264648,-40.42466354370117,3.0
993,-2.7507548332214355,-38.76299285888672,9.0
994,52.56476974487305,-17.85466957092285,1.0
995,22.949050903320312,35.71437072753906,7.0
996,-46.252620697021484,15.071612358093262,6.0
997,7.425240993499756,-13.839224815368652,8.0
998,4.0417680740356445,46.34428405761719,4.0
999,9.971122741699219,-36.19949722290039,3.0
1000,52.164485931396484,-18.690719604492188,1.0
1001,1.3356473445892334,46.247467041015625,4.0
1002,-58.315269470214844,-29.351247787475586,0.0
1003,-17.219058990478516,-10.496127128601074,5.0
1004,8.982837677001953,-38.83854293823242,3.0
1005,-51.79518127441406,14.373659133911133,6.0
1006,-4.871973037719727,-36.53426742553711,9.0
1007,-50.59791564941406,12.821935653686523,6.0
1008,53.9431037902832,-18.022640228271484,1.0
1009,15.773550033569336,43.38087463378906,7.0
1010,-13.916424751281738,-22.438758850097656,5.0
1011,-8.865883827209473,48.656612396240234,4.0
1012,2.7651827335357666,46.959205627441406,4.0
1013,25.172903060913086,35.64140319824219,7.0
1014,46.098609924316406,-10.152796745300293,2.0
1015,14.24830436706543,-12.858149528503418,8.0
1016,46.0076789855957,-15.536993980407715,2.0
1017,47.81742477416992,-1.561203956604004,2.0
1018,-13.83173942565918,-22.484819412231445,5.0
1019,24.85638999938965,36.620765686035156,7.0
1020,-7.152559757232666,-37.961360931396484,9.0
1021,-13.088647842407227,-18.201725006103516,5.0
1022,11.746723175048828,43.4222297668457,4.0
1023,3.497990608215332,47.362972259521484,4.0
1024,-7.259851455688477,-27.167701721191406,9.0
1025,-60.23204803466797,-28.851484298706055,0.0
1026,8.888951301574707,-13.641164779663086,8.0
1027,-5.016008377075195,-36.00901794433594,9.0
1028,12.378738403320312,-11.504051208496094,8.0
1029,-53.71763610839844,-27.34791374206543,0.0
1030,9.760509490966797,7.896209716796875,1.0
1031,45.87101745605469,-4.09368896484375,2.0
1032,20.250560760498047,-36.22815704345703,3.0
1033,3.2129428386688232,47.40773391723633,4.0
1034,-20.467573165893555,-3.954427719116211,5.0
1035,-52.098236083984375,15.637639999389648,6.0
1036,26.24060821533203,35.893409729003906,7.0
1037,18.706462860107422,-3.382995128631592,8.0
1038,5.866766929626465,-33.324127197265625,9.0
1039,-59.625999450683594,-20.447044372558594,0.0
1040,7.811136722564697,8.415562629699707,1.0
1041,44.60737609863281,-11.607603073120117,2.0
1042,20.40047836303711,-36.91249084472656,3.0
1043,7.4931864738464355,46.532047271728516,4.0
1044,-16.758502960205078,-8.590372085571289,5.0
1045,-51.67692565917969,11.514387130737305,6.0
1046,25.05348777770996,35.77698516845703,7.0
1047,19.12527084350586,0.2823837697505951,8.0
1048,-5.827089309692383,-23.977840423583984,9.0
1049,-63.283592224121094,-18.268341064453125,0.0
1050,5.507692337036133,13.34415340423584,1.0
1051,46.05910873413086,-15.440964698791504,2.0
1052,21.152986526489258,-36.20606231689453,3.0
1053,0.3476387560367584,49.23112869262695,4.0
1054,-14.939009666442871,-14.197113990783691,5.0
1055,-47.09012985229492,15.500236511230469,6.0
1056,26.941789627075195,33.61428451538086,7.0
1057,22.97622299194336,-7.0605363845825195,8.0
1058,-7.053650379180908,-23.679353713989258,9.0
1059,-59.54164123535156,-25.965024948120117,0.0
1060,-3.057758331298828,-27.180246353149414,9.0
1061,-21.966524124145508,-5.882911205291748,5.0
1062,-21.823495864868164,-2.750317335128784,5.0
1063,-40.39979934692383,20.032014846801758,6.0
1064,-22.03505516052246,-5.8072381019592285,5.0
1065,-60.59465789794922,-18.847082138061523,0.0
1066,-5.529829502105713,-23.803926467895508,9.0
1067,22.62798500061035,-8.30168342590332,8.0
1068,-3.5626325607299805,-27.3826904296875,9.0
1069,9.571486473083496,-3.343895435333252,8.0
1070,7.333741664886475,46.53807830810547,4.0
1071,8.018438339233398,6.7748122215271,1.0
1072,25.389745712280273,33.58592987060547,7.0
1073,28.852453231811523,35.61335372924805,7.0
1074,21.6621150970459,-35.843177795410156,3.0
1075,-18.049755096435547,-10.876930236816406,5.0
1076,4.3763861656188965,12.5183687210083,1.0
1077,-62.40519714355469,-16.785995483398438,0.0
1078,-63.018165588378906,-16.48529815673828,0.0
1079,25.991863250732422,33.27031707763672,7.0
1080,19.183223724365234,0.3878265917301178,8.0
1081,44.52505111694336,-15.243953704833984,2.0
1082,-63.451988220214844,-28.623004913330078,0.0
1083,0.9761080741882324,9.589631080627441,1.0
1084,45.57709884643555,-14.562087059020996,2.0
1085,-37.593082427978516,14.484813690185547,6.0
1086,31.567346572875977,-14.818670272827148,3.0
1087,22.278076171875,-34.984127044677734,3.0
1088,18.31485366821289,44.65522766113281,7.0
1089,18.73643684387207,-38.532806396484375,3.0
1090,20.689104080200195,-39.116973876953125,3.0
1091,1.4598627090454102,49.123226165771484,4.0
1092,-49.16295623779297,20.10049819946289,6.0
1093,-43.82771682739258,19.92125129699707,6.0
1094,-46.678619384765625,23.17327308654785,6.0
1095,16.734071731567383,27.732463836669922,4.0
1096,-6.254571914672852,-23.977832794189453,9.0
1097,5.5919013023376465,13.976771354675293,1.0
1098,-23.933012008666992,-9.668168067932129,5.0
1099,-58.67048645019531,-25.868896484375,0.0
1100,19.888248443603516,-2.378239154815674,9.0
1101,-17.673351287841797,-1.5126457214355469,5.0
1102,49.13563537597656,-11.997265815734863,2.0
1103,22.147695541381836,-8.365194320678711,8.0
1104,43.547725677490234,-15.878604888916016,2.0
1105,-63.987030029296875,-29.036041259765625,0.0
1106,-63.954586029052734,-27.802488327026367,0.0
1107,2.8669345378875732,10.283791542053223,1.0
1108,35.531578063964844,31.0271053314209,7.0
1109,-45.363136291503906,23.96217155456543,6.0
1110,21.173309326171875,-38.170928955078125,3.0
1111,47.308502197265625,-14.192903518676758,2.0
1112,6.158942699432373,13.489114761352539,1.0
1113,18.492023468017578,44.811668395996094,7.0
1114,0.6546927690505981,49.47941589355469,4.0
1115,-45.834999084472656,22.97939682006836,6.0
1116,21.341659545898438,-37.8574333190918,3.0
1117,8.78306770324707,6.606878280639648,1.0
1118,18.836063385009766,32.52686309814453,3.0
1119,-5.0814409255981445,-23.541324615478516,9.0
1120,7.23284387588501,11.714702606201172,1.0
1121,26.64797592163086,34.681182861328125,7.0
1122,-46.64725875854492,20.30655288696289,6.0
1123,21.722564697265625,-8.402519226074219,8.0
1124,0.6315104961395264,50.11973571777344,4.0
1125,21.649078369140625,-37.99248504638672,3.0
1126,2.697927951812744,11.898885726928711,1.0
1127,-2.394822835922241,51.47405242919922,4.0
1128,-53.20782470703125,-27.2733154296875,0.0
1129,-19.366596221923828,-8.005292892456055,5.0
1130,21.140249252319336,-39.48173522949219,3.0
1131,-34.42839050292969,15.685168266296387,6.0
1132,-2.0145137310028076,-25.289846420288086,9.0
1133,-49.967254638671875,14.94817066192627,6.0
1134,3.7787911891937256,11.860013008117676,1.0
1135,17.358732223510742,43.81895446777344,7.0
1136,-23.743825912475586,-10.08554744720459,5.0
1137,-6.126516819000244,49.5034294128418,4.0
1138,2.131992816925049,48.25020980834961,4.0
1139,35.13467025756836,34.13724899291992,7.0
1140,48.00883102416992,-2.3634281158447266,2.0
1141,19.367128372192383,-2.7932543754577637,8.0
1142,45.000022888183594,-11.684529304504395,2.0
1143,49.44868087768555,-17.579360961914062,2.0
1144,-20.688617706298828,-3.3022592067718506,5.0
1145,17.431299209594727,43.9437255859375,7.0
1146,0.1192891001701355,-26.993837356567383,9.0
1147,-23.686269760131836,-9.923833847045898,5.0
1148,-2.9188079833984375,50.9708251953125,4.0
1149,23.298749923706055,-10.303366661071777,8.0
1150,20.098052978515625,-7.460186004638672,8.0
1151,0.08677726984024048,50.729793548583984,4.0
1152,-4.690035343170166,-22.830522537231445,9.0
1153,-60.95362854003906,-26.490571975708008,0.0
1154,23.241674423217773,-6.350306987762451,8.0
1155,-1.5552127361297607,-25.932239532470703,9.0
1156,23.0997371673584,-6.713203430175781,8.0
1157,-57.6241569519043,-24.96285629272461,0.0
1158,-2.376330614089966,25.574382781982422,1.0
1159,45.59199905395508,-0.7232152223587036,2.0
1160,19.346036911010742,-38.87050247192383,3.0
1161,-3.64672589302063,51.43117141723633,4.0
1162,-21.115474700927734,-12.635778427124023,5.0
1163,-53.07696533203125,12.98215103149414,6.0
1164,34.53791427612305,29.22189712524414,7.0
1165,28.234073638916016,-15.053362846374512,8.0
1166,-1.3140121698379517,-30.021648406982422,9.0
1167,-53.99385070800781,-28.31119155883789,0.0
1168,-2.561068058013916,26.63258171081543,1.0
1169,45.71263122558594,-13.563426971435547,2.0
1170,21.566131591796875,-34.761112213134766,3.0
1171,-10.200223922729492,49.40695571899414,4.0
1172,-21.598596572875977,-13.84588623046875,5.0
1173,-36.197181701660156,12.229243278503418,6.0
1174,27.421031951904297,40.73455047607422,7.0
1175,15.470769882202148,3.370051383972168,8.0
1176,-43.643287658691406,4.791876316070557,9.0
1177,-53.720191955566406,-29.233530044555664,0.0
1178,-2.9513962268829346,19.197118759155273,1.0
1179,38.83478927612305,-2.889719247817993,2.0
1180,22.67108154296875,-38.01224136352539,3.0
1181,-6.186344146728516,56.60929870605469,4.0
1182,-14.02182388305664,2.8883697986602783,5.0
1183,-43.547706604003906,21.058517456054688,6.0
1184,22.373580932617188,42.275142669677734,7.0
1185,14.845468521118164,2.5127243995666504,8.0
1186,-1.1071715354919434,-30.14306640625,9.0
1187,-50.761383056640625,-29.649616241455078,0.0
1188,-7.4596452713012695,-32.84968185424805,9.0
1189,-19.51512908935547,-11.824790954589844,5.0
1190,-13.759223937988281,-5.7467241287231445,5.0
1191,-46.83770751953125,23.124906539916992,6.0
1192,-14.020419120788574,-1.6524196863174438,5.0
1193,-54.62953186035156,-32.39320755004883,0.0
1194,-8.98902416229248,-35.48854064941406,9.0
1195,21.00996208190918,-1.3327420949935913,8.0
1196,-7.472764492034912,-32.141090393066406,9.0
1197,17.97807502746582,2.0460991859436035,8.0
1198,-9.315032958984375,48.90275573730469,4.0
1199,8.192973136901855,8.892889976501465,1.0
1200,35.908599853515625,29.582353591918945,7.0
1201,33.63552474975586,29.709308624267578,7.0
1202,25.80294418334961,-20.465871810913086,3.0
1203,-23.772777557373047,-12.238550186157227,5.0
1204,-3.0970304012298584,20.221923828125,1.0
1205,-55.44215774536133,-33.49799346923828,0.0
1206,-54.84779739379883,-32.716976165771484,0.0
1207,41.35877227783203,-9.290139198303223,2.0
1208,38.17820358276367,-4.514525413513184,2.0
1209,32.7846794128418,32.05485534667969,7.0
1210,-2.619542121887207,-0.012720988132059574,8.0
1211,44.01811599731445,1.9360103607177734,2.0
1212,-50.945281982421875,-29.174306869506836,0.0
1213,5.004431247711182,15.70614242553711,1.0
1214,42.761131286621094,-3.7768914699554443,2.0
1215,-43.607120513916016,6.6427130699157715,6.0
1216,23.104074478149414,-38.003719329833984,3.0
1217,23.002267837524414,-28.389589309692383,3.0
1218,34.0824089050293,28.250974655151367,7.0
1219,24.503042221069336,-27.15614891052246,3.0
1220,25.24334144592285,-33.5358772277832,3.0
1221,-12.571449279785156,49.59825897216797,4.0
1222,-44.23316192626953,19.530677795410156,6.0
1223,-38.92246627807617,14.85097885131836,6.0
1224,-38.516197204589844,14.672526359558105,6.0
1225,-3.2307288646698,49.8646354675293,4.0
1226,0.3196089267730713,-35.22068405151367,9.0
1227,3.1628758907318115,10.785667419433594,1.0
1228,-18.671146392822266,-3.5685858726501465,5.0
1229,-50.89065933227539,-30.641353607177734,0.0
1230,-3.88370680809021,-29.62313461303711,9.0
1231,-20.348939895629883,-12.137080192565918,5.0
1232,43.27701187133789,-2.019265651702881,2.0
1233,20.64870262145996,-1.4042439460754395,8.0
1234,40.54334259033203,-11.727365493774414,2.0
1235,-50.485389709472656,-30.644481658935547,0.0
1236,-50.98125457763672,-29.412017822265625,0.0
1237,6.384121417999268,13.826077461242676,1.0
1238,35.674442291259766,29.49424934387207,7.0
1239,-44.336669921875,17.787490844726562,6.0
1240,27.854209899902344,-31.003803253173828,3.0
1241,40.648868560791016,-2.841383934020996,2.0
1242,-3.283604621887207,19.379018783569336,1.0
1243,36.75632095336914,30.5064754486084,7.0
1244,-6.9563164710998535,49.642433166503906,4.0
1245,-44.15232849121094,19.361936569213867,6.0
1246,21.6259822845459,-29.432119369506836,3.0
1247,3.9815969467163086,11.13081169128418,1.0
1248,28.28356170654297,-15.129020690917969,3.0
1249,-7.667224407196045,-31.726398468017578,9.0
1250,3.7592859268188477,11.052667617797852,1.0
1251,33.47397994995117,32.73297119140625,7.0
1252,-45.36425018310547,20.833467483520508,6.0
1253,15.96529769897461,1.1488298177719116,8.0
1254,-5.815813064575195,50.129722595214844,4.0
1255,19.8042049407959,-33.619285583496094,3.0
1256,1.22459876537323,10.674732208251953,1.0
1257,-8.61889362335205,51.763790130615234,4.0
1258,-54.15950012207031,-21.531810760498047,0.0
1259,-13.669215202331543,4.251019477844238,5.0
1260,28.426288604736328,-31.176219940185547,3.0
1261,-39.6391487121582,14.492907524108887,6.0
1262,-4.771880626678467,-30.17790985107422,9.0
1263,-44.2996940612793,5.837913513183594,6.0
1264,-4.5607476234436035,18.168018341064453,1.0
1265,35.48894119262695,28.570886611938477,7.0
1266,-15.3491849899292,-0.6627326607704163,5.0
1267,-11.286815643310547,50.98082733154297,4.0
1268,1.4708237648010254,47.41998291015625,4.0
1269,25.150218963623047,42.43034362792969,7.0
1270,43.73514938354492,2.699695587158203,2.0
1271,30.942474365234375,-14.677383422851562,8.0
1272,43.153865814208984,1.579729676246643,2.0
1273,29.438344955444336,-14.24997329711914,2.0
1274,-16.72042465209961,3.726064443588257,5.0
1275,27.638086318969727,42.842926025390625,7.0
1276,-4.036708831787109,-30.231008529663086,9.0
1277,-12.14796257019043,3.2856292724609375,5.0
1278,-7.654651165008545,48.709407806396484,4.0
1279,14.724876403808594,2.990769624710083,8.0
1280,16.744373321533203,0.1812647134065628,8.0
1281,-0.6592848896980286,55.692691802978516,4.0
1282,-8.439805030822754,-37.46928787231445,9.0
1283,-50.186920166015625,-31.35024642944336,0.0
1284,14.47402572631836,1.7291418313980103,8.0
1285,-4.001226425170898,-28.020641326904297,9.0
1286,15.320319175720215,1.2989405393600464,8.0
1287,-63.35505294799805,-18.231868743896484,0.0
1288,2.6427435874938965,27.35679054260254,1.0
1289,43.6306037902832,-14.808465957641602,2.0
1290,26.414758682250977,-33.65544891357422,3.0
1291,-14.888324737548828,49.94312286376953,4.0
1292,-15.502126693725586,-19.219682693481445,5.0
1293,-43.916786193847656,5.365758419036865,6.0
1294,39.44712448120117,29.761425018310547,7.0
1295,12.58295726776123,-2.485191583633423,8.0
1296,-5.764342308044434,-35.50937271118164,9.0
1297,-55.18531799316406,-20.469223022460938,0.0
1298,-3.0414388179779053,19.68654441833496,1.0
1299,50.37542724609375,-18.39399528503418,2.0
1300,22.560077667236328,-34.65800857543945,3.0
1301,-15.415122985839844,49.73029327392578,4.0
1302,-12.092445373535156,-16.784318923950195,5.0
1303,-44.8973274230957,21.27985382080078,6.0
1304,27.894872665405273,38.3575439453125,7.0
1305,29.417612075805664,-14.262246131896973,8.0
1306,-6.704824447631836,-33.670387268066406,9.0
1307,-56.832454681396484,-20.747150421142578,0.0
1308,-1.1195000410079956,33.539154052734375,1.0
1309,41.74092102050781,-13.745866775512695,2.0
1310,12.614316940307617,-34.392581939697266,3.0
1311,-15.85354232788086,49.65525436401367,4.0
1312,-22.087411880493164,-11.007096290588379,5.0
1313,-44.392723083496094,4.357542037963867,6.0
1314,29.428916931152344,33.71213912963867,7.0
1315,14.901911735534668,-0.9581695199012756,8.0
1316,-7.670271873474121,-33.118431091308594,9.0
1317,-64.76715087890625,-26.923280715942383,0.0
1318,-7.595597743988037,-35.380340576171875,9.0
1319,-18.835243225097656,-10.15627670288086,5.0
1320,-21.447189331054688,-10.267584800720215,5.0
1321,-44.16474533081055,4.82648229598999,6.0
1322,-17.193479537963867,-11.865638732910156,5.0
1323,-52.7894287109375,-15.173544883728027,0.0
1324,-2.034308433532715,-35.727577209472656,9.0
1325,13.179889678955078,0.3966270685195923,8.0
1326,-8.100293159484863,-30.2781982421875,9.0
1327,11.243539810180664,-0.8865455389022827,8.0
1328,-14.08461856842041,49.75062942504883,4.0
1329,4.717517375946045,15.213942527770996,1.0
1330,27.345529556274414,38.31486511230469,7.0
1331,30.751575469970703,32.699684143066406,7.0
1332,18.399457931518555,-36.188133239746094,3.0
1333,-20.753210067749023,-10.851652145385742,5.0
1334,6.07902717590332,15.04686450958252,1.0
1335,-56.840030670166016,-19.322162628173828,0.0
1336,-56.60642623901367,-18.95238494873047,0.0
1337,43.307220458984375,-16.093994140625,2.0
1338,42.97660827636719,-16.87624168395996,2.0
1339,29.570337295532227,33.87382125854492,7.0
1340,12.961494445800781,-2.3478214740753174,8.0
1341,50.00129699707031,-18.180950164794922,2.0
1342,-56.263999938964844,-31.570384979248047,0.0
1343,-1.518867015838623,27.23015594482422,1.0
1344,43.953575134277344,-16.52409553527832,2.0
1345,-41.20967483520508,14.722152709960938,6.0
1346,19.419647216796875,-28.83454132080078,3.0
1347,17.221912384033203,-36.95087814331055,3.0
1348,34.89304733276367,30.099445343017578,7.0
1349,17.919713973999023,-39.869842529296875,3.0
1350,18.17945671081543,-37.9465217590332,3.0
1351,-14.485855102539062,49.49919509887695,4.0
1352,-41.55929946899414,14.47701358795166,6.0
1353,-42.29426574707031,14.642911911010742,6.0
1354,-40.961021423339844,15.265397071838379,6.0
1355,-12.355555534362793,51.64973449707031,4.0
1356,-0.8973276019096375,-39.949886322021484,9.0
1357,7.085800647735596,13.440311431884766,1.0
1358,-22.25998878479004,-11.94025707244873,5.0
1359,-52.8890380859375,-24.6119384765625,0.0
1360,-5.7456254959106445,-32.727237701416016,9.0
1361,-45.736942291259766,10.438014030456543,5.0
1362,45.98496627807617,-8.131305694580078,2.0
1363,10.691436767578125,-4.719590187072754,8.0
1364,41.696956634521484,-17.317724227905273,2.0
1365,-54.81508255004883,-28.03277587890625,0.0
1366,-57.69480895996094,-20.13482093811035,0.0
1367,-2.530395030975342,26.290719985961914,1.0
1368,34.25706100463867,29.68104362487793,7.0
1369,-42.528587341308594,17.79844856262207,6.0
1370,18.449445724487305,-35.169532775878906,3.0
1371,46.38869094848633,-16.27275276184082,2.0
1372,8.258514404296875,15.49571418762207,1.0
1373,36.709739685058594,35.18503952026367,7.0
1374,-12.511021614074707,52.05836868286133,4.0
1375,-44.42138671875,4.329829216003418,6.0
1376,22.288026809692383,-27.759057998657227,3.0
1377,6.818089485168457,15.207568168640137,1.0
1378,13.972726821899414,-35.331275939941406,3.0
1379,-7.219479084014893,-36.46213912963867,9.0
1380,5.142984867095947,14.273045539855957,1.0
1381,29.37354278564453,38.37102127075195,7.0
1382,-42.48968505859375,18.899438858032227,6.0
1383,15.125017166137695,1.2742078304290771,8.0
1384,-14.682524681091309,49.449913024902344,4.0
1385,17.044042587280273,-37.461753845214844,3.0
1386,3.6022369861602783,13.029144287109375,1.0
1387,-5.219583034515381,50.58872985839844,4.0
1388,-56.2149543762207,-20.136280059814453,0.0
1389,-21.13723373413086,-7.928101539611816,5.0
1390,19.6862735748291,-38.8539924621582,3.0
1391,-43.0135498046875,16.97264289855957,6.0
1392,-8.921024322509766,-34.3465690612793,9.0
1393,-43.64495086669922,6.378212928771973,6.0
1394,3.112356424331665,13.752153396606445,1.0
1395,38.49435806274414,33.622554779052734,7.0
1396,-20.26982879638672,-8.040597915649414,5.0
1397,-11.757479667663574,48.424190521240234,4.0
1398,-11.531766891479492,48.4035758972168,4.0
1399,24.538768768310547,41.82859802246094,7.0
1400,44.41842269897461,-17.233739852905273,2.0
1401,14.085664749145508,0.6564341187477112,8.0
1402,45.41191482543945,-15.128303527832031,2.0
1403,45.561153411865234,-16.9770450592041,2.0
1404,-22.838712692260742,-12.526165008544922,5.0
1405,31.322010040283203,32.003150939941406,7.0
1406,-9.003737449645996,-34.358482360839844,9.0
1407,-17.368684768676758,-12.736004829406738,5.0
1408,-10.99964427947998,47.946807861328125,4.0
1409,11.850053787231445,-0.7558857798576355,8.0
1410,13.368769645690918,-3.1493732929229736,8.0
1411,-12.448009490966797,51.928348541259766,4.0
1412,-12.701678276062012,-38.269927978515625,9.0
1413,-52.76106262207031,-15.340723037719727,0.0
1414,15.792905807495117,0.1482652872800827,8.0
1415,-58.54388427734375,-27.454286575317383,0.0
1416,2.448833703994751,28.15908432006836,1.0
1417,48.2044677734375,-5.317458629608154,2.0
1418,10.802449226379395,-30.565568923950195,3.0
1419,-7.269838809967041,59.59682846069336,4.0
1420,-17.173627853393555,-18.097116470336914,5.0
1421,-51.129371643066406,12.156783103942871,6.0
1422,22.99842071533203,38.237247467041016,7.0
1423,8.004071235656738,-13.334592819213867,8.0
1424,-6.221679210662842,-37.731483459472656,9.0
1425,-60.81651306152344,-20.643909454345703,0.0
1426,2.630199670791626,29.255035400390625,1.0
1427,49.9352912902832,-2.1003317832946777,2.0
1428,11.27611255645752,-33.57448959350586,3.0
1429,-9.750155448913574,56.72413635253906,4.0
1430,-15.339550971984863,-18.665502548217773,5.0
1431,-51.63228225708008,12.010704040527344,6.0
1432,22.24647331237793,39.14552688598633,7.0
1433,8.366190910339355,-13.5926513671875,8.0
1434,-9.361551284790039,-37.98147964477539,9.0
1435,-56.441680908203125,-25.615995407104492,0.0
1436,0.3382722735404968,29.063859939575195,1.0
1437,48.71782684326172,-0.07052237540483475,2.0
1438,14.409616470336914,-30.041038513183594,3.0
1439,-7.9523539543151855,56.862510681152344,4.0
1440,-15.632036209106445,-24.68587303161621,5.0
1441,-52.36544418334961,12.603459358215332,6.0
1442,22.489486694335938,38.41923522949219,7.0
1443,8.860629081726074,-14.499252319335938,8.0
1444,-5.751242637634277,-37.91301345825195,9.0
1445,-60.5297737121582,-21.753578186035156,0.0
1446,-6.697144508361816,-39.59781265258789,9.0
1447,-15.506103515625,-18.96919059753418,5.0
1448,-13.33333969116211,-18.109209060668945,5.0
1449,-46.235530853271484,12.304430961608887,6.0
1450,-15.24715805053711,-18.183639526367188,5.0
1451,-59.96713638305664,-22.68618392944336,0.0
1452,-9.050076484680176,-37.393672943115234,9.0
1453,6.010791301727295,-10.645377159118652,8.0
1454,-7.0193681716918945,-40.15485763549805,9.0
1455,6.791041851043701,-10.798222541809082,8.0
1456,-8.514315605163574,53.441070556640625,4.0
1457,1.6336450576782227,31.754135131835938,1.0
1458,25.99825096130371,37.579776763916016,7.0
1459,27.578996658325195,36.41270065307617,7.0
1460,17.280683517456055,-31.58340072631836,3.0
1461,-16.706634521484375,-21.129150390625,5.0
1462,2.099327325820923,31.748437881469727,1.0
1463,-59.05770492553711,-23.401552200317383,0.0
1464,-58.99799728393555,-23.36961555480957,0.0
1465,50.121986389160156,-0.3394756019115448,2.0
1466,48.159629821777344,-5.426007270812988,2.0
1467,15.836670875549316,41.30849838256836,7.0
1468,4.413086414337158,26.701692581176758,8.0
1469,49.62730407714844,0.2600659430027008,2.0
1470,-64.67510986328125,-27.027013778686523,0.0
1471,3.134897470474243,29.698413848876953,1.0
1472,49.29972839355469,-2.855828046798706,2.0
1473,-51.21119689941406,12.709085464477539,6.0
1474,13.079045295715332,-32.82342529296875,3.0
1475,13.152810096740723,-36.87418746948242,3.0
1476,23.617431640625,38.485198974609375,7.0
1477,11.570358276367188,-34.05258560180664,3.0
1478,11.897358894348145,-35.560611724853516,3.0
1479,-9.712435722351074,57.287288665771484,4.0
1480,-51.32467269897461,14.672195434570312,6.0
1481,-55.701358795166016,15.565293312072754,6.0
1482,-49.30587387084961,14.208690643310547,6.0
1483,-8.217093467712402,55.36260986328125,4.0
1484,-4.64287805557251,-38.98539352416992,9.0
1485,3.1563212871551514,30.04247283935547,1.0
1486,-14.913509368896484,-18.023914337158203,5.0
1487,-64.01054382324219,-26.09892463684082,0.0
1488,-6.010855197906494,-40.60542297363281,9.0
1489,-19.448060989379883,-15.13364028930664,5.0
1490,48.99238586425781,-1.57945716381073,2.0
1491,6.451478958129883,-12.387271881103516,8.0
1492,49.167694091796875,-1.0057686567306519,2.0
1493,-64.97489929199219,-26.604520797729492,0.0
1494,-58.44473648071289,-23.874967575073242,0.0
1495,3.5567076206207275,30.77788543701172,1.0
1496,26.730365753173828,38.44636917114258,7.0
1497,-50.606605529785156,11.594944953918457,6.0
1498,15.047207832336426,-32.26802444458008,3.0
1499,48.686336517333984,1.8198329210281372,2.0
1500,2.664292335510254,28.170578002929688,1.0
1501,28.057125091552734,37.30337905883789,7.0
1502,-9.59781265258789,55.54376220703125,4.0
1503,-49.89219284057617,12.798064231872559,6.0
1504,15.997002601623535,-33.39847946166992,3.0
1505,0.41409242153167725,29.169273376464844,1.0
1506,17.213476181030273,-31.19826316833496,3.0
1507,-8.903191566467285,-37.22077560424805,9.0
1508,2.2201571464538574,30.806203842163086,1.0
1509,26.077136993408203,37.83173370361328,7.0
1510,-48.167076110839844,13.282964706420898,6.0
1511,6.350724697113037,-11.663982391357422,8.0
1512,-8.09057331085205,57.16319274902344,4.0
1513,13.755154609680176,-37.05400085449219,3.0
1514,2.440852165222168,31.569232940673828,1.0
1515,-7.609353065490723,56.49447250366211,4.0
1516,-60.3747444152832,-22.338010787963867,0.0
1517,-16.813419342041016,-21.258039474487305,5.0
1518,15.707067489624023,-31.865249633789062,3.0
1519,-48.42173767089844,13.235565185546875,6.0
1520,-5.505270957946777,-39.37571716308594,9.0
1521,-44.88555145263672,16.283048629760742,6.0
1522,3.816622495651245,30.112598419189453,1.0
1523,22.24483299255371,37.519195556640625,7.0
1524,-12.834548950195312,-23.827560424804688,5.0
1525,-9.301651000976562,56.03327560424805,4.0
1526,-4.258886337280273,58.02733612060547,4.0
1527,23.01336097717285,39.05863952636719,7.0
1528,48.22035217285156,-1.1539852619171143,2.0
1529,5.062046051025391,-12.588652610778809,8.0
1530,41.30110549926758,-10.04704761505127,2.0
1531,49.22102355957031,-2.898724317550659,2.0
1532,-16.696569442749023,-19.688318252563477,5.0
1533,22.461511611938477,37.80247116088867,7.0
1534,-5.659745216369629,-34.31434631347656,9.0
1535,-17.952268600463867,-14.466774940490723,5.0
1536,-8.982977867126465,56.78354263305664,4.0
1537,4.655017852783203,-12.225027084350586,8.0
1538,4.671557426452637,-11.593696594238281,8.0
1539,-9.313549041748047,54.15513610839844,4.0
1540,-10.629379272460938,-37.86590576171875,9.0
1541,-56.24454879760742,-28.03591537475586,0.0
1542,12.81978702545166,27.666181564331055,8.0
1543,-10.23547077178955,-37.6275520324707,9.0
1544,4.833025932312012,-10.964776039123535,8.0
1545,-55.92530822753906,-18.484954833984375,0.0
1546,3.6429569721221924,15.849510192871094,1.0
1547,45.94041442871094,-11.243499755859375,2.0
1548,20.559629440307617,-29.1107177734375,3.0
1549,-2.5706233978271484,53.8702278137207,4.0
1550,-18.85932159423828,-1.3188905715942383,5.0
1551,-41.418460845947266,19.462587356567383,6.0
1552,39.25676345825195,28.68224334716797,7.0
1553,-1.530677080154419,18.12205696105957,8.0
1554,5.573736190795898,35.118812561035156,9.0
1555,-56.48283004760742,-18.002046585083008,0.0
1556,0.7336205840110779,11.771038055419922,1.0
1557,49.49193572998047,-12.676013946533203,2.0
1558,19.17245864868164,-24.636674880981445,3.0
1559,-1.8131868839263916,53.629791259765625,4.0
1560,-19.717945098876953,-1.4555671215057373,5.0
1561,-40.451358795166016,17.708721160888672,6.0
1562,9.201981544494629,35.83628463745117,9.0
1563,-53.19526672363281,-19.427186965942383,0.0
1564,0.02235265262424946,11.554352760314941,1.0
1565,49.33097839355469,-12.56480884552002,2.0
1566,21.948396682739258,-27.58591651916504,3.0
1567,-2.790215492248535,56.95192337036133,4.0
1568,-20.873291015625,-2.7277586460113525,5.0
1569,-36.271602630615234,19.130096435546875,6.0
1570,37.31627655029297,28.08881187438965,7.0
1571,-1.8969985246658325,8.948845863342285,8.0
1572,12.893661499023438,44.380462646484375,9.0
1573,-53.22508239746094,-13.771552085876465,0.0
1574,8.87677001953125,36.370399475097656,9.0
1575,-21.919836044311523,-0.7008287906646729,5.0
1576,-12.613550186157227,4.612634658813477,5.0
1577,-40.676631927490234,16.438032150268555,6.0
1578,-19.137611389160156,-0.9335591197013855,5.0
1579,-56.322174072265625,-21.57047462463379,0.0
1580,13.976950645446777,30.879714965820312,9.0
1581,5.5907816886901855,1.0462597608566284,8.0
1582,-22.077272415161133,-0.49671831727027893,9.0
1583,5.828324794769287,-0.7701296806335449,8.0
1584,-4.868063926696777,54.009971618652344,4.0
1585,6.112777233123779,16.099632263183594,1.0
1586,34.62881851196289,34.521240234375,7.0
1587,39.139949798583984,31.16520118713379,7.0
1588,27.508214950561523,-24.212730407714844,3.0
1589,-14.789143562316895,3.6279590129852295,5.0
1590,3.3620705604553223,14.579535484313965,1.0
1591,-53.57207489013672,-14.115401268005371,0.0
1592,-52.195823669433594,-27.35940933227539,0.0
1593,41.39809036254883,-17.55580711364746,2.0
1594,46.14208984375,-2.4814534187316895,2.0
1595,40.54780960083008,31.58109474182129,7.0
1596,13.851396560668945,-3.042508363723755,8.0
1597,42.09010696411133,-16.72893714904785,2.0
1598,-57.81314468383789,-14.77929401397705,0.0
1599,0.2819550931453705,12.372087478637695,1.0
1600,37.52694320678711,-2.5792109966278076,2.0
1601,-41.27254104614258,18.143381118774414,6.0
1602,26.12801170349121,-23.390087127685547,3.0
1603,27.78774642944336,-24.30846405029297,3.0
1604,39.090538024902344,31.46434783935547,7.0
1605,27.564167022705078,-22.217247009277344,3.0
1606,16.938535690307617,0.6858319044113159,3.0
1607,-2.6888585090637207,56.75297927856445,4.0
1608,-39.75730895996094,17.826791763305664,6.0
1609,-37.663753509521484,18.912578582763672,6.0
1610,-41.5056037902832,17.774715423583984,6.0
1611,22.704225540161133,6.266246318817139,4.0
1612,8.095536231994629,35.21421432495117,9.0
1613,4.226412773132324,13.998448371887207,1.0
1614,-19.097124099731445,-1.6130242347717285,5.0
1615,-55.23661804199219,-14.50224494934082,0.0
1616,-0.4933972954750061,-38.78065872192383,9.0
1617,-20.9005184173584,-8.140048027038574,5.0
1618,57.120574951171875,-21.694231033325195,2.0
1619,6.885399341583252,-0.3513914942741394,8.0
1620,-62.79802322387695,-28.15990447998047,0.0
1621,4.030355453491211,14.884727478027344,1.0
1622,36.31624221801758,31.968374252319336,7.0
1623,-41.42804718017578,18.199689865112305,6.0
1624,21.090097427368164,-27.166364669799805,3.0
1625,44.99024963378906,-0.7340825796127319,2.0
1626,5.052389144897461,16.645854949951172,1.0
1627,39.084312438964844,33.258296966552734,7.0
1628,22.674365997314453,6.333098888397217,4.0
1629,-39.272464752197266,18.521976470947266,6.0
1630,20.680559158325195,-29.631805419921875,3.0
1631,5.867432117462158,16.672494888305664,1.0
1632,20.138469696044922,-26.563989639282227,3.0
1633,15.167902946472168,29.93917465209961,9.0
1634,5.472864627838135,14.714390754699707,1.0
1635,39.61304473876953,29.703632354736328,7.0
1636,-45.968021392822266,20.190210342407227,6.0
1637,5.767842769622803,0.03461210057139397,8.0
1638,-4.9791975021362305,54.618507385253906,4.0
1639,20.11583709716797,-28.803497314453125,3.0
1640,6.602941989898682,15.830904006958008,1.0
1641,-2.973756790161133,53.80045700073242,4.0
1642,-54.53312301635742,-16.73624038696289,0.0
1643,-21.555524826049805,-1.6198351383209229,5.0
1644,20.04255485534668,-29.645450592041016,3.0
1645,-37.016090393066406,19.317581176757812,6.0
1646,1.6175850629806519,-38.269630432128906,9.0
1647,-34.37510299682617,17.267484664916992,6.0
1648,6.4343342781066895,16.26955223083496,1.0
1649,32.01466369628906,34.09239196777344,7.0
1650,-12.15522575378418,-3.0181169509887695,5.0
1651,-2.512132167816162,53.34600830078125,4.0
1652,-2.949202299118042,57.51488494873047,4.0
1653,36.41591262817383,33.16255569458008,7.0
1654,50.89704132080078,-9.871606826782227,2.0
1655,41.583030700683594,-13.41484546661377,2.0
1656,-20.103580474853516,-1.6728366613388062,5.0
1657,-12.053191184997559,5.590062141418457,7.0
1658,19.14276885986328,-27.781152725219727,9.0
1659,-21.044906616210938,-2.0581960678100586,5.0
1660,22.70376968383789,5.976230621337891,4.0
1661,-4.6390886306762695,53.81608581542969,4.0
1662,-21.955066680908203,-0.4189331829547882,9.0
1663,-52.82783889770508,-24.444904327392578,0.0
1664,7.7168073654174805,1.254598617553711,8.0
1665,15.064151763916016,30.395124435424805,9.0
1666,7.535510540008545,0.7913597226142883,8.0
1667,-62.01643753051758,-23.051979064941406,0.0
1668,3.195202589035034,5.268078804016113,1.0
1669,46.927982330322266,-6.066751003265381,2.0
1670,12.775918960571289,-26.862018585205078,3.0
1671,-7.488674640655518,41.480712890625,4.0
1672,-21.070615768432617,-17.706327438354492,5.0
1673,-53.35859298706055,19.490816116333008,6.0
1674,32.47274398803711,30.290950775146484,7.0
1675,19.228076934814453,-6.58546257019043,8.0
1676,-4.444331645965576,-35.48664093017578,9.0
1677,-60.05803298950195,-19.743728637695312,0.0
1678,5.1876630783081055,7.658348083496094,1.0
1679,35.0111083984375,-4.091884136199951,2.0
1680,25.072811126708984,-23.009042739868164,3.0
1681,-7.041372299194336,51.53525924682617,4.0
1682,-22.072463989257812,-16.432846069335938,5.0
1683,-49.50127410888672,11.365401268005371,6.0
1684,26.763362884521484,44.21432876586914,7.0
1685,21.87188720703125,-3.3060052394866943,8.0
1686,-5.0677900314331055,-32.481449127197266,9.0
1687,-64.31582641601562,-21.660634994506836,0.0
1688,2.717482328414917,7.516783237457275,1.0
1689,34.618221282958984,-4.236941814422607,2.0
1690,13.302285194396973,-25.725173950195312,3.0
1691,-7.074827671051025,50.59624481201172,4.0
1692,-23.076854705810547,-17.10205078125,5.0
1693,-53.053524017333984,19.5135555267334,6.0
1694,32.365787506103516,30.58012580871582,7.0
1695,18.834396362304688,-6.519230842590332,8.0
1696,-1.00773024559021,-37.87515640258789,9.0
1697,-54.99773025512695,-27.315860748291016,0.0
1698,-1.2198801040649414,-35.19577407836914,9.0
1699,-22.07493782043457,-15.58356761932373,5.0
1700,-15.226049423217773,-13.708212852478027,5.0
1701,-53.037513732910156,18.350027084350586,6.0
1702,-16.895387649536133,-12.68973445892334,5.0
1703,-49.307647705078125,-20.15172576904297,0.0
1704,-9.337910652160645,-39.178279876708984,9.0
1705,11.84283447265625,-8.596294403076172,8.0
1706,-8.649042129516602,-38.496028900146484,9.0
1707,21.58394432067871,-3.0002644062042236,8.0
1708,11.433661460876465,41.34669494628906,4.0
1709,3.9550364017486572,5.402442455291748,1.0
1710,22.39892578125,35.07612228393555,7.0
1711,24.34902000427246,42.886878967285156,7.0
1712,25.710039138793945,-20.445716857910156,3.0
1713,-22.20699691772461,-17.117082595825195,5.0
1714,6.234759330749512,8.185884475708008,1.0
1715,-65.1575927734375,-24.32364273071289,0.0
1716,-53.906158447265625,-26.447872161865234,0.0
1717,50.44595718383789,-5.207301139831543,2.0
1718,49.1817626953125,0.8859006762504578,2.0
1719,35.223480224609375,37.4351692199707,7.0
1720,19.457847595214844,-2.0147106647491455,8.0
1721,48.261131286621094,1.9215596914291382,2.0
1722,-50.192054748535156,-18.080211639404297,0.0
1723,2.728067398071289,6.6051530838012695,1.0
1724,50.60078811645508,-2.703557252883911,2.0
1725,-48.540645599365234,11.094423294067383,6.0
1726,23.746183395385742,-22.377206802368164,3.0
1727,23.757400512695312,-22.128175735473633,3.0
1728,35.88811492919922,39.698081970214844,7.0
1729,10.322303771972656,-26.64777183532715,3.0
1730,24.468841552734375,-22.67827606201172,3.0
1731,2.0785536766052246,46.698036193847656,4.0
1732,-33.68830490112305,14.844100952148438,6.0
1733,-52.74993133544922,17.915943145751953,6.0
1734,-55.732093811035156,17.962873458862305,6.0
1735,-17.158605575561523,53.275665283203125,4.0
1736,-3.9939968585968018,-33.500667572021484,9.0
1737,7.610324859619141,6.621628284454346,1.0
1738,-21.069305419921875,-18.345388412475586,5.0
1739,-62.59339904785156,-22.71881866455078,0.0
1740,-1.5070604085922241,-35.346988677978516,9.0
1741,-23.13129425048828,-17.344043731689453,5.0
1742,51.12934875488281,0.44774335622787476,2.0
1743,16.95977783203125,-6.815217018127441,8.0
1744,38.95746612548828,-2.227405548095703,2.0
1745,-56.11198043823242,-27.26742935180664,0.0
1746,-64.25240325927734,-21.973970413208008,0.0
1747,6.574233531951904,5.1525654792785645,1.0
1748,37.032615661621094,38.02045440673828,7.0
1749,-35.16364288330078,14.613154411315918,6.0
1750,23.608291625976562,-23.309297561645508,3.0
1751,36.672035217285156,-6.373407363891602,2.0
1752,10.286267280578613,8.476378440856934,1.0
1753,36.01984405517578,38.26100540161133,7.0
1754,-17.148523330688477,53.282413482666016,4.0
1755,-36.727210998535156,15.771512031555176,6.0
1756,22.820030212402344,-26.181861877441406,3.0
1757,8.456628799438477,7.335578441619873,1.0
1758,15.807307243347168,-34.355079650878906,3.0
1759,-3.3802332878112793,-33.12790298461914,9.0
1760,3.8849668502807617,7.38046407699585,1.0
1761,31.06783676147461,34.748207092285156,7.0
1762,-35.94606018066406,13.405524253845215,6.0
1763,11.172125816345215,3.370844841003418,8.0
1764,-12.052411079406738,50.38675308227539,4.0
1765,13.018527030944824,-26.177433013916016,3.0
1766,6.4390740394592285,5.543421268463135,1.0
1767,-7.62584924697876,46.423316955566406,4.0
1768,-58.25140380859375,-14.58718204498291,0.0
1769,-19.775484085083008,-17.75359344482422,5.0
1770,24.440500259399414,-31.540584564208984,3.0
1771,-36.438446044921875,17.65407943725586,6.0
1772,-4.307370185852051,-32.198402404785156,9.0
1773,-49.32046127319336,13.36769962310791,6.0
1774,6.944340705871582,5.841447830200195,1.0
1775,34.67115020751953,31.484487533569336,7.0
1776,-21.259981155395508,-16.422456741333008,5.0
1777,-8.927374839782715,46.321563720703125,4.0
1778,-16.626737594604492,53.76885223388672,4.0
1779,27.426555633544922,41.027732849121094,7.0
1780,50.40271759033203,-0.11678384989500046,2.0
1781,17.662708282470703,-8.36784839630127,8.0
1782,48.037933349609375,-6.27541446685791,2.0
1783,49.578819274902344,-6.629934787750244,2.0
1784,-23.26286506652832,-16.769277572631836,5.0
1785,36.705238342285156,33.844940185546875,7.0
1786,0.5501431822776794,-34.48472595214844,9.0
1787,-20.330793380737305,-17.025775909423828,5.0
1788,-10.634257316589355,49.64009475708008,4.0
1789,11.28582763671875,4.759433269500732,8.0
1790,10.754185676574707,5.350499629974365,8.0
1791,-9.870871543884277,51.07350540161133,4.0
1792,-1.3363415002822876,-34.364646911621094,9.0
1793,-50.149715423583984,-19.92610740661621,0.0
1794,9.282564163208008,-0.27243053913116455,8.0
1795,1.056809902191162,-29.77252960205078,9.0
1796,17.699003219604492,-8.536425590515137,8.0
