,mean_fit_time,std_fit_time,mean_score_time,std_score_time,param_NN__alpha,param_NN__hidden_layer_sizes,param_rp__n_components,params,split0_test_score,split1_test_score,split2_test_score,split3_test_score,split4_test_score,mean_test_score,std_test_score,rank_test_score,split0_train_score,split1_train_score,split2_train_score,split3_train_score,split4_train_score,mean_train_score,std_train_score
0,0.8686262130737304,0.550984468421302,0.002999401092529297,1.1680077279964342e-07,0.1,"(25,)",2,"{'NN__alpha': 0.1, 'NN__hidden_layer_sizes': (25,), 'rp__n_components': 2}",0.7307030319078511,0.7304025423728814,0.7307641372003708,0.7307641372003708,0.7303668388292941,0.7306001377191589,0.00017767757262497624,191,0.7307068366164542,0.7314109779514004,0.7306584566491211,0.7306915615585792,0.7306584566491211,0.7308252578849352,0.0002934660475448537
1,3.3583281517028807,1.183981634078934,0.003399372100830078,0.0007998347295735097,0.1,"(25,)",3,"{'NN__alpha': 0.1, 'NN__hidden_layer_sizes': (25,), 'rp__n_components': 3}",0.8294717330861909,0.8252118644067796,0.8320752218249239,0.8143292279168322,0.8336644153092305,0.8269505800095344,0.006928180501484606,168,0.8328422446614799,0.8333774746739059,0.8323236335948622,0.8146787168537094,0.8316615354057006,0.8289767210379317,0.0071714974859356274
2,2.627874231338501,1.0086375736262174,0.003199338912963867,0.0003999471771024199,0.1,"(25,)",4,"{'NN__alpha': 0.1, 'NN__hidden_layer_sizes': (25,), 'rp__n_components': 4}",0.8803124586257116,0.8706302966101694,0.8825321149516621,0.8785591312408952,0.8805456230962786,0.8785158112188145,0.00413918528380658,144,0.8849859294818738,0.8749255114877839,0.8781739331942927,0.8814844241401,0.8790677657496607,0.8797275128107422,0.0033658810383436714
3,4.671265602111816,2.5159937288634184,0.0033993244171142576,0.00048972621030952,0.1,"(25,)",5,"{'NN__alpha': 0.1, 'NN__hidden_layer_sizes': (25,), 'rp__n_components': 5}",0.9082483781278962,0.9100900423728814,0.9027943318765727,0.918421401138922,0.9030591974572905,0.9085226971767573,0.005712574555386929,122,0.9114385035590135,0.9114414354763954,0.9004866421690336,0.9208461614857484,0.9007514814446983,0.9089928448269777,0.007651843080877704
4,2.898820161819458,0.136392125744544,0.0031993865966796877,0.00039992333879854,0.1,"(25,)",6,"{'NN__alpha': 0.1, 'NN__hidden_layer_sizes': (25,), 'rp__n_components': 6}",0.9547199788163644,0.9516684322033898,0.9560323136008476,0.9533836577936697,0.9525890610515163,0.9536786906086128,0.0015452619063372564,82,0.953583843734481,0.9543468185128783,0.9520971960141689,0.9536862316681564,0.95534147714106,0.9538111134141489,0.0010614850824371168
5,3.332257699966431,0.4859724220763192,0.0031995296478271483,0.0003998518096733217,0.1,"(25,)",7,"{'NN__alpha': 0.1, 'NN__hidden_layer_sizes': (25,), 'rp__n_components': 7}",0.9549847742618827,0.9555084745762712,0.9577539398755132,0.956694477552642,0.9502052708250562,0.9550293977435246,0.0025960231273014656,75,0.9579539811289521,0.9557703767463418,0.9544476445856921,0.9545138544046082,0.9565332538815506,0.955843822149429,0.0013154168351590294
6,2.8946673393249513,1.881272176656472,0.003399944305419922,0.0004898040465379741,0.1,"(25,)",8,"{'NN__alpha': 0.1, 'NN__hidden_layer_sizes': (25,), 'rp__n_components': 8}",0.9518072289156626,0.9545815677966102,0.9537809561647463,0.9524566282611575,0.9479539133889551,0.9521161078446951,0.0022971360221613756,84,0.9520609170667108,0.9586174932132688,0.9505743701790975,0.9520309861952527,0.9538186513059886,0.9534204835920637,0.002794527947377931
7,1.4404000282287597,0.4441480623314242,0.004999971389770508,0.0006324097208951227,0.1,"(50,)",2,"{'NN__alpha': 0.1, 'NN__hidden_layer_sizes': (50,), 'rp__n_components': 2}",0.7304382364623329,0.7310646186440678,0.7312938683618064,0.7320884651039598,0.7310290027810886,0.7311827956989247,0.0005337782736351809,176,0.7307730508194008,0.7312785539296829,0.7312212401099083,0.7311881352004502,0.7317178137517794,0.7312357587622443,0.0003002618439182061
8,4.225800037384033,1.270656070038915,0.004599952697753906,0.0007999062587002511,0.1,"(50,)",3,"{'NN__alpha': 0.1, 'NN__hidden_layer_sizes': (50,), 'rp__n_components': 3}",0.8368860055607044,0.8258739406779662,0.8336644153092305,0.8320752218249239,0.8324725201960005,0.8321945018274273,0.0035837936809084148,166,0.8369475252441648,0.8330795206250414,0.8361638030919986,0.8323236335948622,0.8288476181017644,0.8334724201315662,0.0029045747408979893
9,3.948600006103516,1.1671884828588284,0.0053999900817871095,0.0008000493062943438,0.1,"(50,)",4,"{'NN__alpha': 0.1, 'NN__hidden_layer_sizes': (50,), 'rp__n_components': 4}",0.8789884813981199,0.8788400423728814,0.8851807707588399,0.882664547742021,0.8846510395974043,0.8820647280046613,0.002706339894365095,137,0.8809468631021354,0.8836654969211415,0.8786042970172476,0.8870129440195981,0.884662495448075,0.8829784193016396,0.0029273108537560236
10,7.1441998958587645,1.9149676058863077,0.0053999900817871095,0.001854661258543337,0.1,"(50,)",5,"{'NN__alpha': 0.1, 'NN__hidden_layer_sizes': (50,), 'rp__n_components': 5}",0.9179134118893155,0.9132680084745762,0.917229506025692,0.9188186995099987,0.9188186995099987,0.917209597965994,0.0020596503071230164,108,0.9184903161728191,0.9169039263722439,0.9117423113847783,0.9220379382262389,0.9212434203992452,0.9180835825110651,0.003671246245520635
11,3.9702000617980957,0.8590643984745053,0.0042000293731689455,0.00040004254453151935,0.1,"(50,)",6,"{'NN__alpha': 0.1, 'NN__hidden_layer_sizes': (50,), 'rp__n_components': 6}",0.9551171719846419,0.9525953389830508,0.9590782677791021,0.954310687326182,0.9553701496490531,0.9552942422797818,0.0021263396150113436,74,0.9572256248965403,0.9569290869363702,0.9552090575032277,0.954381434766776,0.9588174926341576,0.9565125393474144,0.0015643199289178625
12,5.023600053787232,0.8491953129286419,0.0057999610900878905,0.0011661712798998742,0.1,"(50,)",7,"{'NN__alpha': 0.1, 'NN__hidden_layer_sizes': (50,), 'rp__n_components': 7}",0.9565735469349927,0.9564353813559322,0.96053502847305,0.960402595682691,0.9478214805985962,0.9563536204248106,0.004620008008869547,71,0.960304585333554,0.9589485532675628,0.9582547091733704,0.9577250306220413,0.9551428476843116,0.958075145216168,0.0017021420105460877
13,2.4267999649047853,0.4836921810124738,0.005200052261352539,0.0003999948892390431,0.1,"(50,)",8,"{'NN__alpha': 0.1, 'NN__hidden_layer_sizes': (50,), 'rp__n_components': 8}",0.9523368198066994,0.9510063559322034,0.9568269103430009,0.9548404184876176,0.9471593166468018,0.9524339212882038,0.003315246989556087,83,0.9531534514153286,0.9530225782957028,0.9533551825735757,0.9533220776641176,0.9540834905816532,0.9533873561060755,0.0003681504786251194
14,2.070199966430664,0.2440740662316082,0.005000019073486328,0.0006324851109726837,0.1,"(25, 25)",2,"{'NN__alpha': 0.1, 'NN__hidden_layer_sizes': (25, 25), 'rp__n_components': 2}",0.730570634185092,0.7307997881355932,0.7314263011521652,0.7308965699907297,0.7311614355714475,0.7309709200699189,0.00029621694954904077,183,0.7316338354577057,0.7316427199894061,0.731552289204489,0.7313867646571987,0.7313867646571987,0.7315204747931996,0.00011363404943704108
15,2.7293999671936033,0.7613637556370172,0.004800081253051758,0.0004000664325664057,0.1,"(25, 25)",3,"{'NN__alpha': 0.1, 'NN__hidden_layer_sizes': (25, 25), 'rp__n_components': 3}",0.8379451873427777,0.8265360169491526,0.8283671036948749,0.8365779366971262,0.8353860415838962,0.8329625509825732,0.004608537041104014,164,0.8368482039397451,0.8289743759517977,0.8317608501340749,0.8359651736352501,0.8344423478001788,0.8335981902922093,0.002885594519850382
16,5.490799856185913,3.0830386624207344,0.00540008544921875,0.000800061245429543,0.1,"(25, 25)",4,"{'NN__alpha': 0.1, 'NN__hidden_layer_sizes': (25, 25), 'rp__n_components': 4}",0.892360651396796,0.8797669491525424,0.8992186465368825,0.8763077738047941,0.9033240630380082,0.8901954552677578,0.010583562493984143,132,0.9016719086243999,0.8848242071111699,0.896514053034065,0.8799615983050286,0.9030357201973053,0.8932014974543938,0.009218532961318792
17,6.449599885940552,1.9316054403107201,0.004800128936767578,0.0003999710083007813,0.1,"(25, 25)",5,"{'NN__alpha': 0.1, 'NN__hidden_layer_sizes': (25, 25), 'rp__n_components': 5}",0.9327419568383424,0.9208156779661016,0.9302079194808635,0.9300754866905045,0.9144484174281552,0.9256581386725992,0.006920962228863314,102,0.9336202615461017,0.9254121697675959,0.9295527526732215,0.9299831164961764,0.9172046214453603,0.9271545843856911,0.005614170595792859
18,3.95260009765625,1.481584919117007,0.005199861526489258,0.0007482772388520198,0.1,"(25, 25)",6,"{'NN__alpha': 0.1, 'NN__hidden_layer_sizes': (25, 25), 'rp__n_components': 6}",0.9588243082218986,0.9520656779661016,0.9622566547477155,0.9607998940537678,0.9490133757118262,0.9565919805074421,0.005151592225212848,69,0.9605032279423936,0.9546116665563134,0.9608037872016421,0.9626907670407522,0.9536531267586983,0.95845251509996,0.0036189205340092963
19,4.304400062561035,2.0156291472969805,0.004199981689453125,0.0004000663757324219,0.1,"(25, 25)",7,"{'NN__alpha': 0.1, 'NN__hidden_layer_sizes': (25, 25), 'rp__n_components': 7}",0.9604130808950087,0.962791313559322,0.9585485366176665,0.964243146603099,0.9540458217454642,0.9600084750251602,0.0035642955955778183,56,0.9625558682337362,0.9638482420711117,0.9556725262356407,0.9628562915880425,0.9597775350084418,0.9609420926273945,0.0029610355743472463
20,4.29520001411438,2.499165667009963,0.004400110244750977,0.0004898040465379741,0.1,"(25, 25)",8,"{'NN__alpha': 0.1, 'NN__hidden_layer_sizes': (25, 25), 'rp__n_components': 8}",0.9500860585197934,0.9582891949152542,0.9656999072970468,0.9663620712488412,0.9460998543239306,0.9573070607553367,0.008137931580460401,67,0.9514318821387188,0.961729457723631,0.9651074254311914,0.964908795974443,0.9519978812857947,0.9590350885107558,0.006098596119802992
21,1.6904000282287597,0.4341482602116456,0.007599878311157227,0.0007999777842735448,0.1,"(50, 50)",2,"{'NN__alpha': 0.1, 'NN__hidden_layer_sizes': (50, 50), 'rp__n_components': 2}",0.7312326227988879,0.7285487288135594,0.7308965699907297,0.7311614355714475,0.7314263011521652,0.7306531066264103,0.001065830339578398,190,0.7315345141532859,0.73035158577766,0.7308239811964115,0.7309232959247857,0.7311550302909922,0.730957681468627,0.00038938223349407566
22,6.716999959945679,1.126609218320382,0.00820002555847168,0.0009798416946187806,0.1,"(50, 50)",3,"{'NN__alpha': 0.1, 'NN__hidden_layer_sizes': (50, 50), 'rp__n_components': 3}",0.8486694028862704,0.846530720338983,0.8498212157330155,0.8470401271354787,0.8478347238776321,0.8479792361883575,0.0011721846816843257,155,0.8505876510511504,0.8489372972257168,0.8521203694507895,0.8462608004767107,0.849107822690105,0.8494027881788945,0.0019475585322729777
23,6.8458000183105465,1.8071093429808236,0.00859990119934082,0.0004898040465379741,0.1,"(50, 50)",4,"{'NN__alpha': 0.1, 'NN__hidden_layer_sizes': (50, 50), 'rp__n_components': 4}",0.9016284919899378,0.9033368644067796,0.8939213349225268,0.8969672891007814,0.9066348827969806,0.9004979077281635,0.004532332316933032,126,0.9076311868895878,0.9034297821624843,0.8907206938789023,0.9044923362134605,0.9035985036580925,0.9019745005605054,0.005826508251600514
24,7.486199855804443,1.2324908772973395,0.007800102233886719,0.0007482007769680359,0.1,"(50, 50)",5,"{'NN__alpha': 0.1, 'NN__hidden_layer_sizes': (50, 50), 'rp__n_components': 5}",0.9275784456507348,0.9277012711864406,0.9303403522712224,0.930870083432658,0.92583763739902,0.9284654907569256,0.0018747029056158976,100,0.9310379076311869,0.9337217771303714,0.9288575495746019,0.9321349356109511,0.9306783195947959,0.9312860979083816,0.0016113285586372335
25,5.52979998588562,1.4076505161450221,0.007800006866455078,0.0007483664659049495,0.1,"(50, 50)",6,"{'NN__alpha': 0.1, 'NN__hidden_layer_sizes': (50, 50), 'rp__n_components': 6}",0.9616046603998412,0.9602754237288136,0.965435041716329,0.96053502847305,0.9615944907959211,0.9618888712325865,0.0018535298757560517,36,0.9640787949015064,0.9643448321525525,0.9631542357731652,0.9597444300989837,0.9645446419704042,0.9631733869793224,0.0017793537931464862
26,4.22300009727478,0.7440968285483738,0.008199977874755859,0.00039992333879854,0.1,"(50, 50)",7,"{'NN__alpha': 0.1, 'NN__hidden_layer_sizes': (50, 50), 'rp__n_components': 7}",0.9601482854494903,0.9604078389830508,0.9622566547477155,0.9600052973116143,0.959210700569461,0.9604057418295461,0.001007994059768217,54,0.9631849031617282,0.96232536582136,0.9613003608435131,0.9599430595557321,0.9635845995961201,0.9620676577956907,0.0013204866795521071
27,5.631599998474121,0.9399345379137091,0.00860004425048828,0.0004898235152673564,0.1,"(50, 50)",8,"{'NN__alpha': 0.1, 'NN__hidden_layer_sizes': (50, 50), 'rp__n_components': 8}",0.9618694558453594,0.9589512711864406,0.9653026089259701,0.9660972056681234,0.9606674612634089,0.9625774670268552,0.00272442954806396,21,0.9656679357722231,0.9623584718267894,0.9632204455920813,0.9648425861555269,0.9656702088919786,0.9643519296477198,0.0013390001005392158
28,3.302000045776367,1.4351805639864161,0.015000009536743164,0.001673255768136299,0.1,"(100, 100)",2,"{'NN__alpha': 0.1, 'NN__hidden_layer_sizes': (100, 100), 'rp__n_components': 2}",0.7307030319078511,0.7300052966101694,0.7318235995232419,0.7308965699907297,0.7310290027810886,0.7308914667090418,0.0005845676275177789,185,0.7307399437179275,0.7319737800437,0.7314529744761148,0.7307908762869534,0.7309232959247857,0.7311761740898963,0.00047233302068014197
29,8.478400087356567,2.2741547129901427,0.015799808502197265,0.0007483409713765852,0.1,"(100, 100)",3,"{'NN__alpha': 0.1, 'NN__hidden_layer_sizes': (100, 100), 'rp__n_components': 3}",0.8439030848669403,0.8444120762711864,0.8429347106343531,0.8490266189908622,0.8433320090054297,0.8447216483923937,0.002210029268653299,156,0.8480715113391822,0.8509236575514798,0.8469560035753302,0.8474525772172014,0.843678617538981,0.8474164734444349,0.0023200999011663854
30,12.27859992980957,2.0381134156043275,0.015400075912475586,0.0007999420166015626,0.1,"(100, 100)",4,"{'NN__alpha': 0.1, 'NN__hidden_layer_sizes': (100, 100), 'rp__n_components': 4}",0.9020256851582152,0.9063824152542372,0.9087538074427228,0.9038537941994438,0.911005164878824,0.9064039408866995,0.0032362597549274175,124,0.9094851845720907,0.9104482553135139,0.9055847982255768,0.9095242824510875,0.9075710927930613,0.908522722671066,0.0017420752184178305
31,11.844400024414062,0.9471803736663043,0.01659998893737793,0.0011999130249023436,0.1,"(100, 100)",5,"{'NN__alpha': 0.1, 'NN__hidden_layer_sizes': (100, 100), 'rp__n_components': 5}",0.9331391500066198,0.9303495762711864,0.9341809031916303,0.9352403655145014,0.929678188319428,0.9325176121616611,0.002159991237292748,94,0.93603707995365,0.9344832152552474,0.9340550203595193,0.9343860694541001,0.9341212301784355,0.9346165230401905,0.0007279370913138739
32,7.171399974822998,1.9024105860408,0.015999984741210938,0.0012648570845853946,0.1,"(100, 100)",6,"{'NN__alpha': 0.1, 'NN__hidden_layer_sizes': (100, 100), 'rp__n_components': 6}",0.9617370581226002,0.9593485169491526,0.9656999072970468,0.9658323400874056,0.9576215070851543,0.9620477779543408,0.0033055117396485717,32,0.9633504386690945,0.9636496060385354,0.9624590326745457,0.9655377892541464,0.9618631443043003,0.9633720021881246,0.0012552551887776617
33,7.679600048065185,1.2355541005410997,0.016399955749511717,0.0020591481486106774,0.1,"(100, 100)",7,"{'NN__alpha': 0.1, 'NN__hidden_layer_sizes': (100, 100), 'rp__n_components': 7}",0.9609426717860453,0.9615995762711864,0.9634485498609455,0.9639782810223811,0.9597404317308965,0.961941840139838,0.001573419394667491,34,0.9639463664956133,0.9633847579951003,0.9623597179461714,0.963054921044791,0.9639818585096169,0.9633455243982585,0.000603943088771839
34,8.69200005531311,1.125511459404111,0.015799856185913085,0.001166114035928118,0.1,"(100, 100)",8,"{'NN__alpha': 0.1, 'NN__hidden_layer_sizes': (100, 100), 'rp__n_components': 8}",0.9643850125777836,0.9614671610169492,0.967951264733148,0.9647728777645345,0.9639782810223811,0.9645108321415329,0.0020721073663082373,7,0.9665949346134746,0.9655366483480103,0.9660343628960175,0.9626907670407522,0.9655046843446883,0.9652722794485886,0.0013504293486569824
35,1.7932000637054444,0.45249861568750305,0.006000041961669922,0.0006324096921322909,0.1,"(25, 25, 25)",2,"{'NN__alpha': 0.1, 'NN__hidden_layer_sizes': (25, 25, 25), 'rp__n_components': 2}",0.7307030319078511,0.7310646186440678,0.731691166732883,0.7319560323136008,0.7311614355714475,0.7313152179670533,0.00045016183497886575,171,0.7307399437179275,0.7316427199894061,0.7313536597477406,0.7311881352004502,0.7314860793855729,0.7312821076082194,0.00030968951595116117
36,6.650999879837036,1.9034288708454874,0.006400012969970703,0.0004899597886342959,0.1,"(25, 25, 25)",3,"{'NN__alpha': 0.1, 'NN__hidden_layer_sizes': (25, 25, 25), 'rp__n_components': 3}",0.8518469482324904,0.8417637711864406,0.8406833531982519,0.8589590782677791,0.8719374917229507,0.8530377668308703,0.011604979921344483,151,0.8518788280086078,0.8460901807587896,0.8436455126295229,0.8614890588274241,0.8727447280431688,0.8551696616535025,0.010722782375537275
37,6.033999872207642,4.1924558380843715,0.006800079345703125,0.000400018706226792,0.1,"(25, 25, 25)",4,"{'NN__alpha': 0.1, 'NN__hidden_layer_sizes': (25, 25, 25), 'rp__n_components': 4}",0.9042764464451212,0.9078389830508474,0.8876969937756588,0.8781618328698185,0.8871672626142233,0.89302929180571,0.011222086110097406,131,0.9117695745737461,0.9121035555849831,0.8837355579832489,0.8795312344820737,0.8836362432548747,0.8941552331757853,0.014597858870781596
38,6.484999942779541,1.3500706144158408,0.006200075149536133,0.00039994720552788215,0.1,"(25, 25, 25)",5,"{'NN__alpha': 0.1, 'NN__hidden_layer_sizes': (25, 25, 25), 'rp__n_components': 5}",0.9310207864424732,0.928760593220339,0.9343133359819892,0.9325917097073235,0.927161965302609,0.9307696382223635,0.002568669277783006,98,0.9353087237212382,0.9349798053366881,0.9373986162147847,0.9341212301784355,0.9327308239811964,0.9349078398864685,0.001531535613512437
39,4.798200082778931,1.4157645341660452,0.006400012969970703,0.0004899597886342959,0.1,"(25, 25, 25)",6,"{'NN__alpha': 0.1, 'NN__hidden_layer_sizes': (25, 25, 25), 'rp__n_components': 6}",0.9617370581226002,0.9626588983050848,0.9611971924248444,0.9618593563766389,0.9581512382465899,0.9611208220774405,0.0015565712364288358,49,0.963284224466148,0.9643448321525525,0.9612010461151389,0.961730724666468,0.9627569768596683,0.9626635608519951,0.0011162218205223585
40,3.2307999610900877,0.10129442374203497,0.006000089645385742,9.536743164062499e-08,0.1,"(25, 25, 25)",7,"{'NN__alpha': 0.1, 'NN__hidden_layer_sizes': (25, 25, 25), 'rp__n_components': 7}",0.959221501390176,0.9608050847457628,0.965435041716329,0.9638458482320222,0.959210700569461,0.9617034800572064,0.0025177289642065274,40,0.9610660486674392,0.9634178640005296,0.9620948786705068,0.96169761975701,0.9637832290528685,0.9624119280296709,0.001030972505541234
41,5.2769999504089355,0.5004674295984453,0.006199932098388672,0.000400018706226792,0.1,"(25, 25, 25)",8,"{'NN__alpha': 0.1, 'NN__hidden_layer_sizes': (25, 25, 25), 'rp__n_components': 8}",0.9639878194095062,0.9617319915254238,0.9646404449741756,0.9653026089259701,0.96172692358628,0.9634779384501297,0.0014869297375056279,13,0.9665618275120014,0.9651724822882871,0.9631873406826232,0.964412222332572,0.9669613003608435,0.9652590346352655,0.001386468614742246
42,3.86540002822876,0.8223567755224703,0.014399909973144531,0.0008001208389723094,0.1,"(100, 25, 100)",2,"{'NN__alpha': 0.1, 'NN__hidden_layer_sizes': (100, 25, 100), 'rp__n_components': 2}",0.7318946114126837,0.729343220338983,0.7314263011521652,0.7311614355714475,0.731691166732883,0.7311033423380475,0.0009140672954525745,179,0.7313689786459195,0.7308150698536715,0.7311550302909922,0.7312212401099083,0.7312212401099083,0.73115631180208,0.00018444851119369803
43,8.86915202140808,2.5497408301756863,0.015799760818481445,0.0007487106436213746,0.1,"(100, 25, 100)",3,"{'NN__alpha': 0.1, 'NN__hidden_layer_sizes': (100, 25, 100), 'rp__n_components': 3}",0.8432410962531445,0.863082627118644,0.8434644417957886,0.8511455436366044,0.8498212157330155,0.8501509613856666,0.0072221292582023994,153,0.8464492633669922,0.866847646163014,0.8479491508590724,0.8467573741185818,0.8497368159698083,0.8515480500954936,0.007736387878328595
44,10.095590305328368,0.7999194390725962,0.015598440170288086,0.0004899013824479931,0.1,"(100, 25, 100)",4,"{'NN__alpha': 0.1, 'NN__hidden_layer_sizes': (100, 25, 100), 'rp__n_components': 4}",0.9067920031775454,0.9086334745762712,0.9139186862667197,0.9087538074427228,0.911005164878824,0.9098204354044176,0.00244611755913848,118,0.9111736467472272,0.9123352976229888,0.9116098917469461,0.9139603403184692,0.9096235971794617,0.9117405547230186,0.0014213468200540782
45,8.149384927749633,1.9105462631865744,0.015398454666137696,0.000799918180073268,0.1,"(100, 25, 100)",5,"{'NN__alpha': 0.1, 'NN__hidden_layer_sizes': (100, 25, 100), 'rp__n_components': 5}",0.930888388719714,0.9310116525423728,0.9340484704012714,0.9355052310952192,0.9336511720301947,0.9330208167805498,0.0018005652175882604,92,0.9353418308227115,0.9369992716678806,0.9356771609229648,0.9370013573012878,0.9385903929552752,0.936722002734024,0.001152594288525999
46,7.849814987182617,2.5705437037751397,0.015198421478271485,0.0003999710083007813,0.1,"(100, 25, 100)",6,"{'NN__alpha': 0.1, 'NN__hidden_layer_sizes': (100, 25, 100), 'rp__n_components': 6}",0.9598834900039719,0.9613347457627118,0.9662296384584823,0.9619917891669978,0.9618593563766389,0.9622596535833465,0.0021210468321519404,24,0.9641119020029797,0.96447725617427,0.9655046843446883,0.9629556063164167,0.9669281954513854,0.964795528857948,0.0013420228343796587
47,7.291870641708374,0.8605145330907794,0.015398406982421875,0.0004898624411217045,0.1,"(100, 25, 100)",7,"{'NN__alpha': 0.1, 'NN__hidden_layer_sizes': (100, 25, 100), 'rp__n_components': 7}",0.9623990467363961,0.9629237288135594,0.9635809826513044,0.964243146603099,0.9597404317308965,0.9625774670268552,0.0015479731683755709,21,0.9646747227280251,0.9651393762828577,0.9631211308637071,0.9631873406826232,0.9654053696163141,0.9643055880347055,0.0009689580715575789
48,7.490050983428955,1.2936703395284406,0.015398359298706055,0.0004898040697486511,0.1,"(100, 25, 100)",8,"{'NN__alpha': 0.1, 'NN__hidden_layer_sizes': (100, 25, 100), 'rp__n_components': 8}",0.9645174103005428,0.9629237288135594,0.966626936829559,0.9639782810223811,0.9633161170705867,0.9642724720589014,0.0012979490092316053,9,0.9667273630193677,0.9670926306031914,0.9660343628960175,0.9655377892541464,0.9665640414473466,0.9663912374440139,0.0005459903379202856
49,0.6283371448516846,0.21057866083020593,0.002199697494506836,0.00039992333879854,0.01,"(25,)",2,"{'NN__alpha': 0.01, 'NN__hidden_layer_sizes': (25,), 'rp__n_components': 2}",0.7307030319078511,0.730270127118644,0.7307641372003708,0.7307641372003708,0.7301019732485764,0.7305206843582817,0.0002792394194719871,195,0.7307068366164542,0.7314440839568298,0.7306584566491211,0.7306915615585792,0.7305591419207469,0.7308120161403462,0.000320189834764454
50,3.0562944412231445,0.5769572301165127,0.0029995918273925783,0.000632409699322999,0.01,"(25,)",3,"{'NN__alpha': 0.01, 'NN__hidden_layer_sizes': (25,), 'rp__n_components': 3}",0.8327816761551702,0.8317002118644068,0.8314130578731294,0.8304860283406171,0.8324725201960005,0.8317707505694157,0.0008121442510009689,167,0.8345307068366165,0.8344368668476462,0.8319263746813652,0.8303704439368358,0.8320918992286556,0.8326712583062237,0.0015974465672721943
51,2.5699429512023926,1.22982241387928,0.003399658203125,0.0004897456403489048,0.01,"(25,)",4,"{'NN__alpha': 0.01, 'NN__hidden_layer_sizes': (25,), 'rp__n_components': 4}",0.878194095061565,0.8751324152542372,0.8794861607734075,0.8808104886769964,0.8854456363395576,0.8798135494464749,0.00338692081157714,143,0.8798543287535177,0.8785340660795868,0.8741351342404079,0.883305194160294,0.8860860065547721,0.8803829459577157,0.00409383387397246
52,3.535246419906616,1.4581111210708153,0.0029996395111083984,1.1680077279964343e-07,0.01,"(25,)",5,"{'NN__alpha': 0.01, 'NN__hidden_layer_sizes': (25,), 'rp__n_components': 5}",0.9230769230769231,0.9123411016949152,0.9012051383922659,0.9027943318765727,0.9116673288306184,0.9102177022088034,0.007852673858812923,116,0.9221652044363516,0.9164735483016619,0.9008507961730725,0.9043268116661701,0.9110471082861589,0.910972693772683,0.007773773768457746
53,3.235876369476318,0.5096302505501564,0.002799701690673828,0.00039992333879854,0.01,"(25,)",6,"{'NN__alpha': 0.01, 'NN__hidden_layer_sizes': (25,), 'rp__n_components': 6}",0.9524692175294585,0.9528601694915254,0.9558998808104887,0.9582836710369488,0.9525890610515163,0.954420255310133,0.0023111975086712692,77,0.9544777354742592,0.9558365887572006,0.9533220776641176,0.956698778428841,0.9559373655113054,0.9552545091671447,0.0012023886243683007
54,2.4429555892944337,0.47422051677300625,0.002799701690673828,0.00040004254453151935,0.01,"(25,)",7,"{'NN__alpha': 0.01, 'NN__hidden_layer_sizes': (25,), 'rp__n_components': 7}",0.9508804448563485,0.9528601694915254,0.9581512382465899,0.9576215070851543,0.9495431068732618,0.9538111128767414,0.0034946335576286998,80,0.952822380400596,0.9523935641925445,0.954878008408647,0.9550104280464793,0.9564008342437184,0.9543010430583971,0.0014879622292187397
55,2.6423363208770754,1.7419872274195047,0.0031996726989746093,0.0003998995218167223,0.01,"(25,)",8,"{'NN__alpha': 0.01, 'NN__hidden_layer_sizes': (25,), 'rp__n_components': 8}",0.952072024361181,0.9609375,0.9540458217454642,0.9527214938418752,0.9490133757118262,0.9537581439694899,0.003951145573817267,81,0.9523257738784969,0.9647752102231345,0.9505412652696394,0.9517992518290462,0.9558049458734731,0.9550492894147581,0.005166567818816963
56,1.4449999809265137,0.3761408867110127,0.0043999671936035155,0.0004898235152673564,0.01,"(50,)",2,"{'NN__alpha': 0.01, 'NN__hidden_layer_sizes': (50,), 'rp__n_components': 2}",0.7304382364623329,0.7310646186440678,0.7311614355714475,0.7315587339425241,0.7310290027810886,0.7310503734307962,0.00035949532330551624,181,0.7307730508194008,0.7312123419188241,0.7311550302909922,0.7311881352004502,0.7316516039328632,0.7311960324325061,0.0002787358528031949
57,3.62379994392395,0.5393635527058476,0.004400014877319336,0.0004898819214545809,0.01,"(50,)",3,"{'NN__alpha': 0.01, 'NN__hidden_layer_sizes': (50,), 'rp__n_components': 3}",0.8335760624917251,0.832759533898305,0.8286319692755927,0.8353860415838962,0.8361806383260495,0.8333068488797076,0.0026383908082319063,163,0.8346300281410363,0.8364232271734092,0.831363591220578,0.8346078723474691,0.8330519416029397,0.8340153320970864,0.0017021612610859525
58,2.661400079727173,1.0612595435748697,0.005200004577636719,0.0004001379119606201,0.01,"(50,)",4,"{'NN__alpha': 0.01, 'NN__hidden_layer_sizes': (50,), 'rp__n_components': 4}",0.8842843903084867,0.8743379237288136,0.8870348298238644,0.8782942656601774,0.8865050986624288,0.882091212458287,0.004965108356562545,136,0.8897202449925509,0.8785340660795868,0.8804581719468997,0.8801933326712351,0.8849935445426557,0.8827798720465857,0.004078638698180216
59,6.309399843215942,1.5237542284264485,0.004600095748901367,0.0004899208705145337,0.01,"(50,)",5,"{'NN__alpha': 0.01, 'NN__hidden_layer_sizes': (50,), 'rp__n_components': 5}",0.917516218721038,0.9196239406779662,0.9178916699774864,0.9215997881075354,0.9247781750761489,0.9202817945865777,0.002673861040679971,107,0.9194504221155437,0.9257432298218897,0.9128678783063529,0.9245208064355944,0.9265071010030788,0.921817887536492,0.005107061059099191
60,4.648999881744385,0.8981591547535592,0.0042000293731689455,0.00039992333879854,0.01,"(50,)",6,"{'NN__alpha': 0.01, 'NN__hidden_layer_sizes': (50,), 'rp__n_components': 6}",0.9573679332715477,0.9535222457627118,0.9638458482320222,0.9589458349887432,0.9584161038273077,0.9584194078076169,0.003310900198512602,63,0.9594769077967223,0.9577567370721048,0.9608699970205582,0.9601416890124805,0.9631542357731652,0.9602799133350063,0.0017686305745395112
61,4.737199974060059,0.49630853223767357,0.004199981689453125,0.0003999471771024199,0.01,"(50,)",7,"{'NN__alpha': 0.01, 'NN__hidden_layer_sizes': (50,), 'rp__n_components': 7}",0.9589567059446578,0.9573622881355932,0.9627863859091511,0.96291881869951,0.9576215070851543,0.9599290216642831,0.0024478685172753304,57,0.9606687634497599,0.959312719327286,0.9596782202800676,0.9606382626543516,0.9625252424934618,0.9605646416409852,0.0011147438643951111
62,4.774200057983398,1.6640680863079294,0.004599952697753906,0.0004899013824479931,0.01,"(50,)",8,"{'NN__alpha': 0.01, 'NN__hidden_layer_sizes': (50,), 'rp__n_components': 8}",0.9580299218853435,0.9523305084745762,0.9645080121838168,0.9662296384584823,0.958018805456231,0.9598230838497802,0.005011992371346235,58,0.9581526237377918,0.9528570482685559,0.9611017313867647,0.9647763763366107,0.9605389479259774,0.9594853455311402,0.003935181322499799
63,1.4926000118255616,0.2930812948791405,0.005000019073486328,1.9073486328124998e-07,0.01,"(25, 25)",2,"{'NN__alpha': 0.01, 'NN__hidden_layer_sizes': (25, 25), 'rp__n_components': 2}",0.7309678273533695,0.7304025423728814,0.7311614355714475,0.7318235995232419,0.7319560323136008,0.7312622490598019,0.0005713814427681352,173,0.731666942559179,0.7314440839568298,0.7312212401099083,0.7313867646571987,0.7314198695666567,0.7314277801699545,0.00014273619598481624
64,2.594800043106079,0.5958873192324269,0.004599952697753906,0.0004898040465379741,0.01,"(25, 25)",3,"{'NN__alpha': 0.01, 'NN__hidden_layer_sizes': (25, 25), 'rp__n_components': 3}",0.8384747782338143,0.8305084745762712,0.8287644020659515,0.8417428155211231,0.8369752350682029,0.8352931829016368,0.0049002896838583115,159,0.8375434530706837,0.8327484605707476,0.8332174661502301,0.8395073989472639,0.8339126692488497,0.835385889597555,0.002663471035116066
65,8.247600078582764,2.6055428759814303,0.0057999610900878905,0.0009797054222170508,0.01,"(25, 25)",4,"{'NN__alpha': 0.01, 'NN__hidden_layer_sizes': (25, 25), 'rp__n_components': 4}",0.8874619356547068,0.9100900423728814,0.914713283008873,0.8921997086478612,0.9141835518474374,0.9037290110705016,0.011558367517464226,125,0.8951167025326933,0.9142885519433225,0.9130665077631013,0.8985996623299235,0.91429138941305,0.907072562796418,0.008424274097080417
66,5.32039999961853,0.8390312730479169,0.004799890518188477,0.0003999710083007813,0.01,"(25, 25)",5,"{'NN__alpha': 0.01, 'NN__hidden_layer_sizes': (25, 25), 'rp__n_components': 5}",0.9320799682245465,0.9169756355932204,0.9274268308833267,0.9286187259965567,0.9181565355582042,0.9246517294348218,0.00599558300690573,104,0.9339844396623076,0.9238561875124147,0.9282616612043566,0.9277319826530275,0.9227331413248585,0.927313482471393,0.003962531226544499
67,3.780799913406372,1.2292272024938935,0.004800081253051758,0.0004000663757324219,0.01,"(25, 25)",6,"{'NN__alpha': 0.01, 'NN__hidden_layer_sizes': (25, 25), 'rp__n_components': 6}",0.9571031378260294,0.9533898305084746,0.9659647728777645,0.96053502847305,0.9523241954707986,0.9578632342814768,0.0049806906750880274,65,0.9582188379407383,0.9553731046811892,0.9620286688515907,0.9614658853908035,0.9586519680868673,0.9591476929902377,0.002409567168822951
68,4.1644000053405765,0.6508688147879101,0.004600048065185547,0.0004899792418945042,0.01,"(25, 25)",7,"{'NN__alpha': 0.01, 'NN__hidden_layer_sizes': (25, 25), 'rp__n_components': 7}",0.9600158877267311,0.9615995762711864,0.9630512514898689,0.9649053105548934,0.9584161038273077,0.9615975422427036,0.002266116046273686,44,0.9635159741764608,0.9640137720982587,0.962194193398881,0.9638163339623266,0.9647101665176946,0.9636500880307244,0.0008271983938844859
69,4.237399959564209,1.4513535126973136,0.004800033569335937,0.0007484429169378523,0.01,"(25, 25)",8,"{'NN__alpha': 0.01, 'NN__hidden_layer_sizes': (25, 25), 'rp__n_components': 8}",0.9515424334701443,0.9617319915254238,0.9667593696199179,0.9651701761356112,0.9607998940537678,0.9612002754383177,0.005298946408761444,47,0.9514980963416653,0.9654373303317222,0.9657695236203528,0.9622272983083391,0.9663323070811402,0.962252911136644,0.005564445300904631
70,2.1800000190734865,0.5556300433718154,0.006800031661987305,0.0003999948608169695,0.01,"(50, 50)",2,"{'NN__alpha': 0.01, 'NN__hidden_layer_sizes': (50, 50), 'rp__n_components': 2}",0.7307030319078511,0.7292108050847458,0.7311614355714475,0.7312938683618064,0.7312938683618064,0.7307325599872875,0.0007912946964897284,188,0.7316007283562325,0.7312123419188241,0.7312212401099083,0.7311881352004502,0.7308239811964115,0.7312092853563653,0.0002458806643981244
71,7.54739990234375,1.878141651285697,0.008000040054321289,1.1680077279964342e-07,0.01,"(50, 50)",3,"{'NN__alpha': 0.01, 'NN__hidden_layer_sizes': (50, 50), 'rp__n_components': 3}",0.8522441414007679,0.8471927966101694,0.8575023175738313,0.8567077208316779,0.8479671566679909,0.8523226865829758,0.004274246419461931,152,0.855255752358881,0.851718201681785,0.8620518422882113,0.8577150991492039,0.8478498361306982,0.8549181463217559,0.004879081793800611
72,8.95939998626709,1.1786195063797937,0.00839996337890625,0.0004898819214545809,0.01,"(50, 50)",4,"{'NN__alpha': 0.01, 'NN__hidden_layer_sizes': (50, 50), 'rp__n_components': 4}",0.9077187872368595,0.9124735169491526,0.911005164878824,0.9049132565223149,0.914713283008873,0.910164733301552,0.0034722981577711733,117,0.9135242509518292,0.914851354035622,0.9099546462740424,0.9116761015658622,0.9153176416062502,0.9130647988867212,0.002003981304415998
73,6.661799907684326,1.6276510530125714,0.009000110626220702,0.0006325604884705774,0.01,"(50, 50)",5,"{'NN__alpha': 0.01, 'NN__hidden_layer_sizes': (50, 50), 'rp__n_components': 5}",0.9241361048589964,0.931541313559322,0.9339160376109125,0.9335187392398357,0.9300754866905045,0.9306372159542349,0.003534333470636484,99,0.9285217679192187,0.9349135933258294,0.9345515940013904,0.9342867547257259,0.9343860694541001,0.9333319558852529,0.0024145309539595973
74,4.920199966430664,1.0097266253888342,0.00800008773803711,9.5367431640625e-08,0.01,"(50, 50)",6,"{'NN__alpha': 0.01, 'NN__hidden_layer_sizes': (50, 50), 'rp__n_components': 6}",0.9623990467363961,0.9596133474576272,0.9658323400874056,0.9598728645212554,0.9607998940537678,0.9617034800572064,0.0022832524534138784,40,0.9655686144678034,0.9642786201416937,0.9631211308637071,0.9606382626543516,0.965372264706856,0.9637957785668825,0.0018047962726454464
75,5.722399950027466,1.2794995050058127,0.00800008773803711,9.5367431640625e-08,0.01,"(50, 50)",7,"{'NN__alpha': 0.01, 'NN__hidden_layer_sizes': (50, 50), 'rp__n_components': 7}",0.9620018535681186,0.9601430084745762,0.9655674745066879,0.9651701761356112,0.9610647596344855,0.962789342655861,0.002190113280655697,17,0.9665949346134746,0.9635502880222472,0.964014963419075,0.9636839143244943,0.9648425861555269,0.9645373373069637,0.0011227070046565342
76,5.229199838638306,0.9520629146057659,0.00800013542175293,0.0006324096921322909,0.01,"(50, 50)",8,"{'NN__alpha': 0.01, 'NN__hidden_layer_sizes': (50, 50), 'rp__n_components': 8}",0.9605454786177677,0.9623940677966102,0.9658323400874056,0.9658323400874056,0.96053502847305,0.9630277027384925,0.002387792120049804,14,0.9638139380897203,0.9676223266900615,0.9643791174231139,0.9651074254311914,0.9647763763366107,0.9651398367941395,0.0013139719494589222
77,3.262600040435791,1.4524825429265147,0.014400053024291991,0.000799989721633939,0.01,"(100, 100)",2,"{'NN__alpha': 0.01, 'NN__hidden_layer_sizes': (100, 100), 'rp__n_components': 2}",0.7307030319078511,0.730270127118644,0.7314263011521652,0.7306317044100119,0.7311614355714475,0.7308384978017903,0.0004083975289013302,186,0.7307399437179275,0.7317420380056943,0.7312543450193664,0.7306584566491211,0.7309232959247857,0.731063615863379,0.00039629321112867344
78,28.797599935531615,18.158850401063994,0.03740005493164063,0.01772681895273836,0.01,"(100, 100)",3,"{'NN__alpha': 0.01, 'NN__hidden_layer_sizes': (100, 100), 'rp__n_components': 3}",0.9071891963458228,0.9037341101694916,0.8457157992318898,0.8459806648126076,0.9008078400211893,0.8806875364161237,0.028516071933519755,139,0.9077305081940076,0.9072369727868635,0.8483464097725693,0.8471546330320786,0.9067434700566094,0.8834423987684257,0.02914640396720754
79,9.558399963378907,1.6935065788959442,0.016199922561645506,0.000400018706226792,0.01,"(100, 100)",4,"{'NN__alpha': 0.01, 'NN__hidden_layer_sizes': (100, 100), 'rp__n_components': 4}",0.9056004236727129,0.9100900423728814,0.9145808502185141,0.9088862402330817,0.9149781485895908,0.910826844642195,0.003548309067087607,114,0.9122330739943718,0.9189233927034364,0.9132320323103916,0.9128347733968948,0.9133313470387658,0.914110923888772,0.002437003359355412
80,10.090399980545044,1.9454870183484108,0.015999984741210938,0.0006325604884705774,0.01,"(100, 100)",5,"{'NN__alpha': 0.01, 'NN__hidden_layer_sizes': (100, 100), 'rp__n_components': 5}",0.9349927181252482,0.9275688559322034,0.936961991789167,0.9372268573698848,0.9315322473844524,0.9336564436675672,0.003661451094092777,91,0.9400761463333885,0.9339204131629477,0.9394511206011852,0.9376303505809912,0.9394180156917271,0.9380992092740479,0.002243094298176038
81,7.896400022506714,0.9034020620349209,0.015799951553344727,0.0007483792082861202,0.01,"(100, 100)",6,"{'NN__alpha': 0.01, 'NN__hidden_layer_sizes': (100, 100), 'rp__n_components': 6}",0.9606778763405269,0.9605402542372882,0.9668918024102768,0.9637134154416633,0.959210700569461,0.9622066846760952,0.0027679839129844223,25,0.9651051150471777,0.9653711183208634,0.9653060548879399,0.9661005727149337,0.9659350481676433,0.9655635818277115,0.0003846818346871717
82,6.823199987411499,1.630156754406392,0.015799951553344727,0.0007483792082861202,0.01,"(100, 100)",7,"{'NN__alpha': 0.01, 'NN__hidden_layer_sizes': (100, 100), 'rp__n_components': 7}",0.9625314444591553,0.9605402542372882,0.9630512514898689,0.965435041716329,0.959210700569461,0.9621537157688437,0.002143758501716207,26,0.9669922198311538,0.9617956697344898,0.9633528652299136,0.9650081107028172,0.9628893964975006,0.964007652399175,0.0018155257850486133
83,8.63499994277954,1.6430088681163393,0.015800046920776366,0.0003999710083007813,0.01,"(100, 100)",8,"{'NN__alpha': 0.01, 'NN__hidden_layer_sizes': (100, 100), 'rp__n_components': 8}",0.9635906262412286,0.9638506355932204,0.9671566679909945,0.9678188319427891,0.9625215203284333,0.9649875523067959,0.0020997828130089953,4,0.9671908624399934,0.9683175528040786,0.9651405303406495,0.967623398550005,0.9682854967391664,0.9673115681747786,0.001164968262010791
84,1.7213999271392821,0.3073054524058426,0.006000089645385742,1.784161275279017e-07,0.01,"(25, 25, 25)",2,"{'NN__alpha': 0.01, 'NN__hidden_layer_sizes': (25, 25, 25), 'rp__n_components': 2}",0.7316298159671654,0.7296080508474576,0.731691166732883,0.7315587339425241,0.7311614355714475,0.7311298267916733,0.0007830687668671982,177,0.7314020857473928,0.731113023902536,0.7313867646571987,0.7312874499288244,0.7314529744761148,0.7313284597424133,0.00012034830827259326
85,7.899000024795532,3.1861109112891604,0.006800031661987305,0.001166195819133688,0.01,"(25, 25, 25)",3,"{'NN__alpha': 0.01, 'NN__hidden_layer_sizes': (25, 25, 25), 'rp__n_components': 3}",0.8683966635773864,0.8808262711864406,0.8512779764269633,0.8500860813137333,0.8699509998675672,0.864108268446422,0.011774925766311405,147,0.8704188048336368,0.8841951930080116,0.8534114609196544,0.8505975436157183,0.8704273843811037,0.865810077351625,0.012375130245778179
86,3.0514000415802003,2.168963168372973,0.006600046157836914,0.0004899013824479931,0.01,"(25, 25, 25)",4,"{'NN__alpha': 0.01, 'NN__hidden_layer_sizes': (25, 25, 25), 'rp__n_components': 4}",0.899377730703032,0.8828125,0.8841213084359687,0.8784266984505363,0.8829294133227387,0.8855341914296309,0.007188601500299942,134,0.9068035093527562,0.8849235251274581,0.8790015559307446,0.879663654119906,0.8777104644618797,0.8856205417985489,0.010872614725526026
87,6.367400074005127,1.449419737307465,0.006799936294555664,0.0004000664041494148,0.01,"(25, 25, 25)",5,"{'NN__alpha': 0.01, 'NN__hidden_layer_sizes': (25, 25, 25), 'rp__n_components': 5}",0.9331391500066198,0.9308792372881356,0.9353727983048603,0.932061978545888,0.9238511455436366,0.9310609672122464,0.0038967274619156698,97,0.9374606853170004,0.9393497980533669,0.9382593438606945,0.9377627702188235,0.9297182772205118,0.9365101749340795,0.003456165241431511
88,3.6531999588012694,0.4633700376874869,0.007200050354003906,0.00039992333879854,0.01,"(25, 25, 25)",6,"{'NN__alpha': 0.01, 'NN__hidden_layer_sizes': (25, 25, 25), 'rp__n_components': 6}",0.9613398649543228,0.9588188559322034,0.9633161170705867,0.9646404449741756,0.9601377301019732,0.9616505111499549,0.0021031669574129333,43,0.9638139380897203,0.9622922598159306,0.961267255934055,0.9623266130367133,0.9655046843446883,0.9630409502442216,0.001475418749809938
89,4.125600099563599,1.0677040426733861,0.006200027465820312,0.0003999710083007813,0.01,"(25, 25, 25)",7,"{'NN__alpha': 0.01, 'NN__hidden_layer_sizes': (25, 25, 25), 'rp__n_components': 7}",0.9600158877267311,0.9619968220338984,0.9643755793934579,0.9643755793934579,0.958018805456231,0.9617564489644579,0.002480941946658251,38,0.9639463664956133,0.9648414222339933,0.9617969344853842,0.9639156486907008,0.9633528652299136,0.963570647427121,0.0010068312654250284
90,4.517200088500976,1.1253351290944127,0.006599950790405274,0.000490018183218949,0.01,"(25, 25, 25)",8,"{'NN__alpha': 0.01, 'NN__hidden_layer_sizes': (25, 25, 25), 'rp__n_components': 8}",0.9627962399046737,0.9610699152542372,0.9667593696199179,0.9671566679909945,0.9623890875380744,0.96403411197627,0.002457700138066306,11,0.9651713292501242,0.963450970005959,0.9655046843446883,0.965802628529811,0.967226139636508,0.9654311503534181,0.0012127663438598652
91,5.461199951171875,1.2787654984716688,0.016000032424926758,0.0008943623635896795,0.01,"(100, 25, 100)",2,"{'NN__alpha': 0.01, 'NN__hidden_layer_sizes': (100, 25, 100), 'rp__n_components': 2}",0.732159406858202,0.7307997881355932,0.7310290027810886,0.7323533306846776,0.7307641372003708,0.7314211557815562,0.0006907279898700826,169,0.7317000496606522,0.7317089320002649,0.7315853941139471,0.7315853941139471,0.731552289204489,0.7316264118186601,6.49479457361675e-05
92,24.488999986648558,4.50544786571608,0.026399993896484376,0.005713145977197121,0.01,"(100, 25, 100)",3,"{'NN__alpha': 0.01, 'NN__hidden_layer_sizes': (100, 25, 100), 'rp__n_components': 3}",0.8886535151595393,0.924655720338983,0.9086213746523639,0.9114024632499007,0.9058402860548271,0.9078341013824884,0.011560898524524356,123,0.8915411355735805,0.9274316360987883,0.9108153739199524,0.9141920746846758,0.9124375144833979,0.9112835469520789,0.011493771798244228
93,9.340999937057495,2.1200218238196733,0.01619997024536133,0.0003999948608169695,0.01,"(100, 25, 100)",4,"{'NN__alpha': 0.01, 'NN__hidden_layer_sizes': (100, 25, 100), 'rp__n_components': 4}",0.9138090824837812,0.9083686440677966,0.9119321944113362,0.9148457157992319,0.9099457025559529,0.911780284972721,0.0023891970203921116,112,0.9198146002317497,0.9108455273786665,0.9095573873605456,0.9203495878438772,0.9130996126725593,0.9147333430974797,0.004515220549906047
94,9.275999975204467,1.6355064081846098,0.017199993133544922,0.0007483282344211676,0.01,"(100, 25, 100)",5,"{'NN__alpha': 0.01, 'NN__hidden_layer_sizes': (100, 25, 100), 'rp__n_components': 5}",0.9343307295114524,0.933395127118644,0.9352403655145014,0.9372268573698848,0.9313998145940935,0.9343185550082101,0.0019327958457618923,88,0.936897864591955,0.9405747202542541,0.9381269242228623,0.9397490647863078,0.9414374151686695,0.9393571978048098,0.0016446955867443392
95,7.899200057983398,1.0131628769432475,0.016199922561645506,0.000979793020620455,0.01,"(100, 25, 100)",6,"{'NN__alpha': 0.01, 'NN__hidden_layer_sizes': (100, 25, 100), 'rp__n_components': 6}",0.9623990467363961,0.9621292372881356,0.9655674745066879,0.9631836842802278,0.9590782677791021,0.9624715292123524,0.0020845610195407674,23,0.9666280417149479,0.9656359663642985,0.9643460125136558,0.9656371039825206,0.9676896083689212,0.9659873465888689,0.0011178820066880429
96,7.052799987792969,2.542220828387133,0.01700000762939453,0.001673341257887862,0.01,"(100, 25, 100)",7,"{'NN__alpha': 0.01, 'NN__hidden_layer_sizes': (100, 25, 100), 'rp__n_components': 7}",0.962266649013637,0.9617319915254238,0.9659647728777645,0.9588134021983843,0.9572242087140777,0.9612002754383177,0.0030207050280086642,47,0.966263863598742,0.9655366483480103,0.9672923494554242,0.9595789055516933,0.9633528652299136,0.9644049264367567,0.0027375523341614558
97,9.223800039291381,4.180671144954366,0.017599964141845705,0.0008000254644364733,0.01,"(100, 25, 100)",8,"{'NN__alpha': 0.01, 'NN__hidden_layer_sizes': (100, 25, 100), 'rp__n_components': 8}",0.9651793989143387,0.9653072033898306,0.9659647728777645,0.9663620712488412,0.9618593563766389,0.9649345833995445,0.0015971120376229025,5,0.9674557192517795,0.9713301992981527,0.9652067401595656,0.965802628529811,0.9693779587512829,0.9678346491981185,0.0022706508623875346
98,0.699399995803833,0.3245504667025969,0.0028000831604003905,0.00039999486081696955,0.001,"(25,)",2,"{'NN__alpha': 0.001, 'NN__hidden_layer_sizes': (25,), 'rp__n_components': 2}",0.7307030319078511,0.7305349576271186,0.7307641372003708,0.7307641372003708,0.7301019732485764,0.7305736532655331,0.0002503063013935005,193,0.7307068366164542,0.7314771899622592,0.7306584566491211,0.7306915615585792,0.7305591419207469,0.730818637341432,0.00033326714168586204
99,3.3407999515533446,0.3746419719578075,0.0030001163482666015,1.1680077279964343e-07,0.001,"(25,)",3,"{'NN__alpha': 0.001, 'NN__hidden_layer_sizes': (25,), 'rp__n_components': 3}",0.8321196875413743,0.831302966101695,0.8335319825188717,0.8316779234538472,0.8394914580850219,0.8336246623232163,0.003028879846319091,161,0.8350273133587155,0.8352645169833808,0.8324891581421525,0.8316946403151587,0.8342106134339723,0.8337372484466761,0.0014107351600401747
100,2.422399950027466,1.1794313756099877,0.003200054168701172,0.0003999471771024199,0.001,"(25,)",4,"{'NN__alpha': 0.001, 'NN__hidden_layer_sizes': (25,), 'rp__n_components': 4}",0.8784588905070833,0.8734110169491526,0.8900807840021189,0.8812077870480731,0.8768375049662296,0.879998940621855,0.005636768509650529,142,0.8795232577387849,0.8768787658081176,0.8824444665143841,0.8834707187075843,0.8743337636971563,0.8793301944932054,0.0034015798596042767
101,3.721000003814697,1.3540010503285917,0.0026000022888183595,0.0004899208705145337,0.001,"(25,)",5,"{'NN__alpha': 0.001, 'NN__hidden_layer_sizes': (25,), 'rp__n_components': 5}",0.9093075599099696,0.9185646186440678,0.9075619123294928,0.9014700039729837,0.9117997616209773,0.9097409820435405,0.005575633120040307,119,0.9115378248634332,0.9226643713169569,0.9051544344026219,0.9040619723905056,0.9113119475618234,0.9109461101070682,0.0066141737011581065
102,3.4973999500274657,0.5398046542621378,0.003000020980834961,1.5078914929239175e-07,0.001,"(25,)",6,"{'NN__alpha': 0.001, 'NN__hidden_layer_sizes': (25,), 'rp__n_components': 6}",0.9543227856480868,0.9533898305084746,0.9585485366176665,0.9577539398755132,0.9527214938418752,0.9553472111870333,0.002358583519616141,73,0.955570269822877,0.9549427266106072,0.9560035753302215,0.9560035753302215,0.9554738967788923,0.9555988087745639,0.00039358181193902296
103,2.8289999961853027,0.5161374876544976,0.0028000354766845705,0.00040009022824606964,0.001,"(25,)",7,"{'NN__alpha': 0.001, 'NN__hidden_layer_sizes': (25,), 'rp__n_components': 7}",0.9507480471335893,0.9543167372881356,0.9593431333598199,0.9576215070851543,0.9507350019864919,0.9545526775782616,0.003506299063722247,76,0.952954808806489,0.9554724226974773,0.956235309696428,0.9552090575032277,0.9558049458734731,0.9551353089154191,0.001142985621529306
104,3.098000001907349,1.265360788458665,0.003200054168701172,0.00039994720552788215,0.001,"(25,)",8,"{'NN__alpha': 0.001, 'NN__hidden_layer_sizes': (25,), 'rp__n_components': 8}",0.9519396266384218,0.9580243644067796,0.9622566547477155,0.9528539266322341,0.9557674480201298,0.9561682292494306,0.0037293467780008193,72,0.9525244164873365,0.963450970005959,0.9604727381070612,0.9518654616479624,0.959876849736816,0.9576380871970269,0.004611068073636684
105,1.426599931716919,0.37583848236492784,0.004200077056884766,0.000400018706226792,0.001,"(50,)",2,"{'NN__alpha': 0.001, 'NN__hidden_layer_sizes': (50,), 'rp__n_components': 2}",0.7304382364623329,0.731197033898305,0.7318235995232419,0.7318235995232419,0.7310290027810886,0.7312622490598019,0.0005230590787186884,173,0.7307730508194008,0.7312454479242535,0.7313536597477406,0.7311550302909922,0.7316847088423213,0.7312423795249418,0.0002952785974601815
106,4.45359992980957,1.2876249426850237,0.0042000293731689455,0.0004000425445315194,0.001,"(50,)",3,"{'NN__alpha': 0.001, 'NN__hidden_layer_sizes': (50,), 'rp__n_components': 3}",0.8413875281345161,0.8339512711864406,0.8340617136803072,0.835650907164614,0.8349887432128195,0.8360082631495312,0.002761488064807595,158,0.8415494123489489,0.8353969410050983,0.83682590128116,0.8349389214420498,0.8314960108584103,0.8360414373871334,0.0032632802853771845
107,2.1919999599456785,0.9755126522438448,0.004600048065185547,0.0004898819214545809,0.001,"(50,)",4,"{'NN__alpha': 0.001, 'NN__hidden_layer_sizes': (50,), 'rp__n_components': 4}",0.8744869588243083,0.8743379237288136,0.8861078002913522,0.8784266984505363,0.8875645609853,0.880184331797235,0.005644210313895579,140,0.8786293659990068,0.8785340660795868,0.8806899063131063,0.8802595424901513,0.886516370377727,0.8809258502519157,0.00292397066687104
108,6.462600040435791,1.593051796851164,0.004600000381469726,0.0007998704963577654,0.001,"(50,)",5,"{'NN__alpha': 0.001, 'NN__hidden_layer_sizes': (50,), 'rp__n_components': 5}",0.9236065139679598,0.9128707627118644,0.9310025162230168,0.9229241160111243,0.9208051913653821,0.9222416441548811,0.005813037587812147,105,0.9234894884952822,0.9173011984373965,0.9264739960936207,0.9248849604396332,0.9229979806005231,0.9230295248132911,0.003109125550999639
109,4.873799991607666,1.13610732195107,0.004799985885620117,0.0004000187346471713,0.001,"(50,)",6,"{'NN__alpha': 0.001, 'NN__hidden_layer_sizes': (50,), 'rp__n_components': 6}",0.9576327287170661,0.9560381355932204,0.9597404317308965,0.9611971924248444,0.9570917759237187,0.9583399544467398,0.001869817022807228,64,0.9590465154775699,0.9605376415281732,0.9575264011652929,0.9614989903002615,0.9626576621312941,0.9602534421205183,0.001805871408740028
110,4.646399927139282,0.9311580752307119,0.004400014877319336,0.0004898819214545809,0.001,"(50,)",7,"{'NN__alpha': 0.001, 'NN__hidden_layer_sizes': (50,), 'rp__n_components': 7}",0.9576327287170661,0.957759533898305,0.9631836842802278,0.9594755661501788,0.9586809694080254,0.9593463636845172,0.002031675026968869,60,0.9594769077967223,0.9594120373435742,0.9597775350084418,0.9586850729963253,0.963551494686662,0.9601806095663452,0.0017232448849803504
111,3.896399974822998,2.058455069186023,0.004800033569335937,0.0003999233672256966,0.001,"(50,)",8,"{'NN__alpha': 0.001, 'NN__hidden_layer_sizes': (50,), 'rp__n_components': 8}",0.950483251688071,0.9523305084745762,0.9621242219573567,0.9659647728777645,0.9582836710369488,0.957836749827851,0.005814541229662016,66,0.9519284886608177,0.9527246242468383,0.9596451153706095,0.9641473830569074,0.9615652001191777,0.9580021622908701,0.00485592814654641
112,1.494000005722046,0.28775060391069196,0.0039999961853027345,9.536743164062499e-08,0.001,"(25, 25)",2,"{'NN__alpha': 0.001, 'NN__hidden_layer_sizes': (25, 25), 'rp__n_components': 2}",0.7309678273533695,0.7304025423728814,0.7314263011521652,0.7318235995232419,0.7319560323136008,0.7313152179670533,0.0005718572616963476,171,0.731666942559179,0.7314109779514004,0.7314198695666567,0.7314198695666567,0.7313867646571987,0.7314608848602183,0.00010373889141135073
113,3.703399991989136,1.943806487839063,0.0043999671936035155,0.0008000373840332032,0.001,"(25, 25)",3,"{'NN__alpha': 0.001, 'NN__hidden_layer_sizes': (25, 25), 'rp__n_components': 3}",0.8448298689262544,0.8287870762711864,0.8303535955502582,0.8504833796848099,0.8359157727453318,0.8380740505323375,0.008368269833885151,157,0.8438338023506042,0.8324174005164536,0.8340119839772239,0.8534776707385705,0.832224318866488,0.8391930352898681,0.008329502466423583
114,6.122999906539917,2.7586169751002836,0.005199956893920899,0.0007483791930950463,0.001,"(25, 25)",4,"{'NN__alpha': 0.001, 'NN__hidden_layer_sizes': (25, 25), 'rp__n_components': 4}",0.8934198331788693,0.903072033898305,0.8865050986624288,0.908488941862005,0.8890213216792477,0.8961014884262938,0.008383658561240617,129,0.9024664790597583,0.9109779514003841,0.8819147879630549,0.9121395702982752,0.8870129440195981,0.8989023465482141,0.012358660161089116
115,5.479799890518189,1.2720229664039335,0.004400062561035156,0.0004898429878647236,0.001,"(25, 25)",5,"{'NN__alpha': 0.001, 'NN__hidden_layer_sizes': (25, 25), 'rp__n_components': 5}",0.9303587978286774,0.9139300847457628,0.929545755529069,0.9272943980929678,0.9267646669315323,0.925578685311722,0.005977241287878018,103,0.9329912266181096,0.9187909686817188,0.9300493263150925,0.9272023041016982,0.9294865428543053,0.927704073714185,0.004823413851014905
116,4.65600004196167,1.0118671772178198,0.004799985885620117,0.0004000187346471713,0.001,"(25, 25)",6,"{'NN__alpha': 0.001, 'NN__hidden_layer_sizes': (25, 25), 'rp__n_components': 6}",0.9584271150536211,0.9612023305084746,0.9664945040392001,0.9597404317308965,0.9558998808104887,0.9603527729222946,0.003531291569773145,55,0.9590134083760967,0.9640799841091174,0.963088025954249,0.9602078988313967,0.9606051577448935,0.9613988950031507,0.0018857592279092042
117,4.485399913787842,0.9220678185041958,0.004600095748901367,0.0004898235152673564,0.001,"(25, 25)",7,"{'NN__alpha': 0.001, 'NN__hidden_layer_sizes': (25, 25), 'rp__n_components': 7}",0.9598834900039719,0.9623940677966102,0.9647728777645345,0.9650377433452523,0.9582836710369488,0.9620742624079666,0.0026583289274406067,29,0.9628207250455223,0.9642455141362644,0.9638494388717846,0.9642135928758235,0.9637501241434104,0.9637758790145611,0.0005158573528470479
118,4.291599988937378,1.4605893536303163,0.004799985885620117,0.000748366450713617,0.001,"(25, 25)",8,"{'NN__alpha': 0.001, 'NN__hidden_layer_sizes': (25, 25), 'rp__n_components': 8}",0.950483251688071,0.9619968220338984,0.9672891007813534,0.9659647728777645,0.9593431333598199,0.9610148842629377,0.005975897339340642,52,0.951332560834299,0.9656690723697279,0.9655046843446883,0.9652729499784818,0.9660343628960175,0.962762726084643,0.005720466640084001
119,1.9273999691009522,0.5987428482432772,0.007400035858154297,0.000489979265096882,0.001,"(50, 50)",2,"{'NN__alpha': 0.001, 'NN__hidden_layer_sizes': (50, 50), 'rp__n_components': 2}",0.7307030319078511,0.7289459745762712,0.7310290027810886,0.7312938683618064,0.7308965699907297,0.7305736532655331,0.0008362394859842117,193,0.7316007283562325,0.7310799178971066,0.7309232959247857,0.7311881352004502,0.7311550302909922,0.7311894215339134,0.00022502071044114223
120,8.819999980926514,4.3381003930988,0.009199953079223633,0.0023999929445864205,0.001,"(50, 50)",3,"{'NN__alpha': 0.001, 'NN__hidden_layer_sizes': (50, 50), 'rp__n_components': 3}",0.8417847213027936,0.8633474576271186,0.8559131240895246,0.856575288041319,0.8506158124751688,0.8536469092642619,0.007179694605152048,150,0.8425095182916735,0.8689002184996358,0.8586420366140298,0.8575826795113716,0.8506637534346344,0.8556596412702691,0.008783965767789432
121,8.780599975585938,1.995487888599596,0.008599996566772461,0.0008000731588093807,0.001,"(50, 50)",4,"{'NN__alpha': 0.001, 'NN__hidden_layer_sizes': (50, 50), 'rp__n_components': 4}",0.9082483781278962,0.9115466101694916,0.9116673288306184,0.897364587471858,0.9176268043967687,0.9092907463319032,0.006686253462518874,121,0.9152127131269657,0.9159438522147918,0.9106167444632038,0.9039626576621312,0.9182970834574767,0.9128066101849139,0.005075193075792569
122,6.810000038146972,0.9102973786233538,0.007799911499023438,0.0003999710083007813,0.001,"(50, 50)",5,"{'NN__alpha': 0.001, 'NN__hidden_layer_sizes': (50, 50), 'rp__n_components': 5}",0.9341983317886933,0.930614406779661,0.9336511720301947,0.9335187392398357,0.9307376506422991,0.9325440966152868,0.0015426769315656306,93,0.9376593279258401,0.936436469575581,0.9360413149270037,0.9335915516271063,0.9331611878041514,0.9353779703719365,0.0017245553476953474
123,5.49500002861023,0.3283388883218404,0.00820002555847168,0.0009796470189298353,0.001,"(50, 50)",6,"{'NN__alpha': 0.001, 'NN__hidden_layer_sizes': (50, 50), 'rp__n_components': 6}",0.9633258307957103,0.9610699152542372,0.9656999072970468,0.9627863859091511,0.9607998940537678,0.9627363737486095,0.0017696748294293047,18,0.9667604701208409,0.9653049063100047,0.9632204455920813,0.9636839143244943,0.9654053696163141,0.964875021192747,0.001278854512037006
124,4.849799966812133,1.0042649350012984,0.0082000732421875,0.00039987564086914064,0.001,"(50, 50)",7,"{'NN__alpha': 0.001, 'NN__hidden_layer_sizes': (50, 50), 'rp__n_components': 7}",0.9616046603998412,0.9605402542372882,0.96411071381274,0.9631836842802278,0.9609323268441267,0.9620742624079666,0.0013605373779911705,29,0.9647078298294984,0.9623915778322187,0.9637501241434104,0.9604727381070612,0.9649419008839011,0.9632528341592181,0.0016545665685827457
125,5.850200033187866,0.602027076626693,0.008000040054321289,0.0006324850929980566,0.001,"(50, 50)",8,"{'NN__alpha': 0.001, 'NN__hidden_layer_sizes': (50, 50), 'rp__n_components': 8}",0.9637230239639878,0.9622616525423728,0.9683485631042246,0.9656999072970468,0.9614620580055622,0.9642989565125272,0.00248557673550742,8,0.967025326932627,0.9673243726411971,0.9674909789121727,0.9663323070811402,0.9654384745257721,0.9667222920185818,0.0007543853633141494
126,2.9408000469207765,0.8165731217569083,0.014799976348876953,0.0011662448921530638,0.001,"(100, 100)",2,"{'NN__alpha': 0.001, 'NN__hidden_layer_sizes': (100, 100), 'rp__n_components': 2}",0.7307030319078511,0.7310646186440678,0.7314263011521652,0.7308965699907297,0.7307641372003708,0.7309709200699189,0.0002593052124999786,183,0.7307399437179275,0.7316096139839767,0.7312543450193664,0.7307577713774953,0.7308570861058695,0.7310437520409271,0.00033866731446995427
127,12.121999931335449,6.076299616405111,0.015799903869628908,0.0007483664507136169,0.001,"(100, 100)",3,"{'NN__alpha': 0.001, 'NN__hidden_layer_sizes': (100, 100), 'rp__n_components': 3}",0.8441678803124586,0.8816207627118644,0.8661104489471593,0.8454509336511721,0.8514104092173223,0.8577519995762487,0.0142526168498433,149,0.8454891574242676,0.8873733695292326,0.8751944913430661,0.8475849968550336,0.8511272221670474,0.8613538474637294,0.01681922978975761
128,11.597999906539917,2.263623444046702,0.01620006561279297,0.0004000663757324219,0.001,"(100, 100)",4,"{'NN__alpha': 0.001, 'NN__hidden_layer_sizes': (100, 100), 'rp__n_components': 4}",0.9140738779292996,0.9063824152542372,0.9174943716064098,0.9131240895245663,0.9153754469606674,0.9132898988293872,0.003751891165617153,111,0.919483529217017,0.9141230219161756,0.9173370410831926,0.9169066772602377,0.9133313470387658,0.9162363233030778,0.002240992197887421
129,11.40319995880127,3.906653398225508,0.015999984741210938,0.0006324850894031313,0.001,"(100, 100)",5,"{'NN__alpha': 0.001, 'NN__hidden_layer_sizes': (100, 100), 'rp__n_components': 5}",0.9360518999073216,0.9290254237288136,0.9389484836445504,0.9365646934180903,0.933253873659118,0.9347687907198474,0.0033947881394294625,86,0.940142360536335,0.9351784413692644,0.940311848247095,0.9387559175025656,0.9450458502995994,0.9398868835909718,0.0031720439271099537
130,8.186399984359742,2.090933845344138,0.01659998893737793,0.0016248073080381443,0.001,"(100, 100)",6,"{'NN__alpha': 0.001, 'NN__hidden_layer_sizes': (100, 100), 'rp__n_components': 6}",0.9616046603998412,0.9642478813559322,0.9646404449741756,0.96411071381274,0.9594755661501788,0.9628158271094868,0.0019839408115934314,16,0.965270650554544,0.9681851287823611,0.9638163339623266,0.9663654119905982,0.9660343628960175,0.9659343776371696,0.0014274670596659312
131,8.469400024414062,1.7215619558785815,0.01620001792907715,0.0007482772388520198,0.001,"(100, 100)",7,"{'NN__alpha': 0.001, 'NN__hidden_layer_sizes': (100, 100), 'rp__n_components': 7}",0.9610750695088045,0.9619968220338984,0.9631836842802278,0.9649053105548934,0.9594755661501788,0.9621272313152179,0.0018432656847121689,28,0.9664293991061083,0.9647421042177051,0.9632204455920813,0.9651074254311914,0.9675240838216308,0.9654046916337433,0.0014724244428551822
132,8.023199796676636,1.7128383352854228,0.01620006561279297,0.0007483282192290589,0.001,"(100, 100)",8,"{'NN__alpha': 0.001, 'NN__hidden_layer_sizes': (100, 100), 'rp__n_components': 8}",0.9643850125777836,0.9606726694915254,0.9674215335717123,0.9658323400874056,0.9623890875380744,0.9641400497907728,0.0023991625715926376,10,0.968382718093031,0.9662318744620274,0.9668619856324693,0.9679875525540438,0.965802628529811,0.9670533518542765,0.000991534216794669
133,1.815999984741211,0.445846654844742,0.006200027465820312,0.00040009025666136835,0.001,"(25, 25, 25)",2,"{'NN__alpha': 0.001, 'NN__hidden_layer_sizes': (25, 25, 25), 'rp__n_components': 2}",0.731365020521647,0.729740466101695,0.731691166732883,0.7315587339425241,0.7312938683618064,0.7311298267916733,0.0007087571431336241,177,0.7315014070518127,0.7316096139839767,0.7313867646571987,0.7312874499288244,0.7314529744761148,0.7314476420195855,0.00010818649659301832
134,7.918200063705444,2.0399153146681765,0.006399917602539063,0.0004898429878647236,0.001,"(25, 25, 25)",3,"{'NN__alpha': 0.001, 'NN__hidden_layer_sizes': (25, 25, 25), 'rp__n_components': 3}",0.8779292996160466,0.8597722457627118,0.8680969408025427,0.8465103959740432,0.8641239570917759,0.8632872503840245,0.010315590634762771,148,0.8794570435358384,0.8642984837449513,0.8684741947230774,0.8458966464726719,0.86413745158407,0.8644527640121218,0.01082361336573734
135,5.4775999069213865,3.1222161640265433,0.006600141525268555,0.000489979265096882,0.001,"(25, 25, 25)",4,"{'NN__alpha': 0.001, 'NN__hidden_layer_sizes': (25, 25, 25), 'rp__n_components': 4}",0.8836224016946909,0.9028072033898306,0.9119321944113362,0.8778969672891008,0.8939213349225268,0.8940357010434875,0.012378290463434593,130,0.8920046349942062,0.906674170694564,0.9116098917469461,0.8798622835766544,0.8909855331545669,0.8962273028333876,0.011479390385482338
136,7.059000015258789,2.204318103572452,0.006800031661987305,0.000748353705076902,0.001,"(25, 25, 25)",5,"{'NN__alpha': 0.001, 'NN__hidden_layer_sizes': (25, 25, 25), 'rp__n_components': 5}",0.9341983317886933,0.9345868644067796,0.9347106343530658,0.9325917097073235,0.9333863064494768,0.9338948037501986,0.0007991388478833281,90,0.937891077636153,0.9410050983248361,0.9364054689310425,0.9357764756513391,0.9433574999172377,0.9388871240921217,0.0028739147332976305
137,4.099600028991699,0.8308912629310474,0.006599950790405274,0.0004899208705145337,0.001,"(25, 25, 25)",6,"{'NN__alpha': 0.001, 'NN__hidden_layer_sizes': (25, 25, 25), 'rp__n_components': 6}",0.9625314444591553,0.9594809322033898,0.9619917891669978,0.9625215203284333,0.9588134021983843,0.9610678531701891,0.0015943439844659524,50,0.9657341499751697,0.9625240018539363,0.9614989903002615,0.962591452312378,0.9652067401595656,0.9635110669202621,0.0016544392887292729
138,4.483999919891358,0.781660620005924,0.006000137329101563,1.9073486328124998e-07,0.001,"(25, 25, 25)",7,"{'NN__alpha': 0.001, 'NN__hidden_layer_sizes': (25, 25, 25), 'rp__n_components': 7}",0.9594862968356944,0.9623940677966102,0.9645080121838168,0.9647728777645345,0.9577539398755132,0.9617829334180836,0.0027656841044350097,37,0.9635490812779341,0.9651062702774283,0.9649750057933592,0.9639487536001589,0.9631542357731652,0.9641466693444091,0.0007730694348708882
139,4.407400035858155,0.665988718527956,0.006800079345703125,0.0003998995218167223,0.001,"(25, 25, 25)",8,"{'NN__alpha': 0.001, 'NN__hidden_layer_sizes': (25, 25, 25), 'rp__n_components': 8}",0.9639878194095062,0.961864406779661,0.9646404449741756,0.9656999072970468,0.9618593563766389,0.9636103607182583,0.0015286358600883874,12,0.9652375434530707,0.9643448321525525,0.9645115370609462,0.9660343628960175,0.9671268249081338,0.9654510200941442,0.0010296079843476488
140,4.5446000576019285,0.8139130998448046,0.015799951553344727,0.0007483791930950463,0.001,"(100, 25, 100)",2,"{'NN__alpha': 0.001, 'NN__hidden_layer_sizes': (100, 25, 100), 'rp__n_components': 2}",0.7316298159671654,0.7286811440677966,0.7308965699907297,0.7312938683618064,0.7315587339425241,0.7308120133481646,0.0010960503566807738,187,0.7312696573414997,0.7308812818645303,0.7317840235706955,0.7315191842950309,0.731055715562618,0.7313019725268749,0.00032193836618484543
141,15.28860011100769,8.264298981105455,0.018400001525878906,0.0038262321134797,0.001,"(100, 25, 100)",3,"{'NN__alpha': 0.001, 'NN__hidden_layer_sizes': (100, 25, 100), 'rp__n_components': 3}",0.8891831060505759,0.8597722457627118,0.8441266057475831,0.9235862799629189,0.8842537412263276,0.880184331797235,0.027195083363513693,140,0.8893229597748717,0.8670462821955903,0.8481808852252789,0.9299831164961764,0.8927069884463866,0.8854480464276608,0.027490165112724355
142,11.309599876403809,2.2877320845816493,0.016800069808959962,0.0007483664507136169,0.001,"(100, 25, 100)",4,"{'NN__alpha': 0.001, 'NN__hidden_layer_sizes': (100, 25, 100), 'rp__n_components': 4}",0.9127499007017079,0.913135593220339,0.9157727453317441,0.9115348960402596,0.9139186862667197,0.9134223210975158,0.0014047743231211357,110,0.917861281244827,0.9214063431106403,0.9142251795941339,0.9186612374615155,0.9145231237792565,0.9173354330380746,0.002690328692835
143,9.129999923706055,1.0948438941938325,0.01640000343322754,0.0004898624411217046,0.001,"(100, 25, 100)",5,"{'NN__alpha': 0.001, 'NN__hidden_layer_sizes': (100, 25, 100), 'rp__n_components': 5}",0.9363166953528399,0.934322033898305,0.9372268573698848,0.936961991789167,0.9312673818037346,0.9352190264314847,0.002222284628603382,85,0.9407051812613806,0.9387869959610673,0.9403780580660112,0.9397821696957659,0.9391862813255206,0.9397677372619491,0.0007143452297524196
144,6.481000089645386,1.4703078642186036,0.015999984741210938,9.5367431640625e-08,0.001,"(100, 25, 100)",6,"{'NN__alpha': 0.001, 'NN__hidden_layer_sizes': (100, 25, 100), 'rp__n_components': 6}",0.9600158877267311,0.9610699152542372,0.9649053105548934,0.9630512514898689,0.9589458349887432,0.9615975422427036,0.0021384600535874717,44,0.9649395795398112,0.9658346023968748,0.9644784321514881,0.964412222332572,0.9632535505015394,0.9645836773844572,0.0008368023242580041
145,6.8826000690460205,1.9018156524533198,0.016000032424926758,0.0,0.001,"(100, 25, 100)",7,"{'NN__alpha': 0.001, 'NN__hidden_layer_sizes': (100, 25, 100), 'rp__n_components': 7}",0.9625314444591553,0.9619968220338984,0.9638458482320222,0.9594755661501788,0.9607998940537678,0.9617299645108321,0.0014924600233170643,39,0.9659327925840093,0.9654042243262928,0.9648425861555269,0.960373423378687,0.9664316218095144,0.964596929650806,0.002177186355622405
146,8.88319993019104,1.6650829560766858,0.016000032424926758,0.0,0.001,"(100, 25, 100)",8,"{'NN__alpha': 0.001, 'NN__hidden_layer_sizes': (100, 25, 100), 'rp__n_components': 8}",0.9635906262412286,0.964645127118644,0.9675539663620712,0.9664945040392001,0.96291881869951,0.9650405212140474,0.0017430431137928381,3,0.9669922198311538,0.9695424750049659,0.9678220280067534,0.9675902936405469,0.9704704207633992,0.9684834874493639,0.0013060292125976897
147,0.8528000831604003,0.6439524211615147,0.003000020980834961,1.5078914929239175e-07,0.0001,"(25,)",2,"{'NN__alpha': 0.0001, 'NN__hidden_layer_sizes': (25,), 'rp__n_components': 2}",0.7307030319078511,0.730667372881356,0.7307641372003708,0.7307641372003708,0.7301019732485764,0.7306001377191589,0.0002518116323989319,191,0.7307068366164542,0.7316096139839767,0.7306584566491211,0.7306915615585792,0.7305591419207469,0.7308451221457755,0.0003856890480645493
148,3.1860000133514403,0.6323459757725614,0.00279998779296875,0.0004000663757324219,0.0001,"(25,)",3,"{'NN__alpha': 0.0001, 'NN__hidden_layer_sizes': (25,), 'rp__n_components': 3}",0.8337084602144843,0.8305084745762712,0.8336644153092305,0.8290292676466693,0.8397563236657396,0.8333333333333334,0.003687970689990454,162,0.8351597417646085,0.8352645169833808,0.8324560532326944,0.8294435064720098,0.8341775085245142,0.8333002653954417,0.002175903294952132
149,3.233200025558472,0.8006890789508322,0.003200054168701172,0.0004000663757324219,0.0001,"(25,)",4,"{'NN__alpha': 0.0001, 'NN__hidden_layer_sizes': (25,), 'rp__n_components': 4}",0.8800476631801933,0.8755296610169492,0.8869023970335055,0.8810753542577142,0.8842537412263276,0.8815615233857725,0.0038648145104483553,138,0.8853501075980797,0.8785340660795868,0.8812195848644354,0.8836362432548747,0.8826430959711326,0.8822766195536218,0.002304484288216369
150,3.619600009918213,1.9918240077154528,0.0026000022888183595,0.0004899208473093904,0.0001,"(25,)",5,"{'NN__alpha': 0.0001, 'NN__hidden_layer_sizes': (25,), 'rp__n_components': 5}",0.9205613663444989,0.8990995762711864,0.9012051383922659,0.9215997881075354,0.9114024632499007,0.9107738757349436,0.009394134725114944,115,0.920476742261215,0.8988611534132291,0.8999569636177045,0.923891813155891,0.9114112622901976,0.9109195869476474,0.010251288160091474
151,2.7680001258850098,0.30105271857277377,0.0029998779296875,1.1680077279964342e-07,0.0001,"(25,)",6,"{'NN__alpha': 0.0001, 'NN__hidden_layer_sizes': (25,), 'rp__n_components': 6}",0.9533960015887727,0.9528601694915254,0.9562971791815653,0.9540458217454642,0.9531187922129519,0.95394353514487,0.0012412413598325842,79,0.9532858798212217,0.9549758326160366,0.9537193365776144,0.9535538120303241,0.9554738967788923,0.9542017515648178,0.0008612695084007886
152,2.885599946975708,0.5911576907616901,0.00260009765625,0.0004899014056540585,0.0001,"(25,)",7,"{'NN__alpha': 0.0001, 'NN__hidden_layer_sizes': (25,), 'rp__n_components': 7}",0.9506156494108301,0.954051906779661,0.9584161038273077,0.9576215070851543,0.9507350019864919,0.9542878330420044,0.0032960117588456063,78,0.9528885946035425,0.9547109845726015,0.9560035753302215,0.9550766378653954,0.9558711556923892,0.9549101896128299,0.0011201055471222296
153,3.16680006980896,1.2158515147394942,0.0029999256134033204,1.1680077279964343e-07,0.0001,"(25,)",8,"{'NN__alpha': 0.0001, 'NN__hidden_layer_sizes': (25,), 'rp__n_components': 8}",0.952072024361181,0.9582891949152542,0.9621242219573567,0.9539133889551052,0.9557674480201298,0.9564330737856878,0.0035112838073619447,70,0.9526568448932295,0.9633847579951003,0.9600423742841063,0.953057238388453,0.9597775350084418,0.9577837501138662,0.004220732658336376
154,1.2583999633789062,0.3434086408249318,0.004199981689453125,0.0003999471771024199,0.0001,"(50,)",2,"{'NN__alpha': 0.0001, 'NN__hidden_layer_sizes': (50,), 'rp__n_components': 2}",0.7304382364623329,0.731197033898305,0.7314263011521652,0.7320884651039598,0.7310290027810886,0.7312357646061761,0.0005373561055249023,175,0.7307730508194008,0.7312454479242535,0.7312212401099083,0.7314529744761148,0.7316516039328632,0.7312688634525081,0.0002929278345219442
155,4.048200035095215,1.0530464133764468,0.004199981689453125,0.0003999471771024199,0.0001,"(50,)",3,"{'NN__alpha': 0.0001, 'NN__hidden_layer_sizes': (50,), 'rp__n_components': 3}",0.8325168807096518,0.8248146186440678,0.8335319825188717,0.8367103694874851,0.8364455039067673,0.8328036442608189,0.004311936253924295,165,0.8323787452408542,0.8305965702178375,0.8371900552851987,0.8364286423676631,0.8335485152448108,0.8340285056712731,0.002469264399228686
156,3.92719988822937,1.557967115536988,0.00520014762878418,0.0003999471771024199,0.0001,"(50,)",4,"{'NN__alpha': 0.0001, 'NN__hidden_layer_sizes': (50,), 'rp__n_components': 4}",0.8820336290215808,0.8744703389830508,0.8920672758575023,0.8806780558866375,0.8928618725996557,0.8844218443773505,0.007048880318846394,135,0.8875351762953153,0.8786664901013044,0.8873439931141789,0.8852252789088622,0.8901248055086569,0.8857791487856636,0.0038810768645275696
157,6.106600046157837,0.9530471030817218,0.004799938201904297,0.0007482899888297624,0.0001,"(50,)",5,"{'NN__alpha': 0.0001, 'NN__hidden_layer_sizes': (50,), 'rp__n_components': 5}",0.9246656957500331,0.913135593220339,0.9266322341411733,0.9238511455436366,0.9208051913653821,0.9218178928968696,0.004729336444397226,106,0.9245820228439,0.9182943786002781,0.9234945542423941,0.9251166948058397,0.9233290296951038,0.9229633360375031,0.0024278463355579738
158,3.7983999252319336,0.8840546903993537,0.004599952697753906,0.0004898040465379741,0.0001,"(50,)",6,"{'NN__alpha': 0.0001, 'NN__hidden_layer_sizes': (50,), 'rp__n_components': 6}",0.9575003309943069,0.9552436440677966,0.9596079989405377,0.9539133889551052,0.958018805456231,0.9568568250436994,0.0020296917329922204,68,0.9590465154775699,0.9594451433490035,0.9574932962558348,0.9537524414870725,0.9623928228556294,0.9584260438850221,0.0028238789503154524
159,4.523400020599365,0.47139390743512116,0.004799938201904297,0.0007482899888297624,0.0001,"(50,)",7,"{'NN__alpha': 0.0001, 'NN__hidden_layer_sizes': (50,), 'rp__n_components': 7}",0.9577651264398253,0.957759533898305,0.9631836842802278,0.9598728645212554,0.9585485366176665,0.9594258170453943,0.0020310042189210053,59,0.9595100148981957,0.9593789313381448,0.959876849736816,0.9590492270003641,0.9630218161353329,0.9601673678217706,0.001451637680953802
160,4.345600032806397,1.8407945725772585,0.004999971389770508,1.1680077279964342e-07,0.0001,"(50,)",8,"{'NN__alpha': 0.0001, 'NN__hidden_layer_sizes': (50,), 'rp__n_components': 8}",0.951277638024626,0.9535222457627118,0.9660972056681234,0.9656999072970468,0.958018805456231,0.9589226124265057,0.006096516228196738,61,0.9530872372123821,0.9551744686486129,0.9627569768596683,0.9643791174231139,0.96169761975701,0.9594190839801575,0.00445071294783438
161,1.6810000896453858,0.5574739326342767,0.0043999671936035155,0.0004899208473093903,0.0001,"(25, 25)",2,"{'NN__alpha': 0.0001, 'NN__hidden_layer_sizes': (25, 25), 'rp__n_components': 2}",0.7309678273533695,0.729343220338983,0.7314263011521652,0.7318235995232419,0.7319560323136008,0.7311033423380475,0.0009451568118714316,179,0.7317000496606522,0.7311792359133947,0.731552289204489,0.7313867646571987,0.7314198695666567,0.7314476418004782,0.0001738849336832702
162,2.710199975967407,0.8261903466564109,0.004999971389770508,1.1680077279964342e-07,0.0001,"(25, 25)",3,"{'NN__alpha': 0.0001, 'NN__hidden_layer_sizes': (25, 25), 'rp__n_components': 3}",0.8382099827882961,0.8287870762711864,0.8303535955502582,0.8406833531982519,0.8359157727453318,0.834789978282748,0.004547783840738525,160,0.8390001655355074,0.8334436866847647,0.8343430330718046,0.8405998609593803,0.8330519416029397,0.8360877375708793,0.0031013722820267538
163,6.348199892044067,2.735349818329367,0.005000066757202148,9.536743164062499e-08,0.0001,"(25, 25)",4,"{'NN__alpha': 0.0001, 'NN__hidden_layer_sizes': (25, 25), 'rp__n_components': 4}",0.8824308221898584,0.8996292372881356,0.9087538074427228,0.8805456230962786,0.9132565223149252,0.8969225064886911,0.013358915095468278,128,0.888859460354246,0.9066410646891346,0.9105174297348296,0.8873108882047207,0.9116429966564041,0.900994367927867,0.010681393012573287
164,5.947599983215332,1.504935931309033,0.004999876022338867,0.0,0.0001,"(25, 25)",5,"{'NN__alpha': 0.0001, 'NN__hidden_layer_sizes': (25, 25), 'rp__n_components': 5}",0.9312855818879915,0.9157838983050848,0.9344457687723481,0.9275592636736856,0.9225268176400476,0.9263202500132423,0.006597310163659404,101,0.9339513325608343,0.9196517248228828,0.9358757903797134,0.9284933955705631,0.9291885986691827,0.9294321684006353,0.005631000020142891
165,4.217400074005127,1.1500063131189695,0.0043999671936035155,0.0004899208473093903,0.0001,"(25, 25)",6,"{'NN__alpha': 0.0001, 'NN__hidden_layer_sizes': (25, 25), 'rp__n_components': 6}",0.9585595127763803,0.957229872881356,0.9635809826513044,0.9606674612634089,0.9532512250033108,0.9586577678902484,0.003451135924982304,62,0.9592120509849362,0.9603058994901675,0.960770682292184,0.9623928228556294,0.9583540239017446,0.9602070959049323,0.0013804915290694495
166,4.218000030517578,0.8241544425802673,0.005000019073486328,0.0006324850929980566,0.0001,"(25, 25)",7,"{'NN__alpha': 0.0001, 'NN__hidden_layer_sizes': (25, 25), 'rp__n_components': 7}",0.959089103667417,0.9614671610169492,0.9651701761356112,0.9646404449741756,0.9597404317308965,0.9620212935007151,0.00248525293416633,33,0.9631849031617282,0.962590213864795,0.9639818585096169,0.9641804879663655,0.9648756910649849,0.963762630913498,0.0007962285158939758
167,5.203399991989135,1.8598472965606352,0.005200004577636719,0.0007483027355517388,0.0001,"(25, 25)",8,"{'NN__alpha': 0.0001, 'NN__hidden_layer_sizes': (25, 25), 'rp__n_components': 8}",0.9514100357473851,0.9623940677966102,0.9668918024102768,0.966626936829559,0.9623890875380744,0.961941840139838,0.005617696482687968,34,0.9516636318490316,0.9660332384294511,0.9658357334392691,0.9659681530771014,0.9673916641837984,0.9633784841957305,0.005884480570501616
168,2.1026000022888183,0.538594324944998,0.007799863815307617,0.0007483282192290589,0.0001,"(50, 50)",2,"{'NN__alpha': 0.0001, 'NN__hidden_layer_sizes': (50, 50), 'rp__n_components': 2}",0.730570634185092,0.7289459745762712,0.7310290027810886,0.7312938683618064,0.7315587339425241,0.730679591080036,0.0009262478481080475,189,0.7315014070518127,0.7310799178971066,0.7309232959247857,0.7311881352004502,0.7311881352004502,0.7311761782549211,0.00018935429057806414
169,6.470399951934814,1.9729961765969988,0.00820002555847168,0.0007483027355517388,0.0001,"(50, 50)",3,"{'NN__alpha': 0.0001, 'NN__hidden_layer_sizes': (50, 50), 'rp__n_components': 3}",0.8415199258572753,0.847457627118644,0.8450536352800954,0.8557806912991657,0.8535293338630645,0.8486678319826262,0.005288651208723807,154,0.8420129117695746,0.852314109779514,0.8520210547224153,0.8585427218856556,0.8563246929519648,0.8522430982218248,0.005675486492835
170,8.753800010681152,1.951389620765956,0.008799982070922852,0.0007483154790181156,0.0001,"(50, 50)",4,"{'NN__alpha': 0.0001, 'NN__hidden_layer_sizes': (50, 50), 'rp__n_components': 4}",0.9081159804051371,0.9058527542372882,0.9174943716064098,0.9009402728115481,0.9155078797510263,0.9095820753217861,0.006139137540300244,120,0.9140208574739281,0.9144540819704694,0.9173701459926508,0.9065117356904029,0.9147217532360049,0.9134157148726911,0.0036456163823420135
171,7.128999996185303,1.9257652404388155,0.007999944686889648,9.5367431640625e-08,0.0001,"(50, 50)",5,"{'NN__alpha': 0.0001, 'NN__hidden_layer_sizes': (50, 50), 'rp__n_components': 5}",0.9294320137693631,0.9284957627118644,0.9368295589988082,0.9292808899483512,0.9336511720301947,0.9315376873775094,0.003201541873746137,96,0.93279258400927,0.9339866251738065,0.9369351474823716,0.930281060681299,0.9389876518687721,0.9345966138431038,0.0030659603205276096
172,4.255199861526489,1.2026821947657025,0.00820016860961914,0.0004000663757324219,0.0001,"(50, 50)",6,"{'NN__alpha': 0.0001, 'NN__hidden_layer_sizes': (50, 50), 'rp__n_components': 6}",0.956838342380511,0.9601430084745762,0.9667593696199179,0.9602701628923321,0.9613296252152033,0.9610678531701891,0.0032200318344253755,50,0.9605363350438669,0.9644110441634113,0.9638825437812427,0.9599761644651902,0.9655377892541464,0.9628687753415714,0.0022062379861713132
173,4.540600061416626,1.2799400992516365,0.008400058746337891,0.0007999658637887706,0.0001,"(50, 50)",7,"{'NN__alpha': 0.0001, 'NN__hidden_layer_sizes': (50, 50), 'rp__n_components': 7}",0.962266649013637,0.9557733050847458,0.9634485498609455,0.9625215203284333,0.9601377301019732,0.9608294930875576,0.0027507210484652165,53,0.9665287204105281,0.9583526451698338,0.9636508094150362,0.9604396331976032,0.9648094812460688,0.9627562578878142,0.0029666808727691835
174,6.217599964141845,1.0691900506554042,0.00860004425048828,0.0004899208705145337,0.0001,"(50, 50)",8,"{'NN__alpha': 0.0001, 'NN__hidden_layer_sizes': (50, 50), 'rp__n_components': 8}",0.9641202171322654,0.9634533898305084,0.967951264733148,0.966626936829559,0.9614620580055622,0.9647227077705387,0.002308846459654304,6,0.9669922198311538,0.9690458849235252,0.9674578740027147,0.9667957758135531,0.9651405303406495,0.9670864569823193,0.0012535800841679782
175,3.7064000606536864,1.3195432417737307,0.014999866485595703,0.0006325604812815834,0.0001,"(100, 100)",2,"{'NN__alpha': 0.0001, 'NN__hidden_layer_sizes': (100, 100), 'rp__n_components': 2}",0.7307030319078511,0.728416313559322,0.7310290027810886,0.7306317044100119,0.7310290027810886,0.7303617776365273,0.0009863741418830595,196,0.7307399437179275,0.731543401973118,0.7314529744761148,0.7306915615585792,0.7308901910153276,0.7310636145482133,0.0003619555447245557
176,17.21640000343323,8.61625332737275,0.026799964904785156,0.009683055928809694,0.0001,"(100, 100)",3,"{'NN__alpha': 0.0001, 'NN__hidden_layer_sizes': (100, 100), 'rp__n_components': 3}",0.8914338673374818,0.889698093220339,0.8458482320222487,0.8814726526287909,0.8458482320222487,0.870861804120981,0.020697594735416307,145,0.8942559178943883,0.8931007084685162,0.8480815704969047,0.8899592809613666,0.8461283808388784,0.8743051717320107,0.02226191553387404
177,9.71419997215271,2.3371453557320216,0.01619997024536133,0.0007483537202684933,0.0001,"(100, 100)",4,"{'NN__alpha': 0.0001, 'NN__hidden_layer_sizes': (100, 100), 'rp__n_components': 4}",0.9090427644644512,0.9079713983050848,0.917229506025692,0.9100781353463118,0.9143159846377963,0.9117273160654695,0.0034930720376489597,113,0.9139215361695083,0.9115407534926836,0.9182308736385606,0.9148541728738372,0.9154169563346244,0.9147928585018427,0.0021701887122929924
178,10.81380000114441,2.9568047722010076,0.01620001792907715,0.0004000902282460696,0.0001,"(100, 100)",5,"{'NN__alpha': 0.0001, 'NN__hidden_layer_sizes': (100, 100), 'rp__n_components': 5}",0.935654706739044,0.9286281779661016,0.9365646934180903,0.9382863196927559,0.9339160376109125,0.9346098839980931,0.0033073259770085616,87,0.9402085747392815,0.9350129113421175,0.9391862813255206,0.9386897076836495,0.9446154864766445,0.9395425923134427,0.003083834210732162
179,8.388399982452393,1.3205698266579229,0.016000032424926758,0.0008943623635896795,0.0001,"(100, 100)",6,"{'NN__alpha': 0.0001, 'NN__hidden_layer_sizes': (100, 100), 'rp__n_components': 6}",0.9604130808950087,0.9610699152542372,0.9680836975235069,0.9635809826513044,0.9601377301019732,0.9626569203877324,0.002973270140732606,19,0.9648402582353915,0.9667284645434682,0.964908795974443,0.9666302512662628,0.9659350481676433,0.9658085636374418,0.0008105040125334222
180,6.733000087738037,1.943143545520095,0.01620001792907715,0.0003999710083007813,0.0001,"(100, 100)",7,"{'NN__alpha': 0.0001, 'NN__hidden_layer_sizes': (100, 100), 'rp__n_components': 7}",0.9625314444591553,0.9596133474576272,0.9625215203284333,0.9651701761356112,0.9585485366176665,0.9616769956035807,0.002353298599740505,42,0.9666280417149479,0.963186121962524,0.9632535505015394,0.9648425861555269,0.9632535505015394,0.9642327701672155,0.0013507343261096275
181,7.669400072097778,1.4347066981065613,0.01640000343322754,0.0010197299880985327,0.0001,"(100, 100)",8,"{'NN__alpha': 0.0001, 'NN__hidden_layer_sizes': (100, 100), 'rp__n_components': 8}",0.9641202171322654,0.965042372881356,0.9672891007813534,0.9680836975235069,0.9625215203284333,0.9654113035648074,0.0020406115837274387,2,0.9666280417149479,0.9690458849235252,0.9659681530771014,0.9675571887310889,0.965802628529811,0.9670003793952949,0.0011943921599200866
182,1.5697999954223634,0.28315185787151936,0.006200075149536133,0.0004000663757324219,0.0001,"(25, 25, 25)",2,"{'NN__alpha': 0.0001, 'NN__hidden_layer_sizes': (25, 25, 25), 'rp__n_components': 2}",0.7316298159671654,0.7296080508474576,0.731691166732883,0.7306317044100119,0.7314263011521652,0.7309974045235447,0.0007911201773234369,182,0.7313689786459195,0.7315102959676886,0.7313867646571987,0.7314198695666567,0.7313867646571987,0.7314145346989325,5.062881750411818e-05
183,9.453800010681153,3.1926274101622285,0.006600046157836914,0.0011998891960722533,0.0001,"(25, 25, 25)",3,"{'NN__alpha': 0.0001, 'NN__hidden_layer_sizes': (25, 25, 25), 'rp__n_components': 3}",0.8638951410035748,0.8579184322033898,0.863991524301417,0.85525096013773,0.883856442855251,0.8649822554160708,0.010029566087687215,146,0.8652209899023341,0.8654240879295504,0.8668851590690899,0.8565233224087132,0.8895289171384116,0.8687164952896198,0.01102943937474205
184,4.286399936676025,2.818798389068152,0.006400060653686523,0.0004898235384771108,0.0001,"(25, 25, 25)",4,"{'NN__alpha': 0.0001, 'NN__hidden_layer_sizes': (25, 25, 25), 'rp__n_components': 4}",0.9081159804051371,0.8881091101694916,0.8833267116938154,0.8785591312408952,0.8871672626142233,0.8890566237618518,0.010107537084264042,133,0.9148816421122331,0.890683970072171,0.8780746184659185,0.8797629688482802,0.8899261760519085,0.8906658751101022,0.013148109844837884
185,6.001999950408935,1.1107311561595168,0.006600046157836914,0.0004899013824479931,0.0001,"(25, 25, 25)",5,"{'NN__alpha': 0.0001, 'NN__hidden_layer_sizes': (25, 25, 25), 'rp__n_components': 5}",0.9316827750562691,0.9335275423728814,0.9339160376109125,0.9317971129651702,0.9310025162230168,0.9323851898935325,0.001131306014790726,95,0.937891077636153,0.9413692643845594,0.9358426854702553,0.9363723640215844,0.9359751051080876,0.937490099324128,0.002072062608122921
186,3.748400115966797,0.6741962516638742,0.006199932098388672,0.0004001379119606201,0.0001,"(25, 25, 25)",6,"{'NN__alpha': 0.0001, 'NN__hidden_layer_sizes': (25, 25, 25), 'rp__n_components': 6}",0.9617370581226002,0.9601430084745762,0.9625215203284333,0.9630512514898689,0.9602701628923321,0.9615445733354521,0.0011704517588158202,46,0.9642443304088727,0.9627888498973713,0.9593140662760288,0.962591452312378,0.9653060548879399,0.9628489507565181,0.002027302194506983
187,4.187200021743775,0.5852538806470942,0.006200027465820312,0.0004000902282460696,0.0001,"(25, 25, 25)",7,"{'NN__alpha': 0.0001, 'NN__hidden_layer_sizes': (25, 25, 25), 'rp__n_components': 7}",0.9613398649543228,0.9625264830508474,0.9646404449741756,0.9645080121838168,0.9577539398755132,0.9621537157688437,0.0025252140756149063,26,0.9645422943221321,0.9652055882937165,0.9627900817691264,0.9646108517893204,0.963088025954249,0.964047368425709,0.0009386209161351486
188,4.0706000328063965,0.7612248896941227,0.006400012969970703,0.0004898624411217046,0.0001,"(25, 25, 25)",8,"{'NN__alpha': 0.0001, 'NN__hidden_layer_sizes': (25, 25, 25), 'rp__n_components': 8}",0.9633258307957103,0.9584216101694916,0.96411071381274,0.9667593696199179,0.960402595682691,0.962603951480481,0.002911905710719275,20,0.9647409369309717,0.9607362775607495,0.9648425861555269,0.9653060548879399,0.9669281954513854,0.9645108101973147,0.002043834426222092
189,3.8952001094818116,0.22384230386487722,0.014799880981445312,0.00039997103672454983,0.0001,"(100, 25, 100)",2,"{'NN__alpha': 0.0001, 'NN__hidden_layer_sizes': (100, 25, 100), 'rp__n_components': 2}",0.7314974182444062,0.7300052966101694,0.7311614355714475,0.7320884651039598,0.7320884651039598,0.7313681868743048,0.0007687046017336292,170,0.7312365502400265,0.7314440839568298,0.7315853941139471,0.7314529744761148,0.7312874499288244,0.7314012905431485,0.00012529619539678277
190,19.95160002708435,6.8175507821662595,0.01899995803833008,0.002607565104397002,0.0001,"(100, 25, 100)",3,"{'NN__alpha': 0.0001, 'NN__hidden_layer_sizes': (100, 25, 100), 'rp__n_components': 3}",0.8654839136766848,0.9151218220338984,0.9125943583631307,0.9208051913653821,0.8814726526287909,0.8990942316860003,0.021683278343204597,127,0.8645588478728687,0.9227967953386744,0.9154500612440825,0.9274009335584468,0.8854570132750686,0.9031327302578281,0.02419798819188136
191,11.971800088882446,2.337282610793125,0.017199993133544922,0.0004000663757324219,0.0001,"(100, 25, 100)",4,"{'NN__alpha': 0.0001, 'NN__hidden_layer_sizes': (100, 25, 100), 'rp__n_components': 4}",0.9157950483251688,0.9171080508474576,0.9155078797510263,0.9057078532644682,0.9188186995099987,0.9145876370570475,0.0045913500434616155,109,0.919351100811124,0.9228961133549626,0.9139603403184692,0.912934088125269,0.9216737842222001,0.918163085366405,0.004028484061758187
192,9.400399971008301,1.9954282540649104,0.01659998893737793,0.0004898624411217046,0.0001,"(100, 25, 100)",5,"{'NN__alpha': 0.0001, 'NN__hidden_layer_sizes': (100, 25, 100), 'rp__n_components': 5}",0.9359195021845624,0.9363082627118644,0.9345782015627069,0.9356376638855781,0.9288835915772745,0.9342655861009588,0.002751451487371077,89,0.9404072173481212,0.9410382043302655,0.9391862813255206,0.9388221273214817,0.9373324063958685,0.9393572473442514,0.001291790778913827
193,6.8744001388549805,2.0137101520862712,0.01699995994567871,0.000894468993974664,0.0001,"(100, 25, 100)",6,"{'NN__alpha': 0.0001, 'NN__hidden_layer_sizes': (100, 25, 100), 'rp__n_components': 6}",0.9608102740632861,0.9613347457627118,0.9650377433452523,0.9614620580055622,0.96172692358628,0.9620742624079666,0.0015114097510078323,29,0.9668266843237875,0.9660663444348805,0.9644784321514881,0.9616314099380938,0.9679875525540438,0.9653980846804586,0.0022012001861457238
194,8.298800039291383,1.5127359516838301,0.01640000343322754,0.0004899597886342959,0.0001,"(100, 25, 100)",7,"{'NN__alpha': 0.0001, 'NN__hidden_layer_sizes': (100, 25, 100), 'rp__n_components': 7}",0.9618694558453594,0.9638506355932204,0.9650377433452523,0.9637134154416633,0.96053502847305,0.9630012182848667,0.0015961560008004563,15,0.9657341499751697,0.9665298285108919,0.9651074254311914,0.9664647267189724,0.9661998874433079,0.9660072036159066,0.0005298585283730629
195,7.332600116729736,2.1056656673699723,0.01619997024536133,0.0003999948608169695,0.0001,"(100, 25, 100)",8,"{'NN__alpha': 0.0001, 'NN__hidden_layer_sizes': (100, 25, 100), 'rp__n_components': 8}",0.9633258307957103,0.9672934322033898,0.9662296384584823,0.9667593696199179,0.9635809826513044,0.9654377880184332,0.0016568437858516488,1,0.967886111570932,0.9710322452492882,0.9658357334392691,0.9664316218095144,0.9669281954513854,0.9676227815040777,0.0018324103111747347
